rank,laureates,discovery,plot_label,discovery_short,probability_pct_reported,probability_reconstructed,probability_pct_reconstructed,relative_family_weight_T,exact_option_alignment_q_pct,unnormalized_score,with_other_probability_pct_reported,with_other_named_rank,probability_unit,source_pdf,source_pages,with_other_source_pdf,with_other_probability_unit,calculation_option_id,maturity_multiplier_M,secondary_multiplier_K,profiles_only_probability_pct_reported,probability_reconstruction_method
1,Immanuel Bloch; J. Ignacio Cirac; Peter Zoller,theoretical proposals and experimental realizations of quantum simulators using ultracold atoms in optical lattices,Bloch · Cirac · Zoller,Ultracold-atom quantum simulation,8.7,0.08691308691308691,8.691308691308691,,,,,,"Discovery matching the official Nobel motivation; conditional on one of the 30 listed discoveries. Named people need not exactly match the laureates; no Other option. Resolution uses larger prize share, then first-mentioned discovery, then most-specific option; an unmatched discovery annuls the question.",Which discovery will the 2026 Nobel Prize in Physics be awarded for_.pdf,"1 (chart); 2 (labels); 7 (M, K and profiles-only table); 27 (resolution criteria)",,,7,0.90,1.30,7,Approximate normalization of rounded chart percentages: probability_reconstructed = probability_pct_reported / 100.1; probability_pct_reconstructed = 100 * probability_reconstructed. Original full-precision JSON probabilities are not included in this PDF.
2,John Preskill; Peter W. Shor; Alexei Y. Kitaev,the discovery of quantum error correction and fault-tolerant quantum computation,Preskill · Shor · Kitaev,Quantum error correction / fault tolerance,6.2,0.061938061938061936,6.193806193806194,,,,,,"Discovery matching the official Nobel motivation; conditional on one of the 30 listed discoveries. Named people need not exactly match the laureates; no Other option. Resolution uses larger prize share, then first-mentioned discovery, then most-specific option; an unmatched discovery annuls the question.",Which discovery will the 2026 Nobel Prize in Physics be awarded for_.pdf,"1 (chart); 2 (labels); 7 (M, K and profiles-only table); 27 (resolution criteria)",,,11,1.00,1.00,6,Approximate normalization of rounded chart percentages: probability_reconstructed = probability_pct_reported / 100.1; probability_pct_reconstructed = 100 * probability_reconstructed. Original full-precision JSON probabilities are not included in this PDF.
3,Eugene J. Mele; Charles L. Kane; Laurens W. Molenkamp,the theoretical prediction and experimental discovery of topological insulators and the quantum spin Hall effect,Mele · Kane · Molenkamp,Topological insulators / quantum spin Hall effect,5.3,0.052947052947052944,5.294705294705294,,,,,,"Discovery matching the official Nobel motivation; conditional on one of the 30 listed discoveries. Named people need not exactly match the laureates; no Other option. Resolution uses larger prize share, then first-mentioned discovery, then most-specific option; an unmatched discovery annuls the question.",Which discovery will the 2026 Nobel Prize in Physics be awarded for_.pdf,"1 (chart); 2 (labels); 6 (M, K and profiles-only table); 27 (resolution criteria)",,,1,0.90,1.15,5,Approximate normalization of rounded chart percentages: probability_reconstructed = probability_pct_reported / 100.1; probability_pct_reconstructed = 100 * probability_reconstructed. Original full-precision JSON probabilities are not included in this PDF.
4,Chihaya Adachi; Mark E. Thompson; Stephen R. Forrest,the development of highly efficient organic light-emitting diodes based on phosphorescent and thermally activated delayed fluorescence emitters,Adachi · Thompson · Forrest,Efficient organic light-emitting diodes,5.2,0.05194805194805195,5.194805194805195,,,,,,"Discovery matching the official Nobel motivation; conditional on one of the 30 listed discoveries. Named people need not exactly match the laureates; no Other option. Resolution uses larger prize share, then first-mentioned discovery, then most-specific option; an unmatched discovery annuls the question.",Which discovery will the 2026 Nobel Prize in Physics be awarded for_.pdf,"1 (chart); 2 (labels); 7 (M, K and profiles-only table); 27 (resolution criteria)",,,16,1.00,1.10,5,Approximate normalization of rounded chart percentages: probability_reconstructed = probability_pct_reported / 100.1; probability_pct_reconstructed = 100 * probability_reconstructed. Original full-precision JSON probabilities are not included in this PDF.
5,George Efstathiou; John Richard Bond,pioneering theoretical studies of fluctuations in the cosmic microwave background,Efstathiou · Bond,Cosmic microwave background fluctuations,5.1,0.05094905094905095,5.094905094905095,,,,,,"Discovery matching the official Nobel motivation; conditional on one of the 30 listed discoveries. Named people need not exactly match the laureates; no Other option. Resolution uses larger prize share, then first-mentioned discovery, then most-specific option; an unmatched discovery annuls the question.",Which discovery will the 2026 Nobel Prize in Physics be awarded for_.pdf,"1 (chart); 2 (labels); 8 (M, K and profiles-only table); 27 (resolution criteria)",,,22,1.00,1.00,5,Approximate normalization of rounded chart percentages: probability_reconstructed = probability_pct_reported / 100.1; probability_pct_reconstructed = 100 * probability_reconstructed. Original full-precision JSON probabilities are not included in this PDF.
6,Simon White; Carlos Frenk; Marc Davis,numerical simulations that established the cold dark matter model of the formation of cosmic structure,White · Frenk · Davis,Cold dark matter structure-formation simulations,4.9,0.04895104895104895,4.895104895104895,,,,,,"Discovery matching the official Nobel motivation; conditional on one of the 30 listed discoveries. Named people need not exactly match the laureates; no Other option. Resolution uses larger prize share, then first-mentioned discovery, then most-specific option; an unmatched discovery annuls the question.",Which discovery will the 2026 Nobel Prize in Physics be awarded for_.pdf,"1 (chart); 2 (labels); 7 (M, K and profiles-only table); 27 (resolution criteria)",,,14,1.00,1.00,5,Approximate normalization of rounded chart percentages: probability_reconstructed = probability_pct_reported / 100.1; probability_pct_reconstructed = 100 * probability_reconstructed. Original full-precision JSON probabilities are not included in this PDF.
7,David Charbonneau; Sara Seager,the detection and theoretical study of the atmospheres of exoplanets through their transits,Charbonneau · Seager,Exoplanet atmospheres,4.8,0.04795204795204795,4.795204795204795,,,,,,"Discovery matching the official Nobel motivation; conditional on one of the 30 listed discoveries. Named people need not exactly match the laureates; no Other option. Resolution uses larger prize share, then first-mentioned discovery, then most-specific option; an unmatched discovery annuls the question.",Which discovery will the 2026 Nobel Prize in Physics be awarded for_.pdf,"1 (chart); 2 (labels); 8 (M, K and profiles-only table); 27 (resolution criteria)",,,25,0.90,1.00,5,Approximate normalization of rounded chart percentages: probability_reconstructed = probability_pct_reported / 100.1; probability_pct_reconstructed = 100 * probability_reconstructed. Original full-precision JSON probabilities are not included in this PDF.
8,John B. Pendry; David R. Smith; Eli Yablonovitch,the theoretical prediction and experimental realization of negative index metamaterials,Pendry · Smith · Yablonovitch,Negative-index metamaterials,4.3,0.04295704295704296,4.2957042957042955,,,,,,"Discovery matching the official Nobel motivation; conditional on one of the 30 listed discoveries. Named people need not exactly match the laureates; no Other option. Resolution uses larger prize share, then first-mentioned discovery, then most-specific option; an unmatched discovery annuls the question.",Which discovery will the 2026 Nobel Prize in Physics be awarded for_.pdf,"1 (chart); 2 (labels); 7 (M, K and profiles-only table); 27 (resolution criteria)",,,3,1.00,1.30,4,Approximate normalization of rounded chart percentages: probability_reconstructed = probability_pct_reported / 100.1; probability_pct_reconstructed = 100 * probability_reconstructed. Original full-precision JSON probabilities are not included in this PDF.
9,Daniel Loss; David DiVincenzo,the proposal of quantum computation with electron spins in semiconductor quantum dots,Loss · DiVincenzo,Quantum-dot spin computation,4.1,0.04095904095904096,4.095904095904096,,,,,,"Discovery matching the official Nobel motivation; conditional on one of the 30 listed discoveries. Named people need not exactly match the laureates; no Other option. Resolution uses larger prize share, then first-mentioned discovery, then most-specific option; an unmatched discovery annuls the question.",Which discovery will the 2026 Nobel Prize in Physics be awarded for_.pdf,"1 (chart); 2 (labels); 8 (M, K and profiles-only table); 27 (resolution criteria)",,,20,1.00,1.00,4,Approximate normalization of rounded chart percentages: probability_reconstructed = probability_pct_reported / 100.1; probability_pct_reconstructed = 100 * probability_reconstructed. Original full-precision JSON probabilities are not included in this PDF.
10,Jun Ye; Hidetoshi Katori,"the invention and development of optical lattice clocks, enabling time and frequency measurements at unprecedented precision",Ye · Katori,Optical lattice clocks,3.8,0.03796203796203796,3.796203796203796,,,,,,"Discovery matching the official Nobel motivation; conditional on one of the 30 listed discoveries. Named people need not exactly match the laureates; no Other option. Resolution uses larger prize share, then first-mentioned discovery, then most-specific option; an unmatched discovery annuls the question.",Which discovery will the 2026 Nobel Prize in Physics be awarded for_.pdf,"1 (chart); 2 (labels); 6 (M, K and profiles-only table); 27 (resolution criteria)",,,2,0.90,1.30,3,Approximate normalization of rounded chart percentages: probability_reconstructed = probability_pct_reported / 100.1; probability_pct_reconstructed = 100 * probability_reconstructed. Original full-precision JSON probabilities are not included in this PDF.
11,Christian Pfleiderer; Yoshinori Tokura; Naoto Nagaosa,the discovery of magnetic skyrmion lattices and topological spin textures in chiral magnets,Pfleiderer · Tokura · Nagaosa,Magnetic skyrmions / topological spin textures,3.7,0.03696303696303696,3.6963036963036964,,,,,,"Discovery matching the official Nobel motivation; conditional on one of the 30 listed discoveries. Named people need not exactly match the laureates; no Other option. Resolution uses larger prize share, then first-mentioned discovery, then most-specific option; an unmatched discovery annuls the question.",Which discovery will the 2026 Nobel Prize in Physics be awarded for_.pdf,"1 (chart); 2 (labels); 8 (M, K and profiles-only table); 27 (resolution criteria)",,,24,0.90,1.00,4,Approximate normalization of rounded chart percentages: probability_reconstructed = probability_pct_reported / 100.1; probability_pct_reconstructed = 100 * probability_reconstructed. Original full-precision JSON probabilities are not included in this PDF.
12,Nicola A. Spaldin,"the theory of multiferroic materials, in which magnetic and ferroelectric order coexist",Spaldin,Multiferroic materials,3.7,0.03696303696303696,3.6963036963036964,,,,,,"Discovery matching the official Nobel motivation; conditional on one of the 30 listed discoveries. Named people need not exactly match the laureates; no Other option. Resolution uses larger prize share, then first-mentioned discovery, then most-specific option; an unmatched discovery annuls the question.",Which discovery will the 2026 Nobel Prize in Physics be awarded for_.pdf,"1 (chart); 2 (labels); 8 (M, K and profiles-only table); 27 (resolution criteria)",,,27,0.90,1.10,4,Approximate normalization of rounded chart percentages: probability_reconstructed = probability_pct_reported / 100.1; probability_pct_reconstructed = 100 * probability_reconstructed. Original full-precision JSON probabilities are not included in this PDF.
13,Christoph Gerber; Gerd Binnig,the invention of atomic force microscopy,Gerber · Binnig,Atomic force microscopy,3.7,0.03696303696303696,3.6963036963036964,,,,,,"Discovery matching the official Nobel motivation; conditional on one of the 30 listed discoveries. Named people need not exactly match the laureates; no Other option. Resolution uses larger prize share, then first-mentioned discovery, then most-specific option; an unmatched discovery annuls the question.",Which discovery will the 2026 Nobel Prize in Physics be awarded for_.pdf,"1 (chart); 2 (labels); 7 (M, K and profiles-only table); 27 (resolution criteria)",,,17,1.00,0.70,5,Approximate normalization of rounded chart percentages: probability_reconstructed = probability_pct_reported / 100.1; probability_pct_reconstructed = 100 * probability_reconstructed. Original full-precision JSON probabilities are not included in this PDF.
14,Francis Halzen; Albrecht Karle; Naoko Kurahashi Neilson,"pioneering contributions to neutrino astronomy, in particular the discovery of high-energy cosmic neutrinos",Halzen · Karle · Kurahashi Neilson,High-energy cosmic neutrinos,3.5,0.03496503496503497,3.4965034965034967,,,,,,"Discovery matching the official Nobel motivation; conditional on one of the 30 listed discoveries. Named people need not exactly match the laureates; no Other option. Resolution uses larger prize share, then first-mentioned discovery, then most-specific option; an unmatched discovery annuls the question.",Which discovery will the 2026 Nobel Prize in Physics be awarded for_.pdf,"1 (chart); 2 (labels); 7 (M, K and profiles-only table); 27 (resolution criteria)",,,10,0.90,1.00,4,Approximate normalization of rounded chart percentages: probability_reconstructed = probability_pct_reported / 100.1; probability_pct_reconstructed = 100 * probability_reconstructed. Original full-precision JSON probabilities are not included in this PDF.
15,Mordehai Heiblum; Jainendra K. Jain; James P. Eisenstein,advancing the understanding of the surprising properties of two-dimensional electron systems in strong magnetic fields,Heiblum · Jain · Eisenstein,Two-dimensional electrons in strong magnetic fields,3.4,0.03396603396603397,3.3966033966033966,,,,,,"Discovery matching the official Nobel motivation; conditional on one of the 30 listed discoveries. Named people need not exactly match the laureates; no Other option. Resolution uses larger prize share, then first-mentioned discovery, then most-specific option; an unmatched discovery annuls the question.",Which discovery will the 2026 Nobel Prize in Physics be awarded for_.pdf,"1 (chart); 3 (labels); 7 (M, K and profiles-only table); 27 (resolution criteria)",,,8,1.00,1.10,3,Approximate normalization of rounded chart percentages: probability_reconstructed = probability_pct_reported / 100.1; probability_pct_reconstructed = 100 * probability_reconstructed. Original full-precision JSON probabilities are not included in this PDF.
16,Charles H. Bennett; Gilles Brassard; Peter W. Shor,"foundational discoveries in quantum information science, including quantum cryptography and quantum algorithms",Bennett · Brassard · Shor,Quantum cryptography / quantum algorithms,3.2,0.03196803196803197,3.196803196803197,,,,,,"Discovery matching the official Nobel motivation; conditional on one of the 30 listed discoveries. Named people need not exactly match the laureates; no Other option. Resolution uses larger prize share, then first-mentioned discovery, then most-specific option; an unmatched discovery annuls the question.",Which discovery will the 2026 Nobel Prize in Physics be awarded for_.pdf,"1 (chart); 3 (labels); 7 (M, K and profiles-only table); 27 (resolution criteria)",,,5,1.00,1.10,3,Approximate normalization of rounded chart percentages: probability_reconstructed = probability_pct_reported / 100.1; probability_pct_reconstructed = 100 * probability_reconstructed. Original full-precision JSON probabilities are not included in this PDF.
17,Heino Falcke; Sheperd S. Doeleman; Katherine L. Bouman,the observation of the shadow of a black hole by event-horizon-scale radio interferometry,Falcke · Doeleman · Bouman,Black-hole shadow imaging,3.2,0.03196803196803197,3.196803196803197,,,,,,"Discovery matching the official Nobel motivation; conditional on one of the 30 listed discoveries. Named people need not exactly match the laureates; no Other option. Resolution uses larger prize share, then first-mentioned discovery, then most-specific option; an unmatched discovery annuls the question.",Which discovery will the 2026 Nobel Prize in Physics be awarded for_.pdf,"1 (chart); 3 (labels); 7 (M, K and profiles-only table); 27 (resolution criteria)",,,12,0.70,1.00,3,Approximate normalization of rounded chart percentages: probability_reconstructed = probability_pct_reported / 100.1; probability_pct_reconstructed = 100 * probability_reconstructed. Original full-precision JSON probabilities are not included in this PDF.
18,Pablo Jarillo-Herrero; Allan H. MacDonald; Rafi Bistritzer,the theoretical prediction and experimental discovery of correlated insulator behavior and superconductivity in magic-angle twisted bilayer graphene,Jarillo-Herrero · MacDonald · Bistritzer,Magic-angle twisted bilayer graphene,3.0,0.029970029970029972,2.997002997002997,,,,,,"Discovery matching the official Nobel motivation; conditional on one of the 30 listed discoveries. Named people need not exactly match the laureates; no Other option. Resolution uses larger prize share, then first-mentioned discovery, then most-specific option; an unmatched discovery annuls the question.",Which discovery will the 2026 Nobel Prize in Physics be awarded for_.pdf,"1 (chart); 3 (labels); 7 (M, K and profiles-only table); 27 (resolution criteria)",,,6,0.55,1.00,3,Approximate normalization of rounded chart percentages: probability_reconstructed = probability_pct_reported / 100.1; probability_pct_reconstructed = 100 * probability_reconstructed. Original full-precision JSON probabilities are not included in this PDF.
19,Christopher Jarzynski; Denis J. Evans; Gavin E. Crooks,the discovery of fluctuation theorems and exact nonequilibrium work relations that extend thermodynamics to small systems far from equilibrium,Jarzynski · Evans · Crooks,Fluctuation theorems / nonequilibrium work relations,2.8,0.027972027972027972,2.797202797202797,,,,,,"Discovery matching the official Nobel motivation; conditional on one of the 30 listed discoveries. Named people need not exactly match the laureates; no Other option. Resolution uses larger prize share, then first-mentioned discovery, then most-specific option; an unmatched discovery annuls the question.",Which discovery will the 2026 Nobel Prize in Physics be awarded for_.pdf,"1 (chart); 3 (labels); 8 (M, K and profiles-only table); 27 (resolution criteria)",,,30,0.90,1.00,3,Approximate normalization of rounded chart percentages: probability_reconstructed = probability_pct_reported / 100.1; probability_pct_reconstructed = 100 * probability_reconstructed. Original full-precision JSON probabilities are not included in this PDF.
20,Qikun Xue,the experimental discovery of the quantum anomalous Hall effect,Xue,Quantum anomalous Hall effect,2.6,0.025974025974025976,2.5974025974025974,,,,,,"Discovery matching the official Nobel motivation; conditional on one of the 30 listed discoveries. Named people need not exactly match the laureates; no Other option. Resolution uses larger prize share, then first-mentioned discovery, then most-specific option; an unmatched discovery annuls the question.",Which discovery will the 2026 Nobel Prize in Physics be awarded for_.pdf,"1 (chart); 3 (labels); 8 (M, K and profiles-only table); 27 (resolution criteria)",,,28,0.90,1.10,2,Approximate normalization of rounded chart percentages: probability_reconstructed = probability_pct_reported / 100.1; probability_pct_reconstructed = 100 * probability_reconstructed. Original full-precision JSON probabilities are not included in this PDF.
21,Alan H. Guth; Andrei Linde; Viatcheslav Mukhanov,the theoretical formulation of cosmic inflation and the prediction of the quantum origin of cosmological structure,Guth · Linde · Mukhanov,Cosmic inflation,2.6,0.025974025974025976,2.5974025974025974,,,,,,"Discovery matching the official Nobel motivation; conditional on one of the 30 listed discoveries. Named people need not exactly match the laureates; no Other option. Resolution uses larger prize share, then first-mentioned discovery, then most-specific option; an unmatched discovery annuls the question.",Which discovery will the 2026 Nobel Prize in Physics be awarded for_.pdf,"2 (chart); 3 (labels); 7 (M, K and profiles-only table); 27 (resolution criteria)",,,13,1.00,1.00,3,Approximate normalization of rounded chart percentages: probability_reconstructed = probability_pct_reported / 100.1; probability_pct_reconstructed = 100 * probability_reconstructed. Original full-precision JSON probabilities are not included in this PDF.
22,Federico Capasso; Alfred Y. Cho; Jérôme Faist,the invention of the quantum cascade laser,Capasso · Cho · Faist,Quantum cascade laser,2.2,0.02197802197802198,2.197802197802198,,,,,,"Discovery matching the official Nobel motivation; conditional on one of the 30 listed discoveries. Named people need not exactly match the laureates; no Other option. Resolution uses larger prize share, then first-mentioned discovery, then most-specific option; an unmatched discovery annuls the question.",Which discovery will the 2026 Nobel Prize in Physics be awarded for_.pdf,"2 (chart); 3 (labels); 7 (M, K and profiles-only table); 27 (resolution criteria)",,,9,1.00,1.00,2,Approximate normalization of rounded chart percentages: probability_reconstructed = probability_pct_reported / 100.1; probability_pct_reconstructed = 100 * probability_reconstructed. Original full-precision JSON probabilities are not included in this PDF.
23,Alexei Y. Kitaev; Patrick A. Lee,theoretical discoveries of quantum spin liquids and exactly solvable models of topological order,Kitaev · Lee,Quantum spin liquids / topological order,1.7,0.016983016983016984,1.6983016983016983,,,,,,"Discovery matching the official Nobel motivation; conditional on one of the 30 listed discoveries. Named people need not exactly match the laureates; no Other option. Resolution uses larger prize share, then first-mentioned discovery, then most-specific option; an unmatched discovery annuls the question.",Which discovery will the 2026 Nobel Prize in Physics be awarded for_.pdf,"2 (chart); 3 (labels); 7 (M, K and profiles-only table); 27 (resolution criteria)",,,18,0.40,1.00,2,Approximate normalization of rounded chart percentages: probability_reconstructed = probability_pct_reported / 100.1; probability_pct_reconstructed = 100 * probability_reconstructed. Original full-precision JSON probabilities are not included in this PDF.
24,Ken'ichi Nomoto; Stanford Woosley,their studies of stellar explosions and the origin of the elements,Nomoto · Woosley,Stellar explosions / origin of the elements,1.6,0.015984015984015984,1.5984015984015985,,,,,,"Discovery matching the official Nobel motivation; conditional on one of the 30 listed discoveries. Named people need not exactly match the laureates; no Other option. Resolution uses larger prize share, then first-mentioned discovery, then most-specific option; an unmatched discovery annuls the question.",Which discovery will the 2026 Nobel Prize in Physics be awarded for_.pdf,"2 (chart); 3 (labels); 8 (M, K and profiles-only table); 27 (resolution criteria)",,,21,1.00,1.00,2,Approximate normalization of rounded chart percentages: probability_reconstructed = probability_pct_reported / 100.1; probability_pct_reconstructed = 100 * probability_reconstructed. Original full-precision JSON probabilities are not included in this PDF.
25,Michael V. Berry; Yakir Aharonov,the discovery of topological and geometric phases in quantum systems,Berry · Aharonov,Topological and geometric quantum phases,1.5,0.014985014985014986,1.4985014985014986,,,,,,"Discovery matching the official Nobel motivation; conditional on one of the 30 listed discoveries. Named people need not exactly match the laureates; no Other option. Resolution uses larger prize share, then first-mentioned discovery, then most-specific option; an unmatched discovery annuls the question.",Which discovery will the 2026 Nobel Prize in Physics be awarded for_.pdf,"2 (chart); 3 (labels); 7 (M, K and profiles-only table); 27 (resolution criteria)",,,4,1.00,1.00,2,Approximate normalization of rounded chart percentages: probability_reconstructed = probability_pct_reported / 100.1; probability_pct_reconstructed = 100 * probability_reconstructed. Original full-precision JSON probabilities are not included in this PDF.
26,John Toner; Sriram Ramaswamy; Yuhai Tu,the formulation of the hydrodynamic theories of active matter and flocking,Toner · Ramaswamy · Tu,Active matter / flocking,1.4,0.013986013986013986,1.3986013986013985,,,,,,"Discovery matching the official Nobel motivation; conditional on one of the 30 listed discoveries. Named people need not exactly match the laureates; no Other option. Resolution uses larger prize share, then first-mentioned discovery, then most-specific option; an unmatched discovery annuls the question.",Which discovery will the 2026 Nobel Prize in Physics be awarded for_.pdf,"2 (chart); 3 (labels); 8 (M, K and profiles-only table); 27 (resolution criteria)",,,26,0.90,1.00,1,Approximate normalization of rounded chart percentages: probability_reconstructed = probability_pct_reported / 100.1; probability_pct_reconstructed = 100 * probability_reconstructed. Original full-precision JSON probabilities are not included in this PDF.
27,Yasunobu Nakamura,the first coherent control of a superconducting quantum bit,Nakamura,Coherent control of a superconducting qubit,1.3,0.012987012987012988,1.2987012987012987,,,,,,"Discovery matching the official Nobel motivation; conditional on one of the 30 listed discoveries. Named people need not exactly match the laureates; no Other option. Resolution uses larger prize share, then first-mentioned discovery, then most-specific option; an unmatched discovery annuls the question.",Which discovery will the 2026 Nobel Prize in Physics be awarded for_.pdf,"2 (chart); 3 (labels); 8 (M, K and profiles-only table); 27 (resolution criteria)",,,29,1.00,0.50,2,Approximate normalization of rounded chart percentages: probability_reconstructed = probability_pct_reported / 100.1; probability_pct_reconstructed = 100 * probability_reconstructed. Original full-precision JSON probabilities are not included in this PDF.
28,Yves Meyer; Stéphane Mallat; Ingrid Daubechies,the development of wavelet theory and multiresolution signal analysis,Meyer · Mallat · Daubechies,Wavelet theory / multiresolution analysis,1.0,0.00999000999000999,0.999000999000999,,,,,,"Discovery matching the official Nobel motivation; conditional on one of the 30 listed discoveries. Named people need not exactly match the laureates; no Other option. Resolution uses larger prize share, then first-mentioned discovery, then most-specific option; an unmatched discovery annuls the question.",Which discovery will the 2026 Nobel Prize in Physics be awarded for_.pdf,"2 (chart); 3 (labels); 8 (M, K and profiles-only table); 27 (resolution criteria)",,,19,1.00,0.75,1,Approximate normalization of rounded chart percentages: probability_reconstructed = probability_pct_reported / 100.1; probability_pct_reconstructed = 100 * probability_reconstructed. Original full-precision JSON probabilities are not included in this PDF.
29,Maximilian Haider; Knut Urban; Ondrej L. Krivanek,"the invention of aberration-corrected electron optics, enabling electron microscopy with sub-ångström resolution",Haider · Urban · Krivanek,Aberration-corrected electron optics,1.0,0.00999000999000999,0.999000999000999,,,,,,"Discovery matching the official Nobel motivation; conditional on one of the 30 listed discoveries. Named people need not exactly match the laureates; no Other option. Resolution uses larger prize share, then first-mentioned discovery, then most-specific option; an unmatched discovery annuls the question.",Which discovery will the 2026 Nobel Prize in Physics be awarded for_.pdf,"2 (chart); 3 (labels); 7 (M, K and profiles-only table); 27 (resolution criteria)",,,15,1.00,1.15,1,Approximate normalization of rounded chart percentages: probability_reconstructed = probability_pct_reported / 100.1; probability_pct_reconstructed = 100 * probability_reconstructed. Original full-precision JSON probabilities are not included in this PDF.
30,Martin Rees,"fundamental contributions to high-energy astrophysics, galaxies and structure formation, and cosmology",Rees,High-energy astrophysics / cosmology,0.6,0.005994005994005994,0.5994005994005994,,,,,,"Discovery matching the official Nobel motivation; conditional on one of the 30 listed discoveries. Named people need not exactly match the laureates; no Other option. Resolution uses larger prize share, then first-mentioned discovery, then most-specific option; an unmatched discovery annuls the question.",Which discovery will the 2026 Nobel Prize in Physics be awarded for_.pdf,"2 (chart); 3 (labels); 8 (M, K and profiles-only table); 27 (resolution criteria)",,,23,1.00,1.00,1,Approximate normalization of rounded chart percentages: probability_reconstructed = probability_pct_reported / 100.1; probability_pct_reconstructed = 100 * probability_reconstructed. Original full-precision JSON probabilities are not included in this PDF.
