field,person,status,qid,label,description,born,died,n,others
medicine,Svetlana Mojsov,living (no date of death),Q122372330,Svetlana Mojsov,Macedonian American biochemist,1947-12-08,,1,
medicine,Karl Deisseroth,living (no date of death),Q935993,Karl Deisseroth,American optogeneticist,1971-11-18,,1,
medicine,Peter Hegemann,living (no date of death),Q2075526,Peter Hegemann,German biophysicist,1954-12-11,,1,
medicine,Gero Miesenböck,"living (no date of death); 2 candidates, first taken",Q5552368,Gero Miesenböck,Austrian neuroscientist,1965-07-15,,2,Q28300993 Gero Miesenböck: instructing the nervous system. Interview by William A Wells (scientific article) d.-
medicine,Carl H. June,living (no date of death),Q19277113,Carl H. June,American immunologist,1953-00-00,,1,
medicine,Michel Sadelain,living (no date of death),Q50880520,Michel Sadelain,American immunologist,1960-04-21,,1,
medicine,Emmanuel Mignot,living (no date of death),Q5373255,Emmanuel Mignot,French American sleep researcher,1959-12-11,,1,
medicine,Masashi Yanagisawa,living (no date of death),Q11534409,Masashi Yanagisawa,American medical scientist,1960-05-25,,1,
medicine,Peter Walter,"living (no date of death); 3 candidates, first taken",Q106367,Peter Walter,German-American biochemist and molecular biologist (born 1954),1954-12-05,,3,Q102154875 Peter Walter (researcher ORCID 0000-0001-8839-1154) d.-; Q85893883 Peter J Walter (researcher) d.-
medicine,Kazutoshi Mori,"living (no date of death); 2 candidates, first taken",Q1737577,Kazutoshi Mori,molecular biologist (ORCID 0000-0001-7378-4019),1958-07-07,,2,"Q42936846 Kazutoshi Mori and Peter Walter receive the 2014 Albert Lasker Basic Medical Research Award (scientific article published on September 8, 2014) d.-"
medicine,Helen H. Hobbs,"living (no date of death); 2 candidates, first taken",Q21433424,Helen Hobbs,American molecular geneticist,1952-05-05,,2,"Q48627283 Helen Hobbs, MD. (scientific article published in April 2005) d.-"
medicine,Nabil G. Seidah,living (no date of death),Q3334710,Nabil Seidah,Canadian scientist,1949-02-01,,1,
medicine,Jonathan C. Cohen,"DECEASED; 3 candidates, first taken",Q111281492,Jonathan Cohen,"26/2/1915-13/11/2003; New York City; ; orthopedic surgery educator, researcher; American",1915-01-01,2003-01-01,3,Q62559671 Jon Cohen (British epidemiologist (1949-)) d.-; Q59692862 Jonathan E. Cohen (oncologist) d.-
medicine,Jeffrey M. Friedman,living (no date of death),Q505055,Jeffrey M. Friedman,US Physician scientist studying the genetic mechanisms that regulate body weight.,1954-07-20,,1,
medicine,Hans Clevers,living (no date of death),Q1579050,Hans Clevers,"Dutch geneticist, immunologist (born 1957)",1957-03-27,,1,
medicine,Roel Nusse,living (no date of death),Q7357582,Roel Nusse,Dutch biologist,1950-09-09,,1,
medicine,David Klenerman,living (no date of death),Q21165838,David Klenerman,Professor of Biophysical Chemistry at the University of Cambridge,1959-09-09,,1,
medicine,Shankar Balasubramanian,"living (no date of death); 2 candidates, first taken",Q7488670,Shankar Balasubramanian,British chemist,1966-09-30,,2,Q125955750 Shankar Balasubramanian (scientific article published in 2016) d.-
medicine,Jes Olesen,"living (no date of death); 2 candidates, first taken",Q29643374,Jes Olesen,neurologist,1941-01-17,,2,"Q44396523 Jes Olesen: the people's neurologist (scientific article published on November 1, 2010) d.-"
medicine,Lars Edvinsson,living (no date of death),Q56454988,Lars Edvinsson,researcher,,,1,
medicine,Peter J. Goadsby,living (no date of death),Q51744546,Peter J. Goadsby,Australian neurologist,1950-01-01,,1,
medicine,Marc Feldmann,"living (no date of death); 2 candidates, first taken",Q6755546,Marc Feldmann,Austrian immunologist,1944-12-02,,2,Q54740445 Marc Feldmann: a trailblazer of modern immunology (scientific article) d.-
medicine,Ravinder N. Maini,living (no date of death),Q7296719,Ravinder N. Maini,British rheumatologist,1937-11-17,,1,
medicine,Zhijian J. Chen,living (no date of death),Q8070836,Zhijian Chen,Chinese American biochemist,1966-01-01,,1,
medicine,Glen N. Barber,living (no date of death),Q88652178,Glen N. Barber,British American professor of cell biology,,,1,
medicine,James G. Fujimoto,living (no date of death),Q26923747,James Fujimoto,American electrical engineer and optical coherence tomography researcher,1957-09-28,,1,
medicine,David Huang,"living (no date of death); 3 candidates, first taken",Q90301423,David Huang,chemistry researcher (ORCID 0000-0002-7179-0738),,,3,Q56987660 David C Huang (biomedical researcher) d.-; Q57650790 David T Huang (researcher ORCID ID = 0000-0001-7649-1633) d.-
medicine,Eric A. Swanson,living (no date of death),Q61316391,Eric A. Swanson,American researcher in optical coherence tomography,1960-00-00,,1,
medicine,Mary-Claire King,"living (no date of death); 3 candidates, first taken",Q437741,Mary-Claire King,American geneticist,1946-02-27,,3,Q28207896 Mary-Claire King (scientific article (publication date: June 2003)) d.-; Q48207799 Mary-Claire King: taking genes beyond the lab. (scientific article) d.-
medicine,Franz-Ulrich Hartl,living (no date of death),Q91435,Franz-Ulrich Hartl,German chemist,1957-03-10,,1,
medicine,Arthur L. Horwich,living (no date of death),Q449737,Arthur L. Horwich,American biologist,1951-01-01,,1,
medicine,Robert A. Weinberg,living (no date of death),Q701506,Robert Weinberg,American biologist,1942-11-11,,1,
medicine,Bert Vogelstein,living (no date of death),Q827502,Bert Vogelstein,American oncologist,1949-06-02,,1,
medicine,Adrian R. Krainer,living (no date of death),Q40473018,Adrian Robert Krainer,Uruguayan neuroscientist,1958-09-14,,1,
medicine,C. Frank Bennett,living (no date of death),Q57446459,C. Frank Bennett,American pharmacologist,1960-00-00,,1,
medicine,Jeffrey I. Gordon,living (no date of death),Q6176064,Jeffrey I. Gordon,American biologist,1947-01-01,,1,
medicine,Michael J. Welsh,"living (no date of death); 3 candidates, first taken",Q55762412,Michael Welsh,Finnish researcher,,,3,"Q42411315 Michael A Welsh (researcher) d.-; Q57596945 Michael Edward Welsh (Professor, Dept. of History, University of Northern Colorado) d.-"
medicine,Paul A. Negulescu,living (no date of death),Q112119455,Paul Negulescu,American cell biologist,1962-00-00,,1,
medicine,Adrian Bird,"living (no date of death); 2 candidates, first taken",Q48557273,Adrian Bird,scientific article published in June 2007,,,2,Q373925 Adrian Peter Bird (Geneticist and Professor at the University of Edinburgh) d.-
medicine,Huda Zoghbi,living (no date of death),Q1633764,Huda Zoghbi,Lebanese neurogeneticist,1954-06-20,,1,
medicine,Carl-Henrik Heldin,living (no date of death),Q5798483,Carl-Henrik Heldin,Swedish biologist,1952-08-09,,1,
medicine,Kohei Miyazono,living (no date of death),Q90591297,Kohei Miyazono,Tumor biology researcher (ORCID 0000-0001-7341-0172),1956-01-01,,1,
medicine,Francis S. Collins,living (no date of death),Q336658,Francis Collins,American geneticist and director of the National Institutes of Health,1950-04-14,,1,
medicine,Lap-Chee Tsui,living (no date of death),Q2458494,Tsui Lap-chee,Hong Kong geneticist,1950-12-21,,1,
medicine,John R. Riordan,living (no date of death),Q1550527,John R. Riordan,Canadian biochemist,1943-09-02,,1,
medicine,Douglas R. Lowy,living (no date of death),Q20676488,Douglas R. Lowy,American cancer researcher,1942-05-25,,1,
medicine,Ian H. Frazer,living (no date of death),Q930011,Ian Frazer,British–Australian immunologist,1953-01-06,,1,
medicine,John T. Schiller,living (no date of death),Q30320354,John T. Schiller,"US microbiologist, virologist, and molecular biologist",1953-01-01,,1,
medicine,Eric Olson,"living (no date of death); 3 candidates, first taken",Q89045413,Eric C Olson,researcher,,,3,Q63400204 Eric J. Olson (mathematician) d.-; Q89400523 Eric L Olson (researcher) d.-
medicine,Timothy A. Springer,living (no date of death),Q1649143,Timothy A. Springer,American immunologist,1948-02-23,,1,
medicine,Matthias Mann,"living (no date of death); 4 candidates, first taken",Q110686,Matthias Mann,German biochemist and physicist,1959-10-10,,4,"Q137307640 Matthias Mann (German physicist, born 1961) d.-; Q136574746 Matthias Mann (German management engineer, born 1978) d.-; Q114446005 Matthias Manne Knopp (researcher) d.-"
medicine,Michelle Monje,living (no date of death),Q56931021,Michelle Monje,American neurologist and researcher,1978-03-21,,1,
medicine,Pamela J. Bjorkman,living (no date of death),Q2048641,Pamela J. Bjorkman,American biochemist,1956-01-01,,1,
medicine,Ronald M. Evans,living (no date of death),Q969420,Ronald M. Evans,American biologist,1949-04-17,,1,
medicine,Arnold J. Levine,"living (no date of death); 2 candidates, first taken",Q695441,Arnold J. Levine,American molecular biologist,1939-07-30,,2,Q92125253 Arnold J. Levine and my career development (scientific article published on 01 July 2019) d.-
medicine,David P. Lane,living (no date of death),Q909289,David P. Lane,British oncologist (1952-),1952-07-01,,1,
physics,Eugene J. Mele,living (no date of death),Q30321687,Eugene Mele,American physicist,1950-10-16,,1,
physics,Charles L. Kane,living (no date of death),Q1065222,Charles L. Kane,American physicist,1963-01-12,,1,
physics,Jun Ye,"living (no date of death); 4 candidates, first taken",Q103830411,Jun Ye,electrical engineer,,,4,Q100456875 Jun Ye (researcher (ORCID 0000-0001-6245-1796)) d.-; Q22005647 Jun Ye (Chinese-American physicist and professor) d.-; Q130933006 Jun Ye (researcher (ORCID 0009-0003-4628-087X)) d.-
physics,Hidetoshi Katori,living (no date of death),Q21698500,Hidetoshi Katori,engineer in Japan,1964-09-27,,1,
physics,John B. Pendry,living (no date of death),Q1376193,John Pendry,British physicist,1943-07-04,,1,
physics,David R. Smith,"living (no date of death); 2 candidates, first taken",Q947925,David R. Smith,American physicist,1964-01-01,,2,"Q120778287 David R. Smith: A Festschrift in Honor of His Many Contributions to Entomology on the Occasion of His 80th Birthday, with a List of Publications (scientific article published in 2017) d.-"
physics,Michael V. Berry,living (no date of death),Q707825,Michael Victor Berry,British physicist,1941-03-14,,1,
physics,Charles H. Bennett,living (no date of death),Q92931,Charles H. Bennett,"American physicist, information theorist and IBM Research fellow",1943-04-07,,1,
physics,Gilles Brassard,living (no date of death),Q92938,Gilles Brassard,Canadian computer scientist,1955-04-20,,1,
physics,Peter W. Shor,living (no date of death),Q370071,Peter Shor,American professor of applied mathematics at MIT,1959-08-14,,1,
physics,Pablo Jarillo-Herrero,living (no date of death),Q56928107,Pablo Jarillo-Herrero,Spanish physicist at MIT,1976-06-11,,1,
physics,Allan H. MacDonald,living (no date of death),Q4730656,Allan H. MacDonald,Canadian-American physicist,1951-12-01,,1,
physics,Immanuel Bloch,living (no date of death),Q100694,Immanuel Bloch,German physicist (b. 1972),1972-11-16,,1,
physics,J. Ignacio Cirac,living (no date of death),Q650171,Juan Ignacio Cirac Sasturáin,Spanish theoretical physicist,1965-10-11,,1,
physics,Peter Zoller,living (no date of death),Q78670,Peter Zoller,Austrian theoretical physicist (1952-),1952-09-16,,1,
physics,Mordehai Heiblum,living (no date of death),Q12408922,Moti Heiblum,Israeli physicist,1947-00-00,,1,
physics,Jainendra K. Jain,living (no date of death),Q1411390,Jainendra K. Jain,Indian physicist,1960-01-01,,1,
physics,James P. Eisenstein,living (no date of death),Q20028044,James P. Eisenstein,American physicist,1952-05-15,,1,
physics,Federico Capasso,living (no date of death),Q764570,Federico Capasso,Italian applied physicist (1949-),1949-01-01,,1,
physics,Alfred Y. Cho,living (no date of death),Q462900,Alfred Y. Cho,Chinese electrical engineer,1937-07-10,,1,
physics,Jérôme Faist,living (no date of death),Q1714996,Jérôme Faist,Swiss physicist,1962-01-23,,1,
physics,Francis Halzen,living (no date of death),Q20942818,Francis Halzen,American astrophysicist,1944-03-23,,1,
physics,Heino Falcke,living (no date of death),Q2715077,Heino Falcke,German astronomer,1966-09-26,,1,
physics,Sheperd S. Doeleman,living (no date of death),Q63121753,Shep Doeleman,American astronomer,1967-01-26,,1,
physics,Alan H. Guth,living (no date of death),Q323316,Alan Guth,American theoretical physicist and cosmologist,1947-02-27,,1,
physics,Andrei Linde,living (no date of death),Q368087,Andrei Linde,Russian-born American theoretical physicist,1948-03-02,,1,
physics,Simon White,"living (no date of death); 5 candidates, first taken",Q549293,Simon White,British astronomer,1951-09-30,,5,"Q60529812 Simon White (researcher ORCID ID = 0000-0001-6375-2363) d.-; Q90797049 Simon White (researcher (ORCID 0000-0003-0096-251X)) d.-; Q58323558 Simon R White (researcher, ORCID id # 0000-0001-8642-7037) d.-; Q56423106 Simon J. White (professor of molecular and cell biology) d.-"
physics,Carlos Frenk,living (no date of death),Q1042912,Carlos Frenk,Mexican-British-German cosmologist,1951-10-27,,1,
physics,Marc Davis,living (no date of death),Q348149,Marc Davis,American astronomer,1947-09-08,,1,
physics,Maximilian Haider,"living (no date of death); 2 candidates, first taken",Q85322,Maximilian Haider,Austrian physicist,1950-01-23,,2,Q96051516 Maximilian Haider (researcher) d.-
physics,Knut Urban,living (no date of death),Q110765,Knut Urban,German physicist,1941-06-25,,1,
physics,Chihaya Adachi,living (no date of death),Q30647284,Chihaya Adachi,researcher,1963-10-26,,1,
physics,Mark E. Thompson,living (no date of death),Q30675188,Mark Thompson,American chemist,,,1,
physics,Stephen R. Forrest,living (no date of death),Q61092749,Stephen R. Forrest,American professor of electrical engineering,,,1,
physics,Christoph Gerber,"living (no date of death); 2 candidates, first taken",Q122773,Christoph Gerber,Swiss physicist,1942-05-15,,2,Q90610708 Christoph Gerber (researcher (ORCID 0000-0003-4339-5746)) d.-
physics,Gerd Binnig,living (no date of death),Q76766,Gerd Binnig,German physicist (born 1947),1947-07-20,,1,
physics,Alexei Y. Kitaev,living (no date of death),Q2643958,Alexei Kitaev,Russian-American physicist,1963-08-26,,1,
physics,Patrick A. Lee,living (no date of death),Q971324,Patrick A. Lee,Hong Kong physicist,1946-09-08,,1,
physics,Andrew M. Steane,living (no date of death),Q4758631,Andrew Steane,British physicist,1965-00-00,,1,
physics,Yves Meyer,living (no date of death),Q574597,Yves Meyer,French mathematician,1939-07-19,,1,
physics,Stéphane Mallat,living (no date of death),Q952195,Stéphane Mallat,French mathematician,1962-10-24,,1,
physics,Ingrid Daubechies,living (no date of death),Q275604,Ingrid Daubechies,Belgian physicist and mathematician,1954-08-17,,1,
physics,Daniel Loss,"living (no date of death); 2 candidates, first taken",Q121382,Daniel Loss,Swiss physicist,1958-02-25,,2,Q60057108 Daniel Loss (researcher) d.-
physics,David DiVincenzo,living (no date of death),Q22004074,David P. DiVincenzo,American theoretical physicist,1959-00-00,,1,
physics,Ken'ichi Nomoto,"living (no date of death); 2 candidates, first taken",Q11645513,Ken'ichi Nomoto,Japanese astronomer,1946-12-01,,2,Q125251815 Ken’ichi Nomoto (researcher) d.-
physics,Stanford Woosley,no match,,,,,,0,
physics,George Efstathiou,living (no date of death),Q1507296,George Efstathiou,British astronomer (born 1955),1955-09-02,,1,
physics,John Richard Bond,living (no date of death),Q1676381,J. Richard Bond,Canadian astrophysicist and cosmologist,1950-01-01,,1,
physics,Martin Rees,"living (no date of death); 3 candidates, first taken",Q335213,Martin Rees,British cosmologist and astrophysicist (1942-),1942-06-23,,3,Q41836269 Martin Rees (researcher) d.-; Q83883889 Martin Rees (biophysicist) d.-
physics,Christian Pfleiderer,"living (no date of death); 3 candidates, first taken",Q10535582,Christian Pfleiderer,German Physicist,1965-01-01,,3,"Q58170683 Christian Pfleiderer (researcher, ORCID id # 0000-0001-7749-7965) d.-; Q1084929 Christoph Friedrich von Pfleiderer (German mathematician) d.1821-09-27"
physics,Yoshinori Tokura,living (no date of death),Q2601013,Yoshinori Tokura,Japanese physicist (1954-),1954-03-01,,1,
physics,Naoto Nagaosa,living (no date of death),Q58017718,Naoto Nagaosa,condensed matter physicist at University of Tokyo,1958-02-21,,1,
physics,David Charbonneau,living (no date of death),Q5232304,David Charbonneau,Canadian astronomer,1974-01-01,,1,
physics,Sara Seager,living (no date of death),Q7421764,Sara Seager,Canadian astronomer and planetary scientist,1971-07-21,,1,
physics,John Toner,living (no date of death),Q90034911,John Toner,physicist,1955-10-12,,1,
physics,Sriram Ramaswamy,living (no date of death),Q24052686,Sriram Ramaswamy,Indian biophysicist,1957-11-10,,1,
physics,Yuhai Tu,living (no date of death),Q96230436,Yuhai Tu,physicist,,,1,
physics,Nicola A. Spaldin,living (no date of death),Q20675716,Nicola Spaldin,professor of Materials Theory,1969-01-03,,1,
physics,Qikun Xue,living (no date of death),Q9338842,Xue Qikun,Chinese physicist,1963-12-19,,1,
physics,Yasunobu Nakamura,living (no date of death),Q28823193,Yasunobu Nakamura,Japanese physicist,1968-00-00,,1,
physics,Christopher Jarzynski,living (no date of death),Q53470494,Christopher Jarzynski,American physicist,1965-11-23,,1,
physics,Denis J. Evans,living (no date of death),Q5257225,Denis Evans,Australian chemist,1951-04-19,,1,
physics,Gavin E. Crooks,living (no date of death),Q5528130,Gavin E. Crooks,British chemist,,,1,
chemistry,Shankar Balasubramanian,"living (no date of death); 2 candidates, first taken",Q7488670,Shankar Balasubramanian,British chemist,1966-09-30,,2,Q125955750 Shankar Balasubramanian (scientific article published in 2016) d.-
chemistry,David Klenerman,living (no date of death),Q21165838,David Klenerman,Professor of Biophysical Chemistry at the University of Cambridge,1959-09-09,,1,
chemistry,Krzysztof Matyjaszewski,living (no date of death),Q902463,Krzysztof Matyjaszewski,Polish-American chemist famous for discovering 'Atom Transfer Radical Polymerization' (ATRP) technique for polymer synthesis,1950-04-08,,1,
chemistry,Mitsuo Sawamoto,living (no date of death),Q15867338,Mitsuo Sawamoto,"Japanese chemist, university professor (1951-)",1951-12-12,,1,
chemistry,Henry J. Snaith,living (no date of death),Q19962764,Henry Snaith,British Professor of Physics,1978-01-00,,1,
chemistry,Tsutomu Miyasaka,living (no date of death),Q41222044,Tsutomu Miyasaka,Japanese chemist (1953-),1953-09-10,,1,
chemistry,Nam-Gyu Park,"living (no date of death); 2 candidates, first taken",Q41222059,Nam-Gyu Park,South Korean chemist,1960-09-03,,2,Q87143312 Nam Gyu Park (Pukyong National University researcher) d.-
chemistry,Pieter R. Cullis,living (no date of death),Q88255217,Pieter R. Cullis,researcher,1946-00-00,,1,
chemistry,Marvin H. Caruthers,living (no date of death),Q15834282,Marvin H. Caruthers,American biochemist,1940-02-11,,1,
chemistry,John F. Hartwig,living (no date of death),Q15432304,John F. Hartwig,American chemist,1964-08-07,,1,
chemistry,Robert G. Bergman,living (no date of death),Q2156543,Robert Bergman,American chemist,1942-05-23,,1,
chemistry,Hagan Bayley,living (no date of death),Q5638525,Hagan Bayley,British biochemist,1951-02-13,,1,
chemistry,David W. Deamer,living (no date of death),Q22003935,David W. Deamer,"American biologist, Bimolecular Engineer",1939-04-21,,1,
chemistry,Daniel Branton,"living (no date of death); 2 candidates, first taken",Q60041700,Daniel Branton,American cell biologist,1932-01-13,,2,Q36899761 Daniel Branton and freeze-fracture analysis of membranes (scientific article published on November 1998) d.-
chemistry,David L. Allara,living (no date of death),Q5546814,David L. Allara,American chemist,1937-11-03,,1,
chemistry,Ralph G. Nuzzo,living (no date of death),Q6018970,Ralph Nuzzo,American chemist,1954-02-23,,1,
chemistry,George M. Whitesides,living (no date of death),Q701501,George M. Whitesides,American chemist and professor of chemistry,1939-08-03,,1,
chemistry,Harry B. Gray,living (no date of death),Q369975,Harry B. Gray,American chemist (born 1935),1935-11-14,,1,
chemistry,David R. Liu,living (no date of death),Q16214492,David R. Liu,American chemist,1973-06-12,,1,
chemistry,Craig M. Crews,living (no date of death),Q24006690,Craig M. Crews,American professor of molecular biology,1964-06-01,,1,
chemistry,Raymond J. Deshaies,living (no date of death),Q33082767,Raymond J. Deshaies,American biochemist and cell biologist,1961-09-25,,1,
chemistry,Michele Parrinello,living (no date of death),Q479473,Michele Parrinello,physicist,1945-09-07,,1,
chemistry,Roberto Car,"living (no date of death); 3 candidates, first taken",Q1526025,Roberto Car,Italian physicist,1947-01-03,,3,Q96691256 Roberto Carlin (researcher) d.-; Q112687278 Roberto Cardarelli (Italian particle physicist) d.-
chemistry,Arthur L. Horwich,living (no date of death),Q449737,Arthur L. Horwich,American biologist,1951-01-01,,1,
chemistry,F. Ulrich Hartl,living (no date of death),Q91435,Franz-Ulrich Hartl,German chemist,1957-03-10,,1,
chemistry,Michael Grätzel,"living (no date of death); 2 candidates, first taken",Q117008,Michael Grätzel,Swiss chemist (1944–),1944-05-11,,2,Q97558864 Michael Grätzel (engineer) d.-
chemistry,Ching W. Tang,living (no date of death),Q510956,Ching Wan Tang,Hong Kong-American chemist,1947-07-23,,1,
chemistry,Steven A. Van Slyke,living (no date of death),Q7615355,Steven Van Slyke,American chemist,1956-07-19,,1,
chemistry,Paul W. K. Rothemund,living (no date of death),Q7154189,Paul W. K. Rothemund,"research fellow, nanotechnologist",,,1,
chemistry,William M. Shih,living (no date of death),Q41870196,William M. Shih,American biochemist (born 1972),1972-00-00,,1,
chemistry,Hao Yan,"living (no date of death); 4 candidates, first taken",Q130950114,Hao Yan,researcher (ORCID 0009-0007-1257-8511),,,4,Q130989538 Hao Yan (researcher (ORCID 0000-0002-4322-7323)) d.-; Q130892187 Hao Yan (researcher (ORCID 0000-0003-1500-8403)) d.-; Q88222246 Hao Yan (chemical nanotechnology researcher) d.-
chemistry,Stephen L. Buchwald,living (no date of death),Q6134174,Stephen L. Buchwald,American chemist (born 1955),1955-01-01,,1,
chemistry,John P. Perdew,living (no date of death),Q6252559,John Perdew,American physicist,1943-08-30,,1,
chemistry,Kevan Shokat,living (no date of death),Q17124042,Kevan M. Shokat,American biochemist,1964-01-01,,1,
chemistry,Peter G. Schultz,living (no date of death),Q899840,Peter G. Schultz,American geneticist,1956-06-23,,1,
chemistry,Jason W. Chin,living (no date of death),Q56084736,Jason W. Chin,molecular biologist,1973-07-09,,1,
chemistry,Tuomo Suntola,living (no date of death),Q3433756,Tuomo Suntola,"Finnish inventor of atomic layer deposition, physicist, PhD (Tech., semiconductor physics)",1943-01-01,,1,
chemistry,Chi-Huey Wong,living (no date of death),Q906334,Chi-Huey Wong,Taiwanese biochemist,1948-08-03,,1,
chemistry,John R. Yates III,no match,,,,,,0,
chemistry,Matthias Mann,"living (no date of death); 4 candidates, first taken",Q110686,Matthias Mann,German biochemist and physicist,1959-10-10,,4,"Q137307640 Matthias Mann (German physicist, born 1961) d.-; Q136574746 Matthias Mann (German management engineer, born 1978) d.-; Q114446005 Matthias Manne Knopp (researcher) d.-"
chemistry,Ruedi Aebersold,living (no date of death),Q7377799,Ruedi Aebersold,Swiss biologist,1954-09-12,,1,
chemistry,Anthony J. Arduengo III,living (no date of death),Q4772849,Anthony Joseph Arduengo III,American chemist,1952-01-01,,1,
chemistry,Guy Bertrand,living (no date of death),Q5622094,Guy Bertrand,American chemist,1952-07-17,,1,
chemistry,Wolfgang A. Herrmann,living (no date of death),Q968543,Wolfgang A. Herrmann,German chemist,1948-04-18,,1,
chemistry,Bonnie L. Bassler,living (no date of death),Q60545293,Bonnie L. Bassler,American molecular biologist,1962-01-01,,1,
chemistry,E. Peter Greenberg,living (no date of death),Q136669756,Peter Greenberg,researcher,,,1,
chemistry,Akira Fujishima,living (no date of death),Q1140092,Akira Fujishima,Japanese chemist,1942-03-10,,1,
chemistry,Kazunari Domen,living (no date of death),Q11427853,Kazunari Dōmen,researcher,1953-09-24,,1,
chemistry,Sharon Hammes-Schiffer,living (no date of death),Q15995462,Sharon Hammes-Schiffer,American chemist,1966-05-27,,1,
chemistry,Thomas J. Meyer,living (no date of death),Q56669289,Thomas J. Meyer,American chemist,,,1,
chemistry,Ronald M. Evans,living (no date of death),Q969420,Ronald M. Evans,American biologist,1949-04-17,,1,
medicine,Jens Juul Holst,living (no date of death),Q28373106,Jens Juul Holst,Danish professor of metabolic research,1945-08-31,,1,
medicine,Lotte Bjerre Knudsen,living (no date of death),Q58586406,Lotte Bjerre Knudsen,Danish scientist and university teacher (*1964),1964-03-10,,1,
medicine,Steven A. Rosenberg,"living (no date of death); 2 candidates, first taken",Q63865665,Steven A. Rosenberg,American psychiatrist,,,2,Q2347448 Steven Rosenberg (American cancer researcher) d.-
medicine,Luis de Lecea,living (no date of death),Q59820744,Luis de Lecea,researcher ORCID ID = 0000-0002-8921-5942,,,1,
medicine,Stephen O'Rahilly,living (no date of death),Q7610127,Stephen O'Rahilly,"Irish physician, pathologist and research scientist",1958-04-01,,1,
medicine,Mark H. Skolnick,no match,,,,,,0,
medicine,Michael R. Stratton,living (no date of death),Q6834656,Michael Stratton,British geneticist,1957-06-22,,1,
physics,Laurens W. Molenkamp,living (no date of death),Q1808047,Laurens W. Molenkamp,Dutch physicist,1956-08-04,,1,
physics,Eli Yablonovitch,living (no date of death),Q347721,Eli Yablonovitch,American physicist,1946-12-15,,1,
physics,Yakir Aharonov,living (no date of death),Q721892,Yakir Aharonov,Israeli physicist,1932-08-28,,1,
physics,Rafi Bistritzer,living (no date of death),Q81911850,Rafi Bistritzer,Israeli physicist,1974-01-01,,1,
physics,Albrecht Karle,no match,,,,,,0,
physics,Naoko Kurahashi Neilson,living (no date of death),Q131343927,Naoko Kurahashi Neilson,American astrophysicist,,,1,
physics,John Preskill,living (no date of death),Q722128,John Preskill,American theoretical physicist,1953-01-19,,1,
physics,Katherine L. Bouman,living (no date of death),Q63080922,Katie Bouman,American engineer and computer scientist,1989-05-09,,1,
physics,Viatcheslav Mukhanov,living (no date of death),Q1844592,Viatcheslav Mukhanov,German cosmologist and theoretical physicist,1956-10-02,,1,
physics,Ondrej L. Krivanek,living (no date of death),Q7092222,Ondrej Krivanek,Czech-British physicist,1950-08-01,,1,
chemistry,Pascal Mayer,living (no date of death),Q100310865,Pascal Mayer,researcher,1963-07-14,,1,
chemistry,Ezio Rizzardo,living (no date of death),Q15809092,Ezio Rizzardo,Italian-Australian chemist,1943-12-26,,1,
chemistry,Robert S. Langer,"living (no date of death); 2 candidates, first taken",Q84475732,Robert S. Langer,scientific article published on 01 January 2009,,,2,"Q669597 Robert S. Langer, Jr. (American biomedical engineer) d.-"
chemistry,Kazunori Kataoka,"living (no date of death); 2 candidates, first taken",Q11569662,Kazunori Kataoka,Japanese chemist,1950-11-27,,2,"Q34422690 Kazunori Kataoka Editorial (scientific article published on June 3, 2014) d.-"
chemistry,Jay R. Winkler,living (no date of death),Q6167079,Jay R. Winkler,American physical chemist,1965-01-01,,1,
chemistry,Serge L. Beaucage,living (no date of death),Q96197650,Serge L Beaucage,researcher,,,1,
chemistry,Mark D. Matteucci,no match,,,,,,0,
chemistry,Jin-Quan Yu,living (no date of death),Q27887829,Jin-Quan Yu,Chinese American organic chemist,1966-01-10,,1,
chemistry,Stuart L. Schreiber,living (no date of death),Q906562,Stuart Schreiber,American chemist,1956-02-06,,1,
chemistry,Mark E. Thompson,living (no date of death),Q30675188,Mark Thompson,American chemist,,,1,
chemistry,Markku Leskelä,living (no date of death),Q26689911,Markku Leskela,Finnish professor,1950-00-00,,1,
chemistry,Mikko Ritala,living (no date of death),Q41899556,Mikko Ritala,researcher,2000-00-00,,1,
chemistry,Henry Snaith,living (no date of death),Q19962764,Henry Snaith,British Professor of Physics,1978-01-00,,1,
chemistry,Jacob Sagiv,living (no date of death),Q88302413,Jacob Sagiv,researcher,1945-02-00,,1,
chemistry,Tao Zhang,"living (no date of death); 4 candidates, first taken",Q101569157,Tao Zhang,researcher ORCID 0000-0003-1137-4924,,,4,Q101237175 Tao Zhang (researcher ORCID 0000-0003-2092-2961) d.-; Q106396539 Tao Zhang (electrical engineer/computer scientist) d.-; Q104141734 Tao Zhang (researcher ORCID 0000-0002-7454-7485) d.-
chemistry,Mark Levin,"living (no date of death); 3 candidates, first taken",Q73270736,Mark Levin,researcher,,,3,"Q61248343 Mark D Levin (chemistry researcher ORCID ID = 0000-0002-4461-363X) d.-; Q16731434 Mark Levinson (Physicist, Director) d.-"
chemistry,Richmond Sarpong,"living (no date of death); 2 candidates, first taken",Q58157865,Richmond Sarpong,Ghanaian-American chemist,1974-04-23,,2,"Q86126696 Richmond Sarpong (scientific article published on September 14, 2015) d.-"
chemistry,Bill Morandi,living (no date of death),Q63117429,Bill Morandi,Swiss chemist and professor at the Swiss Federal Institute of Technology (ETH) Zurich,1983-00-00,,1,
chemistry,Clifford P. Brangwynne,living (no date of death),Q89720911,Clifford P. Brangwynne,American professor of chemical and biological engineering,2000-00-00,,1,
chemistry,Anthony A. Hyman,living (no date of death),Q573389,Anthony A. Hyman,"British biologist, Max Planck Institute of Cell Biology & Genetics",1962-05-27,,1,
chemistry,Michael K. Rosen,living (no date of death),Q67200574,Michael K. Rosen,American biophysicist (1965-),1965-00-00,,1,
chemistry,James J. Collins,"living (no date of death); 2 candidates, first taken",Q6131576,James J. Collins,American professor of biomedical engineering,1965-06-26,,2,Q88107958 James J. Collins III (American pharmacology researcher) d.-
chemistry,Michael Elowitz,living (no date of death),Q6830114,Michael Elowitz,American biologist,1970-05-09,,1,
chemistry,Stanislas Leibler,living (no date of death),Q15432942,Stanislas Leibler,French-American theoretical and experimental biologist and physicist,1957-01-01,,1,
chemistry,Vladimir P. Torchilin,living (no date of death),Q4461375,Vladimir Torchilin,American-Russian biochemist,1946-09-13,,1,
chemistry,Karen L. Wooley,living (no date of death),Q19637038,Karen L. Wooley,American chemist,1966-00-00,,1,
chemistry,Zhenan Bao,living (no date of death),Q15848277,Zhenan Bao,Chinese American chemical engineer,1970-00-00,,1,
chemistry,Daniel G. Nocera,living (no date of death),Q3014070,Daniel G. Nocera,American chemist,1957-07-03,,1,
chemistry,Makoto Fujita,living (no date of death),Q11624900,Makoto Fujita,Japanese chemist (born 1957),1957-09-28,,1,
chemistry,William L. Jorgensen,living (no date of death),Q8014179,William L. Jorgensen,American chemist,1949-10-05,,1,
chemistry,Steven Van Slyke,living (no date of death),Q7615355,Steven Van Slyke,American chemist,1956-07-19,,1,
chemistry,Charles T. Kresge,living (no date of death),Q16186328,Charles T. Kresge,inorganic chemist,1954-03-09,,1,
chemistry,Ryong Ryoo,living (no date of death),Q7385309,Ryong Ryoo,chemist,1957-00-00,,1,
chemistry,Galen D. Stucky,"living (no date of death); 2 candidates, first taken",Q1491809,Galen D. Stucky,American chemist,1936-12-17,,2,Q122876938 Galen D. Stucky on the Occasion of his 65th Birthday (scientific article published in 2002) d.-
chemistry,Jean M. J. Fréchet,living (no date of death),Q3172150,Jean Fréchet,French chemist,1944-08-19,,1,
chemistry,Donald A. Tomalia,living (no date of death),Q15076647,Donald A. Tomalia,American chemist,1938-09-05,,1,
chemistry,John E. Bercaw,living (no date of death),Q6230658,John E. Bercaw,American chemist,1944-12-03,,1,
chemistry,Jens K. Nørskov,living (no date of death),Q6179782,Jens Kehlet Nørskov,Danish physicist,1952-09-21,,1,
chemistry,Eric N. Jacobsen,living (no date of death),Q1351364,Eric Jacobsen,American chemist,1960-02-22,,1,
chemistry,JoAnne Stubbe,living (no date of death),Q55280,JoAnne Stubbe,American chemist,1946-06-11,,1,
chemistry,Dennis Lo Yuk-Ming,no match,,,,,,0,
