person,ids,job,submitted
Jes Olesen,A5057969496;A5112859044,60169276,2026-10-06T11:18:15-0500
Lars Edvinsson,A5084413123,60169277,2026-10-06T11:18:15-0500
Peter J. Goadsby,A5004525209;A5109097676;A5110085700,60169278,2026-10-06T11:18:15-0500
Zhijian J. Chen,A5000591490,60169279,2026-10-06T11:18:16-0500
Glen N. Barber,A5050436106,60169280,2026-10-06T11:18:16-0500
James G. Fujimoto,A5019768182,60169282,2026-10-06T11:18:16-0500
David Huang,A5026982111;A5110189557;A5108167298;A5108336978,60169283,2026-10-06T11:18:16-0500
Eric A. Swanson,A5110342593,60169284,2026-10-06T11:18:16-0500
Robert A. Weinberg,A5012557712,60169285,2026-10-06T11:18:16-0500
Bert Vogelstein,A5072858943;A5111666714,60169286,2026-10-06T11:18:16-0500
Adrian R. Krainer,A5113482239;A5077163665,60169287,2026-10-06T11:18:16-0500
C. Frank Bennett,A5083296071;A5103489650,60169288,2026-10-06T11:18:17-0500
Jeffrey I. Gordon,A5063884903;A5109961803,60169289,2026-10-06T11:18:17-0500
Michael J. Welsh,A5037321572,60169290,2026-10-06T11:18:17-0500
Paul A. Negulescu,A5109316639,60169291,2026-10-06T11:18:17-0500
Adrian Bird,A5052906260,60169292,2026-10-06T11:18:17-0500
Huda Zoghbi,A5020701219,60169293,2026-10-06T11:18:17-0500
Carl-Henrik Heldin,A5084535456;A5109846436;A5109933759,60169294,2026-10-06T11:18:17-0500
Kohei Miyazono,A5051009186,60169295,2026-10-06T11:18:17-0500
Francis S. Collins,A5068242165;A5111808639;A5106733134;A5107233165;A5106408454,60169296,2026-10-06T11:18:17-0500
Lap-Chee Tsui,A5113604189;A5111461700;A5111425466;A5113581974;A5111796983;A5111989604;A5111980287;A5096919099;A5052875290,60169297,2026-10-06T11:18:18-0500
John R. Riordan,A5108426897,60169298,2026-10-06T11:18:18-0500
Douglas R. Lowy,A5086620768,60169299,2026-10-06T11:18:18-0500
Ian H. Frazer,A5048082417,60169300,2026-10-06T11:18:18-0500
John T. Schiller,A5075430537;A5113553636;A5111525065,60169301,2026-10-06T11:18:18-0500
Eric Olson,A5084182062,60169302,2026-10-06T11:18:18-0500
Timothy A. Springer,A5003615852;A5110122894,60169303,2026-10-06T11:18:18-0500
Michelle Monje,A5022800990;A5121298175,60169304,2026-10-06T11:18:18-0500
Pamela J. Bjorkman,A5068857084,60169305,2026-10-06T11:18:18-0500
Arnold J. Levine,A5089778846;A5110268724,60169306,2026-10-06T11:18:19-0500
David P. Lane,A5019407635,60169307,2026-10-06T11:18:19-0500
Andrew M. Steane,A5039762638,60169308,2026-10-06T11:18:19-0500
Jacob Sagiv,A5091813644,60175294,2026-10-06T12:41:47-0500
Tao Zhang,A5100375748,60175295,2026-10-06T12:41:47-0500
Mark Levin,A5022539419,60175299,2026-10-06T12:41:50-0500
Richmond Sarpong,A5043576784,60175300,2026-10-06T12:41:52-0500
Bill Morandi,A5073099778,60175305,2026-10-06T12:41:53-0500
Clifford P. Brangwynne,A5042735526,60175308,2026-10-06T12:41:53-0500
Anthony A. Hyman,A5006441261,60175310,2026-10-06T12:41:53-0500
Michael K. Rosen,A5012173770,60175311,2026-10-06T12:41:53-0500
James J. Collins,A5065209470,60175314,2026-10-06T12:41:54-0500
Michael Elowitz,A5014076497,60175316,2026-10-06T12:41:54-0500
Stanislas Leibler,A5088016503,60175331,2026-10-06T12:41:55-0500
Vladimir P. Torchilin,A5104363587;A5103237936;A5110159167;A5111825312;A5110106610;A5012114794;A5000348448,60175335,2026-10-06T12:41:55-0500
Karen L. Wooley,A5082819905,60175336,2026-10-06T12:41:55-0500
Zhenan Bao,A5100384245;A5121081957,60175339,2026-10-06T12:41:56-0500
Daniel G. Nocera,A5056442308,60175340,2026-10-06T12:41:56-0500
Makoto Fujita,A5019559729,60175343,2026-10-06T12:41:56-0500
William L. Jorgensen,A5053850265,60175344,2026-10-06T12:41:56-0500
Charles T. Kresge,A5015401603,60175346,2026-10-06T12:41:56-0500
Ryong Ryoo,A5050629925,60175350,2026-10-06T12:41:56-0500
Galen D. Stucky,A5041457895,60175351,2026-10-06T12:41:57-0500
Jean M. J. Fréchet,A5002152167,60175354,2026-10-06T12:41:57-0500
Donald A. Tomalia,A5076733597;A5103189710;A5070765115;A5057498967,60175355,2026-10-06T12:41:57-0500
John E. Bercaw,A5050693825,60175356,2026-10-06T12:41:57-0500
Jens K. Nørskov,A5055238911,60175359,2026-10-06T12:41:57-0500
Eric N. Jacobsen,A5037736695,60175360,2026-10-06T12:41:57-0500
JoAnne Stubbe,A5111586376;A5003896222,60175361,2026-10-06T12:41:58-0500
Dennis Lo Yuk-Ming,A5005665172;A5113593850;A5109967697;A5104145495;A5041908654,60175364,2026-10-06T12:41:58-0500
