field,option,person,openalex_author_ids,record,card_file,prior_nobel
medicine,1,Svetlana Mojsov,A5013143800,NA_NA_Svetlana-Mojsov_A5013143800.md,svetlana-mojsov.md,
medicine,1,Jens Juul Holst,A5085434984;A5107964227,NA_NA_Jens-J-Holst_A5085434984.md,jens-juul-holst.md,
medicine,1,Lotte Bjerre Knudsen,A5088627727,NA_NA_Lotte-Bjerre-Knudsen_A5088627727.md,lotte-bjerre-knudsen.md,
medicine,2,Karl Deisseroth,A5014360828;A5112205636;A5025551541,NA_NA_Karl-Deisseroth_A5014360828.md,karl-deisseroth.md,
medicine,2,Peter Hegemann,A5032787107,NA_NA_Peter-Hegemann_A5032787107.md,peter-hegemann.md,
medicine,2,Gero Miesenböck,A5109272997,NA_NA_Gero-Miesenbock_A5109272997.md,gero-miesenbock.md,
medicine,3,Carl H. June,A5008558372,NA_NA_Carl-H-June_A5008558372.md,carl-h-june.md,
medicine,3,Michel Sadelain,A5059625599;A5103081365;A5058976864,NA_NA_Michel-Sadelain_A5059625599.md,michel-sadelain.md,
medicine,3,Steven A. Rosenberg,A5072133376,NA_NA_Steven-A-Rosenberg_A5072133376.md,steven-a-rosenberg.md,
medicine,4,Kazutoshi Mori,A5024825620;A5102399723;A5103964342,NA_NA_Kazutoshi-Mori_A5024825620.md,kazutoshi-mori.md,
medicine,4,Peter Walter,A5087493059,NA_NA_Peter-Walter_A5087493059.md,peter-walter.md,
medicine,5,Helen H. Hobbs,A5024723638,NA_NA_Helen-H-Hobbs_A5024723638.md,helen-h-hobbs.md,
medicine,5,Nabil G. Seidah,A5090995081,NA_NA_Nabil-G-Seidah_A5090995081.md,nabil-g-seidah.md,
medicine,5,Jonathan C. Cohen,A5043796550,NA_NA_Jonathan-C-Cohen_A5043796550.md,jonathan-c-cohen.md,
medicine,6,David Klenerman,A5042822683,NA_NA_David-Klenerman_A5042822683.md,david-klenerman.md,
medicine,6,Shankar Balasubramanian,A5040551102,NA_NA_Shankar-Balasubramanian_A5040551102.md,shankar-balasubramanian.md,
medicine,7,Emmanuel Mignot,A5073040042;A5021339764;A5109153776,NA_NA_Emmanuel-Mignot_A5073040042.md,emmanuel-mignot.md,
medicine,7,Masashi Yanagisawa,A5006145523;A5108409060;A5111593010;A5111692204;A5007363525,NA_NA_Masashi-Yanagisawa_A5006145523.md,masashi-yanagisawa.md,
medicine,7,Luis de Lecea,A5055709520;A5032923805,NA_NA_Luis-de-Lecea_A5055709520.md,luis-de-lecea.md,
medicine,8,Hans Clevers,A5062248785;A5107392033;A5109947781,NA_NA_Hans-Clevers_A5062248785.md,hans-clevers.md,
medicine,8,Roel Nusse,A5048466506,NA_NA_Roel-Nusse_A5048466506.md,roel-nusse.md,
medicine,9,Jeffrey M. Friedman,A5065622211;A5107560893,NA_NA_Jeffrey-M-Friedman_A5065622211.md,jeffrey-m-friedman.md,
medicine,9,Stephen O'Rahilly,A5013261212,NA_NA_Stephen-ORahilly_A5013261212.md,stephen-o-rahilly.md,
medicine,10,Marc Feldmann,A5057580992;A5104057254,NA_NA_Marc-Feldmann_A5057580992.md,marc-feldmann.md,
medicine,10,Ravinder N. Maini,A5111772241,NA_NA_Ravinder-N-Maini_A5111772241.md,ravinder-n-maini.md,
medicine,11,Arthur L. Horwich,A5034561133,NA_NA_Arthur-L-Horwich_A5034561133.md,arthur-l-horwich.md,
medicine,11,Franz-Ulrich Hartl,A5086048712;A5109893703;A5111580352;A5103518730,NA_NA_F-Ulrich-Hartl_A5086048712.md,franz-ulrich-hartl.md,
medicine,12,Mary-Claire King,A5049132398,NA_NA_MaryClaire-King_A5049132398.md,mary-claire-king.md,
medicine,12,Mark H. Skolnick,A5110003746;A5108406066,NA_NA_Mark-H-Skolnick_A5110003746.md,mark-h-skolnick.md,
medicine,12,Michael R. Stratton,A5058103562,NA_NA_Michael-R-Stratton_A5058103562.md,michael-r-stratton.md,
physics,1,Charles L. Kane,A5003262716,NA_NA_C-L-Kane_A5003262716.md,charles-l-kane.md,
physics,1,Eugene J. Mele,A5068161598;A5016478835,NA_NA_E-J-Mele_A5068161598.md,eugene-j-mele.md,
physics,1,Laurens W. Molenkamp,A5085660056,NA_NA_L-W-Molenkamp_A5085660056.md,laurens-w-molenkamp.md,
physics,2,Hidetoshi Katori,A5081417357,NA_NA_Hidetoshi-Katori_A5081417357.md,hidetoshi-katori.md,
physics,2,Jun Ye,A5100382923;A5029823127;A5108688194,NA_NA_Jun-Ye_A5100382923.md,jun-ye.md,
physics,3,John B. Pendry,A5011614810;A5007939743,NA_NA_J-B-Pendry_A5011614810.md,john-b-pendry.md,
physics,3,David R. Smith,A5042580914;A5108116580,NA_NA_David-R-Smith_A5042580914.md,david-r-smith.md,
physics,3,Eli Yablonovitch,A5017829753,NA_NA_Eli-Yablonovitch_A5017829753.md,eli-yablonovitch.md,
physics,4,Michael V. Berry,A5032503181;A5006305535,NA_NA_Michael-Berry_A5032503181.md,michael-v-berry.md,
physics,4,Yakir Aharonov,A5046674773,NA_NA_Yakir-Aharonov_A5046674773.md,yakir-aharonov.md,
physics,5,Allan H. MacDonald,A5022064172,NA_NA_A-H-MacDonald_A5022064172.md,allan-h-macdonald.md,
physics,5,Pablo Jarillo-Herrero,A5058224422,NA_NA_Pablo-JarilloHerrero_A5058224422.md,pablo-jarillo-herrero.md,
physics,5,Rafi Bistritzer,A5029465105,NA_NA_Rafi-Bistritzer_A5029465105.md,rafi-bistritzer.md,
physics,6,Charles H. Bennett,A5053166798,NA_NA_Charles-H-Bennett_A5053166798.md,charles-h-bennett.md,
physics,6,Gilles Brassard,A5110284072;A5040617478,NA_NA_Gilles-Brassard_A5110284072.md,gilles-brassard.md,
physics,6,Peter W. Shor,A5020744800,NA_NA_Peter-W-Shor_A5020744800.md,peter-w-shor.md,
physics,7,Francis Halzen,A5023747159;A5021894060;A5028712646;A5105972743;A5106465906,NA_NA_F-Halzen_A5023747159.md,francis-halzen.md,
physics,7,Albrecht Karle,A5064240266;A5107934320,NA_NA_A-Karle_A5064240266.md,albrecht-karle.md,
physics,7,Naoko Kurahashi Neilson,A5024594692,NA_NA_Naoko-Kurahashi-Neilson_A5024594692.md,naoko-kurahashi-neilson.md,
physics,8,Heino Falcke,A5050345412,NA_NA_H-Falcke_A5050345412.md,heino-falcke.md,
physics,8,Sheperd S. Doeleman,A5023737919,NA_NA_Sheperd-S-Doeleman_A5023737919.md,sheperd-s-doeleman.md,
physics,8,Katherine L. Bouman,A5061668167,NA_NA_Katherine-L-Bouman_A5061668167.md,katherine-l-bouman.md,
physics,9,Immanuel Bloch,A5032954061,NA_NA_Immanuel-Bloch_A5032954061.md,immanuel-bloch.md,
physics,9,J. Ignacio Cirac,A5083228566,NA_NA_J-I-Cirac_A5083228566.md,j-ignacio-cirac.md,
physics,9,Peter Zoller,A5016282235;A5048153174,NA_NA_P-Zoller_A5016282235.md,peter-zoller.md,
physics,10,Alfred Y. Cho,A5069793147,NA_NA_Alfred-Y-Cho_A5069793147.md,alfred-y-cho.md,
physics,10,Federico Capasso,A5066671589;A5107844071,NA_NA_Federico-Capasso_A5066671589.md,federico-capasso.md,
physics,10,Jérôme Faist,A5036468741;A5109604475;A5105356310,NA_NA_Jerome-Faist_A5036468741.md,jerome-faist.md,
physics,11,Maximilian Haider,A5085200056,NA_NA_Maximilian-Haider_A5085200056.md,maximilian-haider.md,
physics,11,Knut Urban,A5102812716,NA_NA_K-Urban_A5102812716.md,knut-urban.md,
physics,11,Ondrej L. Krivanek,A5071810663,NA_NA_Ondrej-L-Krivanek_A5071810663.md,ondrej-l-krivanek.md,
physics,12,Alan H. Guth,A5105707535,NA_NA_Alan-H-Guth_A5105707535.md,alan-h-guth.md,
physics,12,Andrei Linde,A5014587042,NA_NA_Andrei-Linde_A5014587042.md,andrei-linde.md,
physics,12,Viatcheslav Mukhanov,A5108489761,NA_NA_Viatcheslav-Mukhanov_A5108489761.md,viatcheslav-mukhanov.md,
chemistry,1,Krzysztof Matyjaszewski,A5056539244;A5112835457;A5095795059;A5097674061,NA_NA_Krzysztof-Matyjaszewski_A5056539244.md,krzysztof-matyjaszewski.md,
chemistry,1,Mitsuo Sawamoto,A5009874386,NA_NA_Mitsuo-Sawamoto_A5009874386.md,mitsuo-sawamoto.md,
chemistry,1,Ezio Rizzardo,A5083403173;A5047504668,NA_NA_Ezio-Rizzardo_A5083403173.md,ezio-rizzardo.md,
chemistry,2,David Klenerman,A5042822683,NA_NA_David-Klenerman_A5042822683.md,david-klenerman.md,
chemistry,2,Shankar Balasubramanian,A5040551102,NA_NA_Shankar-Balasubramanian_A5040551102.md,shankar-balasubramanian.md,
chemistry,2,Pascal Mayer,A5050699304,NA_NA_Pascal-Mayer_A5050699304.md,pascal-mayer.md,
chemistry,3,Henry J. Snaith,A5081428881,NA_NA_Henry-J-Snaith_A5081428881.md,henry-j-snaith.md,
chemistry,3,Nam-Gyu Park,A5013544504,NA_NA_NamGyu-Park_A5013544504.md,nam-gyu-park.md,
chemistry,3,Tsutomu Miyasaka,A5030322278,NA_NA_Tsutomu-Miyasaka_A5030322278.md,tsutomu-miyasaka.md,
chemistry,4,Marvin H. Caruthers,A5027707988,NA_NA_Marvin-H-Caruthers_A5027707988.md,marvin-h-caruthers.md,
chemistry,4,Serge L. Beaucage,A5022821865,NA_NA_Serge-L-Beaucage_A5022821865.md,serge-l-beaucage.md,
chemistry,4,Mark D. Matteucci,A5111590685,NA_NA_Mark-D-Matteucci_A5111590685.md,mark-d-matteucci.md,
chemistry,5,John F. Hartwig,A5088865204,NA_NA_John-F-Hartwig_A5088865204.md,john-f-hartwig.md,
chemistry,5,Jin-Quan Yu,A5108685090;A5122352517,NA_NA_JinQuan-Yu_A5108685090.md,jin-quan-yu.md,
chemistry,5,Robert G. Bergman,A5047518475,NA_NA_Robert-G-Bergman_A5047518475.md,robert-g-bergman.md,
chemistry,6,Pieter R. Cullis,A5050350074;A5111897476,NA_NA_Pieter-R-Cullis_A5050350074.md,pieter-r-cullis.md,
chemistry,6,Robert S. Langer,A5042597057;A5111855148,NA_NA_Robert-Langer_A5042597057.md,robert-s-langer.md,
chemistry,6,Kazunori Kataoka,A5015097923;A5078678170,NA_NA_Kazunori-Kataoka_A5015097923.md,kazunori-kataoka.md,
chemistry,7,Craig M. Crews,A5016866989,NA_NA_Craig-M-Crews_A5016866989.md,craig-m-crews.md,
chemistry,7,Raymond J. Deshaies,A5066867755,NA_NA_Raymond-J-Deshaies_A5066867755.md,raymond-j-deshaies.md,
chemistry,7,Stuart L. Schreiber,A5035618234;A5111848285;A5109170929;A5108774877,NA_NA_Stuart-L-Schreiber_A5035618234.md,stuart-l-schreiber.md,
chemistry,8,Arthur L. Horwich,A5034561133,NA_NA_Arthur-L-Horwich_A5034561133.md,arthur-l-horwich.md,
chemistry,8,F. Ulrich Hartl,A5086048712;A5109893703;A5111580352;A5103518730,NA_NA_F-Ulrich-Hartl_A5086048712.md,f-ulrich-hartl.md,
chemistry,9,David W. Deamer,A5004480690,NA_NA_David-W-Deamer_A5004480690.md,david-w-deamer.md,
chemistry,9,Hagan Bayley,A5065179718,NA_NA_Hagan-Bayley_A5065179718.md,hagan-bayley.md,
chemistry,9,Daniel Branton,A5030369201,NA_NA_Daniel-Branton_A5030369201.md,daniel-branton.md,
chemistry,10,Michele Parrinello,A5023487560;A5109157985,NA_NA_Michele-Parrinello_A5023487560.md,michele-parrinello.md,
chemistry,10,Roberto Car,A5007841515;A5108128658,NA_NA_Roberto-Car_A5007841515.md,roberto-car.md,
chemistry,11,Ching W. Tang,A5103415041;A5085816509;A5075010179,NA_NA_Ching-W-Tang_A5103415041.md,ching-w-tang.md,
chemistry,11,Steven A. Van Slyke,A5036976819;A5025520043,NA_NA_Steven-A-Van-Slyke_A5036976819.md,steven-a-van-slyke.md,
chemistry,11,Mark E. Thompson,A5035687175,NA_NA_Mark-E-Thompson_A5035687175.md,mark-e-thompson.md,
chemistry,12,Paul W. K. Rothemund,A5016860712,NA_NA_Paul-W-K-Rothemund_A5016860712.md,paul-w-k-rothemund.md,
chemistry,12,William M. Shih,A5015398607,NA_NA_William-M-Shih_A5015398607.md,william-m-shih.md,
chemistry,12,Hao Yan,A5064979753;A5113696260,NA_NA_Hao-Yan_A5064979753.md,hao-yan.md,
