arm,rep,task_id,created_at,option,p
control,1,77bcb60f-9fd4-46ab-acd1-22d13e8c901c,2026-10-01T20:55:21.106651+00:00,1,0.219423
control,1,77bcb60f-9fd4-46ab-acd1-22d13e8c901c,2026-10-01T20:55:21.106651+00:00,2,0.06019
control,1,77bcb60f-9fd4-46ab-acd1-22d13e8c901c,2026-10-01T20:55:21.106651+00:00,3,0.064124
control,1,77bcb60f-9fd4-46ab-acd1-22d13e8c901c,2026-10-01T20:55:21.106651+00:00,4,0.061823
control,1,77bcb60f-9fd4-46ab-acd1-22d13e8c901c,2026-10-01T20:55:21.106651+00:00,5,0.028081
control,1,77bcb60f-9fd4-46ab-acd1-22d13e8c901c,2026-10-01T20:55:21.106651+00:00,6,0.022887
control,1,77bcb60f-9fd4-46ab-acd1-22d13e8c901c,2026-10-01T20:55:21.106651+00:00,7,0.11996
control,1,77bcb60f-9fd4-46ab-acd1-22d13e8c901c,2026-10-01T20:55:21.106651+00:00,8,0.021262
control,1,77bcb60f-9fd4-46ab-acd1-22d13e8c901c,2026-10-01T20:55:21.106651+00:00,9,0.016753
control,1,77bcb60f-9fd4-46ab-acd1-22d13e8c901c,2026-10-01T20:55:21.106651+00:00,10,0.017893
control,1,77bcb60f-9fd4-46ab-acd1-22d13e8c901c,2026-10-01T20:55:21.106651+00:00,11,0.058212
control,1,77bcb60f-9fd4-46ab-acd1-22d13e8c901c,2026-10-01T20:55:21.106651+00:00,12,0.024391
control,1,77bcb60f-9fd4-46ab-acd1-22d13e8c901c,2026-10-01T20:55:21.106651+00:00,13,0.285001
control,2,70e622cb-3ff8-469b-aa40-c4ae9af90cda,2026-10-01T22:34:05.390354+00:00,1,0.21552
control,2,70e622cb-3ff8-469b-aa40-c4ae9af90cda,2026-10-01T22:34:05.390354+00:00,2,0.06034
control,2,70e622cb-3ff8-469b-aa40-c4ae9af90cda,2026-10-01T22:34:05.390354+00:00,3,0.06513
control,2,70e622cb-3ff8-469b-aa40-c4ae9af90cda,2026-10-01T22:34:05.390354+00:00,4,0.05268
control,2,70e622cb-3ff8-469b-aa40-c4ae9af90cda,2026-10-01T22:34:05.390354+00:00,5,0.02682
control,2,70e622cb-3ff8-469b-aa40-c4ae9af90cda,2026-10-01T22:34:05.390354+00:00,6,0.02586
control,2,70e622cb-3ff8-469b-aa40-c4ae9af90cda,2026-10-01T22:34:05.390354+00:00,7,0.11973
control,2,70e622cb-3ff8-469b-aa40-c4ae9af90cda,2026-10-01T22:34:05.390354+00:00,8,0.02395
control,2,70e622cb-3ff8-469b-aa40-c4ae9af90cda,2026-10-01T22:34:05.390354+00:00,9,0.02395
control,2,70e622cb-3ff8-469b-aa40-c4ae9af90cda,2026-10-01T22:34:05.390354+00:00,10,0.01724
control,2,70e622cb-3ff8-469b-aa40-c4ae9af90cda,2026-10-01T22:34:05.390354+00:00,11,0.05747
control,2,70e622cb-3ff8-469b-aa40-c4ae9af90cda,2026-10-01T22:34:05.390354+00:00,12,0.02395
control,2,70e622cb-3ff8-469b-aa40-c4ae9af90cda,2026-10-01T22:34:05.390354+00:00,13,0.28736
control,3,15690f1b-7d96-4d38-a3f8-485b67edf25d,2026-10-01T22:34:06.092977+00:00,1,0.226333
control,3,15690f1b-7d96-4d38-a3f8-485b67edf25d,2026-10-01T22:34:06.092977+00:00,2,0.044947
control,3,15690f1b-7d96-4d38-a3f8-485b67edf25d,2026-10-01T22:34:06.092977+00:00,3,0.05554
control,3,15690f1b-7d96-4d38-a3f8-485b67edf25d,2026-10-01T22:34:06.092977+00:00,4,0.058174
control,3,15690f1b-7d96-4d38-a3f8-485b67edf25d,2026-10-01T22:34:06.092977+00:00,5,0.022596
control,3,15690f1b-7d96-4d38-a3f8-485b67edf25d,2026-10-01T22:34:06.092977+00:00,6,0.023925
control,3,15690f1b-7d96-4d38-a3f8-485b67edf25d,2026-10-01T22:34:06.092977+00:00,7,0.131061
control,3,15690f1b-7d96-4d38-a3f8-485b67edf25d,2026-10-01T22:34:06.092977+00:00,8,0.02056
control,3,15690f1b-7d96-4d38-a3f8-485b67edf25d,2026-10-01T22:34:06.092977+00:00,9,0.018857
control,3,15690f1b-7d96-4d38-a3f8-485b67edf25d,2026-10-01T22:34:06.092977+00:00,10,0.020085
control,3,15690f1b-7d96-4d38-a3f8-485b67edf25d,2026-10-01T22:34:06.092977+00:00,11,0.063941
control,3,15690f1b-7d96-4d38-a3f8-485b67edf25d,2026-10-01T22:34:06.092977+00:00,12,0.016419
control,3,15690f1b-7d96-4d38-a3f8-485b67edf25d,2026-10-01T22:34:06.092977+00:00,13,0.297562
control,4,c14b76ef-e943-4f84-be1c-d7917c0252a5,2026-10-01T23:02:15.933566+00:00,1,0.179882
control,4,c14b76ef-e943-4f84-be1c-d7917c0252a5,2026-10-01T23:02:15.933566+00:00,2,0.051388
control,4,c14b76ef-e943-4f84-be1c-d7917c0252a5,2026-10-01T23:02:15.933566+00:00,3,0.057621
control,4,c14b76ef-e943-4f84-be1c-d7917c0252a5,2026-10-01T23:02:15.933566+00:00,4,0.062655
control,4,c14b76ef-e943-4f84-be1c-d7917c0252a5,2026-10-01T23:02:15.933566+00:00,5,0.034094
control,4,c14b76ef-e943-4f84-be1c-d7917c0252a5,2026-10-01T23:02:15.933566+00:00,6,0.015949
control,4,c14b76ef-e943-4f84-be1c-d7917c0252a5,2026-10-01T23:02:15.933566+00:00,7,0.112374
control,4,c14b76ef-e943-4f84-be1c-d7917c0252a5,2026-10-01T23:02:15.933566+00:00,8,0.0245
control,4,c14b76ef-e943-4f84-be1c-d7917c0252a5,2026-10-01T23:02:15.933566+00:00,9,0.018714
control,4,c14b76ef-e943-4f84-be1c-d7917c0252a5,2026-10-01T23:02:15.933566+00:00,10,0.016772
control,4,c14b76ef-e943-4f84-be1c-d7917c0252a5,2026-10-01T23:02:15.933566+00:00,11,0.055452
control,4,c14b76ef-e943-4f84-be1c-d7917c0252a5,2026-10-01T23:02:15.933566+00:00,12,0.020178
control,4,c14b76ef-e943-4f84-be1c-d7917c0252a5,2026-10-01T23:02:15.933566+00:00,13,0.350421
treat,1,847951df-8fa4-4f01-b1a4-c428201dc1d3,2026-10-01T22:34:04.814052+00:00,1,0.173547
treat,1,847951df-8fa4-4f01-b1a4-c428201dc1d3,2026-10-01T22:34:04.814052+00:00,2,0.069757
treat,1,847951df-8fa4-4f01-b1a4-c428201dc1d3,2026-10-01T22:34:04.814052+00:00,3,0.060107
treat,1,847951df-8fa4-4f01-b1a4-c428201dc1d3,2026-10-01T22:34:04.814052+00:00,4,0.060423
treat,1,847951df-8fa4-4f01-b1a4-c428201dc1d3,2026-10-01T22:34:04.814052+00:00,5,0.037438
treat,1,847951df-8fa4-4f01-b1a4-c428201dc1d3,2026-10-01T22:34:04.814052+00:00,6,0.018196
treat,1,847951df-8fa4-4f01-b1a4-c428201dc1d3,2026-10-01T22:34:04.814052+00:00,7,0.106409
treat,1,847951df-8fa4-4f01-b1a4-c428201dc1d3,2026-10-01T22:34:04.814052+00:00,8,0.030059
treat,1,847951df-8fa4-4f01-b1a4-c428201dc1d3,2026-10-01T22:34:04.814052+00:00,9,0.025238
treat,1,847951df-8fa4-4f01-b1a4-c428201dc1d3,2026-10-01T22:34:04.814052+00:00,10,0.020592
treat,1,847951df-8fa4-4f01-b1a4-c428201dc1d3,2026-10-01T22:34:04.814052+00:00,11,0.054035
treat,1,847951df-8fa4-4f01-b1a4-c428201dc1d3,2026-10-01T22:34:04.814052+00:00,12,0.024199
treat,1,847951df-8fa4-4f01-b1a4-c428201dc1d3,2026-10-01T22:34:04.814052+00:00,13,0.32
treat,2,7dd0762a-7063-4706-84b8-8941bb0ac7b5,2026-10-01T23:00:11.210832+00:00,1,0.2205
treat,2,7dd0762a-7063-4706-84b8-8941bb0ac7b5,2026-10-01T23:00:11.210832+00:00,2,0.0635
treat,2,7dd0762a-7063-4706-84b8-8941bb0ac7b5,2026-10-01T23:00:11.210832+00:00,3,0.061
treat,2,7dd0762a-7063-4706-84b8-8941bb0ac7b5,2026-10-01T23:00:11.210832+00:00,4,0.0535
treat,2,7dd0762a-7063-4706-84b8-8941bb0ac7b5,2026-10-01T23:00:11.210832+00:00,5,0.0355
treat,2,7dd0762a-7063-4706-84b8-8941bb0ac7b5,2026-10-01T23:00:11.210832+00:00,6,0.02
treat,2,7dd0762a-7063-4706-84b8-8941bb0ac7b5,2026-10-01T23:00:11.210832+00:00,7,0.1205
treat,2,7dd0762a-7063-4706-84b8-8941bb0ac7b5,2026-10-01T23:00:11.210832+00:00,8,0.02175
treat,2,7dd0762a-7063-4706-84b8-8941bb0ac7b5,2026-10-01T23:00:11.210832+00:00,9,0.02175
treat,2,7dd0762a-7063-4706-84b8-8941bb0ac7b5,2026-10-01T23:00:11.210832+00:00,10,0.0145
treat,2,7dd0762a-7063-4706-84b8-8941bb0ac7b5,2026-10-01T23:00:11.210832+00:00,11,0.047
treat,2,7dd0762a-7063-4706-84b8-8941bb0ac7b5,2026-10-01T23:00:11.210832+00:00,12,0.029
treat,2,7dd0762a-7063-4706-84b8-8941bb0ac7b5,2026-10-01T23:00:11.210832+00:00,13,0.2915
treat,3,8cecb4e3-782f-4f3a-ae29-157caf238409,2026-10-01T23:01:44.239916+00:00,1,0.195349
treat,3,8cecb4e3-782f-4f3a-ae29-157caf238409,2026-10-01T23:01:44.239916+00:00,2,0.071628
treat,3,8cecb4e3-782f-4f3a-ae29-157caf238409,2026-10-01T23:01:44.239916+00:00,3,0.055349
treat,3,8cecb4e3-782f-4f3a-ae29-157caf238409,2026-10-01T23:01:44.239916+00:00,4,0.052093
treat,3,8cecb4e3-782f-4f3a-ae29-157caf238409,2026-10-01T23:01:44.239916+00:00,5,0.032558
treat,3,8cecb4e3-782f-4f3a-ae29-157caf238409,2026-10-01T23:01:44.239916+00:00,6,0.022791
treat,3,8cecb4e3-782f-4f3a-ae29-157caf238409,2026-10-01T23:01:44.239916+00:00,7,0.136744
treat,3,8cecb4e3-782f-4f3a-ae29-157caf238409,2026-10-01T23:01:44.239916+00:00,8,0.026047
treat,3,8cecb4e3-782f-4f3a-ae29-157caf238409,2026-10-01T23:01:44.239916+00:00,9,0.019535
treat,3,8cecb4e3-782f-4f3a-ae29-157caf238409,2026-10-01T23:01:44.239916+00:00,10,0.016279
treat,3,8cecb4e3-782f-4f3a-ae29-157caf238409,2026-10-01T23:01:44.239916+00:00,11,0.052093
treat,3,8cecb4e3-782f-4f3a-ae29-157caf238409,2026-10-01T23:01:44.239916+00:00,12,0.019535
treat,3,8cecb4e3-782f-4f3a-ae29-157caf238409,2026-10-01T23:01:44.239916+00:00,13,0.3
