work_id,year,group,laureates,n_laureates,share,women,motivation,jel,jel_l2,jel_l1,agree_l1,agree_l2,agree_l3,rule,contribution,code_A,code_O,code_G,field,field_l2,code_name
1969-1,1969,1,Ragnar Frisch; Jan Tinbergen,2,1.0,0,for having developed and applied dynamic models for the analysis of economic processes,C51,C5,C,3,3,1,majority/score,methods,"C50 (E32, C51, E17)","C54 (E17, E32)","C51 (E32, E17)",Mathematical and Quantitative Methods,Econometric Modeling,Model Construction and Estimation
1970-1,1970,1,Paul A. Samuelson,1,1.0,0,for the scientific work through which he has developed static and dynamic economic theory and actively contributed to raising the level of analysis in economic science,C61,C6,C,3,2,1,majority/tie,theory,"C61 (D11, D50, E12)","C02 (D60, E13)","C60 (D00, E00)",Mathematical and Quantitative Methods,Mathematical Methods • Programming Models • Mathematical and Simulation Modeling,Optimization Techniques • Programming Models • Dynamic Analysis
1971-1,1971,1,Simon Kuznets,1,1.0,0,for his empirically founded interpretation of economic growth which has led to new and deepened insight into the economic and social structure and process of development,O47,O4,O,3,3,3,majority,empirical,"O47 (E01, O15, N10)","O47 (O11, N10)","O47 (N10, E01)","Economic Development, Innovation, Technological Change, and Growth",Economic Growth and Aggregate Productivity,Empirical Studies of Economic Growth • Aggregate Productivity • Cross-Country Output Convergence
1972-1,1972,1,John R. Hicks; Kenneth J. Arrow,2,1.0,0,for their pioneering contributions to general economic equilibrium theory and welfare theory,D51,D5,D,3,3,2,majority,theory,"D51 (D60, D71, D11)","D51 (D60, C62)",D50 (D60),Microeconomics,General Equilibrium and Disequilibrium,Exchange and Production Economies
1973-1,1973,1,Wassily Leontief,1,1.0,0,for the development of the input-output method and for its application to important economic problems,C67,C6,C,3,3,3,majority,methods,"C67 (D57, F14)",C67 (D57),C67 (D57),Mathematical and Quantitative Methods,Mathematical Methods • Programming Models • Mathematical and Simulation Modeling,Input–Output Models
1974-1,1974,1,Gunnar Myrdal; Friedrich von Hayek,2,1.0,0,"for their pioneering work in the theory of money and economic fluctuations and for their penetrating analysis of the interdependence of economic, social and institutional phenomena",E32,E3,E,3,3,3,majority,theory,"E32 (E40, P51, B53)","E32 (E43, E02)","E32 (E40, E02)",Macroeconomics and Monetary Economics,"Prices, Business Fluctuations, and Cycles",Business Fluctuations • Cycles
1975-1,1975,1,Leonid Vitaliyevich Kantorovich; Tjalling C. Koopmans,2,1.0,0,for their contributions to the theory of optimum allocation of resources,C61,C6,C,3,3,3,majority,methods,"C61 (D61, P21, D24)","C61 (D61, D24)","C61 (D61, D24)",Mathematical and Quantitative Methods,Mathematical Methods • Programming Models • Mathematical and Simulation Modeling,Optimization Techniques • Programming Models • Dynamic Analysis
1976-1,1976,1,Milton Friedman,1,1.0,0,"for his achievements in the fields of consumption analysis, monetary history and theory and for his demonstration of the complexity of stabilization policy",E52,E5,E,3,2,2,majority,theory_and_empirical,"E52 (E21, N12, E41)","E52 (E21, E41, N12)","E40 (E21, E52, N12)",Macroeconomics and Monetary Economics,"Monetary Policy, Central Banking, and the Supply of Money and Credit",Monetary Policy
1977-1,1977,1,Bertil Ohlin; James E. Meade,2,1.0,0,for their pathbreaking contribution to the theory of international trade and international capital movements,F11,F1,F,3,3,3,majority,theory,"F11 (F21, F41, F13)","F11 (F21, F32)","F11 (F41, F21)",International Economics,Trade,Neoclassical Models of Trade
1978-1,1978,1,Herbert Simon,1,1.0,0,for his pioneering research into the decision-making process within economic organizations,D23,D2,D,3,3,3,majority,theory,"D23 (D91, D83, D21)","D23 (D91, D81)","D23 (D81, D83)",Microeconomics,Production and Organizations,Organizational Behavior • Transaction Costs • Property Rights
1979-1,1979,1,Theodore W. Schultz; Sir Arthur Lewis,2,1.0,0,for their pioneering research into economic development research with particular consideration of the problems of developing countries,O10,O1,O,3,3,2,majority,theory_and_empirical,"O11 (O13, O15, O12)","O10 (O11, O13, O15)","O10 (O13, O14, O15)","Economic Development, Innovation, Technological Change, and Growth",Economic Development,General
1980-1,1980,1,Lawrence R. Klein,1,1.0,0,for the creation of econometric models and the application to the analysis of economic fluctuations and economic policies,C51,C5,C,3,3,2,majority,methods,"C51 (E17, E32, C53)","C54 (E32, E61)","C51 (E32, E60)",Mathematical and Quantitative Methods,Econometric Modeling,Model Construction and Estimation
1981-1,1981,1,James Tobin,1,1.0,0,"for his analysis of financial markets and their relations to expenditure decisions, employment, production and prices",E44,E4,E,3,3,3,majority,theory,"E44 (G11, E41, E22)","E44 (G11, E22, E43)","E44 (G11, E22, E21)",Macroeconomics and Monetary Economics,Money and Interest Rates,Financial Markets and the Macroeconomy
1982-1,1982,1,George J. Stigler,1,1.0,0,"for his seminal studies of industrial structures, functioning of markets and causes and effects of public regulation",L51,L5,L,3,3,3,majority,theory_and_empirical,"L51 (D83, L11, D72)","L51 (L13, D83, K21)","L51 (L10, D40)",Industrial Organization,Regulation and Industrial Policy,Economics of Regulation
1983-1,1983,1,Gerard Debreu,1,1.0,0,for having incorporated new analytical methods into economic theory and for his rigorous reformulation of the theory of general equilibrium,D51,D5,D,3,3,2,majority,theory,"D51 (C62, C02)","D51 (C62, C02)",D50 (C62),Microeconomics,General Equilibrium and Disequilibrium,Exchange and Production Economies
1984-1,1984,1,Richard Stone,1,1.0,0,for having made fundamental contributions to the development of systems of national accounts and hence greatly improved the basis for empirical economic analysis,E01,E0,E,2,2,2,majority,methods,"E01 (C82, E16)",C82 (E01),E01 (C82),Macroeconomics and Monetary Economics,General,Measurement and Data on National Income and Product Accounts and Wealth • Environmental Accounts
1985-1,1985,1,Franco Modigliani,1,1.0,0,for his pioneering analyses of saving and of financial markets,E21,E2,E,3,3,3,majority,theory_and_empirical,"E21 (D15, G32, G12)","E21 (G32, D15)",E21 (G32),Macroeconomics and Monetary Economics,"Consumption, Saving, Production, Investment, Labor Markets, and Informal Economy",Consumption • Saving • Wealth
1986-1,1986,1,James M. Buchanan Jr.,1,1.0,0,for his development of the contractual and constitutional bases for the theory of economic and political decision-making,D72,D7,D,3,3,3,majority,theory,"D72 (D71, H11, D78)","D72 (D71, H11)","D72 (H11, D71)",Microeconomics,Analysis of Collective Decision-Making,"Political Processes: Rent-Seeking, Lobbying, Elections, Legislatures, and Voting Behavior"
1987-1,1987,1,Robert M. Solow,1,1.0,0,for his contributions to the theory of economic growth,O41,O4,O,3,3,3,majority,theory_and_empirical,"O41 (O47, O33, E13)",O41 (O47),"O41 (E13, O47)","Economic Development, Innovation, Technological Change, and Growth",Economic Growth and Aggregate Productivity,"One, Two, and Multisector Growth Models"
1988-1,1988,1,Maurice Allais,1,1.0,0,for his pioneering contributions to the theory of markets and efficient utilization of resources,D51,D5,D,3,3,2,majority,theory,"D51 (D61, O41, L51)","D51 (D61, C62)","D50 (D60, D81)",Microeconomics,General Equilibrium and Disequilibrium,Exchange and Production Economies
1989-1,1989,1,Trygve Haavelmo,1,1.0,0,for his clarification of the probability theory foundations of econometrics and his analyses of simultaneous economic structures,C30,C3,C,3,2,2,majority,methods,"C30 (C10, C36)","C30 (C10, C51)",C10 (C30),Mathematical and Quantitative Methods,Multiple or Simultaneous Equation Models • Multiple Variables,General
1990-1,1990,1,Harry M. Markowitz; Merton H. Miller; William F. Sharpe,3,1.0,0,for their pioneering work in the theory of financial economics,G11,G1,G,3,3,2,majority,theory,"G11 (G12, G32)","G12 (G11, G32)","G11 (G12, G32)",Financial Economics,General Financial Markets,Portfolio Choice • Investment Decisions
1991-1,1991,1,Ronald H. Coase,1,1.0,0,for his discovery and clarification of the significance of transaction costs and property rights for the institutional structure and functioning of the economy,D23,D2,D,3,3,3,majority,theory,"D23 (K11, D62, L22)","D23 (D02, K11)","D23 (K11, L22)",Microeconomics,Production and Organizations,Organizational Behavior • Transaction Costs • Property Rights
1992-1,1992,1,Gary Becker,1,1.0,0,"for having extended the domain of microeconomic analysis to a wide range of human behaviour and interaction, including nonmarket behaviour",D10,D1,D,3,2,2,majority,theory_and_empirical,"D10 (J24, J71, K42)","D01 (J24, J12, K42)","D10 (J24, K42, J71)",Microeconomics,Household Behavior and Family Economics,General
1993-1,1993,1,Robert W. Fogel; Douglass C. North,2,1.0,0,for having renewed research in economic history by applying economic theory and quantitative methods in order to explain economic and institutional change,N01,N0,N,3,3,2,majority,theory_and_empirical,"N00 (N41, N11, O43)","N01 (O43, P14)","N01 (N10, O43)",Economic History,General,Development of the Discipline: Historiographical; Sources and Methods
1994-1,1994,1,John C. Harsanyi; John F. Nash Jr.; Reinhard Selten,3,1.0,0,for their pioneering analysis of equilibria in the theory of non-cooperative games,C72,C7,C,3,3,3,majority,theory,"C72 (C73, D82)","C72 (C73, C71)",C72 (D82),Mathematical and Quantitative Methods,Game Theory and Bargaining Theory,Noncooperative Games
1995-1,1995,1,Robert E. Lucas Jr.,1,1.0,0,"for having developed and applied the hypothesis of rational expectations, and thereby having transformed macroeconomic analysis and deepened our understanding of economic policy",E13,E1,E,3,2,2,majority,theory,"E31 (D84, E52, E32)","E13 (D84, E61, E32)","E13 (D84, E61, E32)",Macroeconomics and Monetary Economics,General Aggregative Models,Neoclassical
1996-1,1996,1,James A. Mirrlees; William Vickrey,2,1.0,0,for their fundamental contributions to the economic theory of incentives under asymmetric information,D82,D8,D,3,3,3,majority,theory,"D82 (H21, D44)","D82 (D86, H21, D44)","D82 (H21, D44)",Microeconomics,"Information, Knowledge, and Uncertainty",Asymmetric and Private Information • Mechanism Design
1997-1,1997,1,Robert C. Merton; Myron Scholes,2,1.0,0,for a new method to determine the value of derivatives,G13,G1,G,2,2,2,majority,theory,G13 (C61),"C61 (G13, G12)",G13 (C60),Financial Economics,General Financial Markets,Contingent Pricing • Futures Pricing
1998-1,1998,1,Amartya Sen,1,1.0,0,for his contributions to welfare economics,D63,D6,D,3,3,2,majority,theory_and_empirical,"D63 (D71, I32, O15)","D63 (D71, I32, I31)","D60 (D71, I32, O15)",Microeconomics,Welfare Economics,"Equity, Justice, Inequality, and Other Normative Criteria and Measurement"
1999-1,1999,1,Robert Mundell,1,1.0,0,for his analysis of monetary and fiscal policy under different exchange rate regimes and his analysis of optimum currency areas,F41,F4,F,3,3,3,majority,theory,"F41 (F33, F45, E63)","F41 (F45, E52, E62)","F41 (F45, E63)",International Economics,Macroeconomic Aspects of International Trade and Finance,Open Economy Macroeconomics
2000-1,2000,1,James J. Heckman,1,0.5,0,for his development of theory and methods for analyzing selective samples,C24,C2,C,3,3,3,majority,methods,"C24 (C34, J22, J31)","C24 (C21, J31)",C24 (J22),Mathematical and Quantitative Methods,Single Equation Models • Single Variables,Truncated and Censored Models • Switching Regression Models • Threshold Regression Models
2000-2,2000,2,Daniel L. McFadden,1,0.5,0,for his development of theory and methods for analyzing discrete choice,C25,C2,C,3,3,3,majority,methods,"C25 (C35, D12, R41)","C25 (R41, D12)",C25 (R41),Mathematical and Quantitative Methods,Single Equation Models • Single Variables,Discrete Regression and Qualitative Choice Models • Discrete Regressors • Proportions • Probabilities
2001-1,2001,1,George A. Akerlof; A. Michael Spence; Joseph E. Stiglitz,3,1.0,0,for their analyses of markets with asymmetric information,D82,D8,D,3,3,3,majority,theory,"D82 (L15, J24, G21)","D82 (D86, D83)",D82,Microeconomics,"Information, Knowledge, and Uncertainty",Asymmetric and Private Information • Mechanism Design
2002-1,2002,1,Daniel Kahneman,1,0.5,0,"for having integrated insights from psychological research into economic science, especially concerning human judgment and decision-making under uncertainty",D91,D9,D,3,3,3,majority,theory_and_empirical,"D91 (D81, C91)","D91 (D81, C91)",D91 (D81),Microeconomics,Micro-Based Behavioral Economics,"Role and Effects of Psychological, Emotional, Social, and Cognitive Factors on Decision Making"
2002-2,2002,2,Vernon L. Smith,1,0.5,0,"for having established laboratory experiments as a tool in empirical economic analysis, especially in the study of alternative market mechanisms",C92,C9,C,3,3,2,majority,methods,"C92 (C91, D44, D47)","C92 (D44, D47)","C90 (D44, D47)",Mathematical and Quantitative Methods,Design of Experiments,"Laboratory, Group Behavior"
2003-1,2003,1,Robert F. Engle III,1,0.5,0,for methods of analyzing economic time series with time-varying volatility (ARCH),C22,C2,C,3,3,3,majority,methods,"C22 (C58, G12)","C22 (C58, C53)","C22 (C58, G12)",Mathematical and Quantitative Methods,Single Equation Models • Single Variables,Time-Series Models • Dynamic Quantile Regressions • Dynamic Treatment Effect Models • Diffusion Processes
2003-2,2003,2,Clive W.J. Granger,1,0.5,0,for methods of analyzing economic time series with common trends (cointegration),C32,C3,C,3,3,3,majority,methods,"C32 (C22, E00)","C32 (C22, C51)",C32 (E37),Mathematical and Quantitative Methods,Multiple or Simultaneous Equation Models • Multiple Variables,Time-Series Models • Dynamic Quantile Regressions • Dynamic Treatment Effect Models • Diffusion Processes • State Space Models
2004-1,2004,1,Finn E. Kydland; Edward C. Prescott,2,1.0,0,for their contributions to dynamic macroeconomics: the time consistency of economic policy and the driving forces behind business cycles,E32,E3,E,3,3,3,majority,theory_and_empirical,"E32 (E61, E13, C61)","E32 (E61, E13, C61)",E32 (E61),Macroeconomics and Monetary Economics,"Prices, Business Fluctuations, and Cycles",Business Fluctuations • Cycles
2005-1,2005,1,Robert J. Aumann; Thomas C. Schelling,2,1.0,0,for having enhanced our understanding of conflict and cooperation through game-theory analysis,C73,C7,C,3,3,1,majority/tie,theory,"C73 (D74, C72, F51)","C72 (C73, C71, D74)",C70 (D74),Mathematical and Quantitative Methods,Game Theory and Bargaining Theory,Stochastic and Dynamic Games • Evolutionary Games • Repeated Games
2006-1,2006,1,Edmund S. Phelps,1,1.0,0,for his analysis of intertemporal tradeoffs in macroeconomic policy,E61,E6,E,3,2,2,majority,theory,"E24 (E31, O41, E61)","E61 (E24, E31, E52)","E61 (E31, E24)",Macroeconomics and Monetary Economics,"Macroeconomic Policy, Macroeconomic Aspects of Public Finance, and General Outlook",Policy  Objectives • Policy Designs and Consistency • Policy Coordination
2007-1,2007,1,Leonid Hurwicz; Eric S. Maskin; Roger B. Myerson,3,1.0,0,for having laid the foundations of mechanism design theory,D82,D8,D,3,3,3,majority,theory,"D82 (D71, D44, D47)","D82 (C72, D47)",D82,Microeconomics,"Information, Knowledge, and Uncertainty",Asymmetric and Private Information • Mechanism Design
2008-1,2008,1,Paul Krugman,1,1.0,0,for his analysis of trade patterns and location of economic activity,F12,F1,F,3,3,3,majority,theory,"F12 (R12, F14)","F12 (R12, F14)",F12 (R12),International Economics,Trade,Models of Trade with Imperfect Competition and Scale Economies • Fragmentation
2009-1,2009,1,Elinor Ostrom,1,0.5,1,"for her analysis of economic governance, especially the commons",D02,D0,D,2,2,2,majority,theory_and_empirical,"Q20 (D02, H41, D71)","D02 (Q20, D71, H41)","D02 (Q20, H41)",Microeconomics,General,"Institutions: Design, Formation, Operations, and Impact"
2009-2,2009,2,Oliver E. Williamson,1,0.5,0,"for his analysis of economic governance, especially the boundaries of the firm",D23,D2,D,3,3,3,majority,theory,"D23 (L22, L14, D02)","D23 (L22, L14)",D23 (L22),Microeconomics,Production and Organizations,Organizational Behavior • Transaction Costs • Property Rights
2010-1,2010,1,Peter A. Diamond; Dale T. Mortensen; Christopher A. Pissarides,3,1.0,0,for their analysis of markets with search frictions,J64,J6,J,2,2,2,majority,theory,"J64 (D83, J63, E24)","D83 (J64, C78, E24)",J64 (D83),Labor and Demographic Economics,"Mobility, Unemployment, Vacancies, and Immigrant Workers","Unemployment: Models, Duration, Incidence, and Job Search"
2011-1,2011,1,Thomas J. Sargent; Christopher A. Sims,2,1.0,0,for their empirical research on cause and effect in the macroeconomy,C32,C3,C,3,3,3,majority,methods,"C32 (E52, E17, D84)","C32 (E17, C54, E52)",C32 (E32),Mathematical and Quantitative Methods,Multiple or Simultaneous Equation Models • Multiple Variables,Time-Series Models • Dynamic Quantile Regressions • Dynamic Treatment Effect Models • Diffusion Processes • State Space Models
2012-1,2012,1,Alvin E. Roth; Lloyd S. Shapley,2,1.0,0,for the theory of stable allocations and the practice of market design,C78,C7,C,3,3,3,majority,theory_and_empirical,"C78 (D47, C71)","C78 (D47, C71, D82)",C78 (D47),Mathematical and Quantitative Methods,Game Theory and Bargaining Theory,Bargaining Theory • Matching Theory
2013-1,2013,1,Eugene F. Fama; Lars Peter Hansen; Robert J. Shiller,3,1.0,0,for their empirical analysis of asset prices,G12,G1,G,3,3,3,majority,empirical,"G12 (G14, C58, C13)","G12 (C58, G14, G40)","G12 (G14, C13)",Financial Economics,General Financial Markets,Asset Pricing • Trading Volume • Bond Interest Rates
2014-1,2014,1,Jean Tirole,1,1.0,0,for his analysis of market power and regulation,L51,L5,L,3,3,3,majority,theory,"L51 (L13, D82, L12)","L51 (L13, L41, D82)","L51 (L13, L40, D82)",Industrial Organization,Regulation and Industrial Policy,Economics of Regulation
2015-1,2015,1,Angus Deaton,1,1.0,0,"for his analysis of consumption, poverty, and welfare",D12,D1,D,3,3,3,majority,theory_and_empirical,"D12 (I32, O12, E21)","D12 (I32, I31, C43)","D12 (I32, E21, O12)",Microeconomics,Household Behavior and Family Economics,Consumer Economics: Empirical Analysis
2016-1,2016,1,Oliver Hart; Bengt Holmström,2,1.0,0,for their contributions to contract theory,D86,D8,D,3,3,3,majority,theory,"D86 (D82, D23, G32)","D86 (D82, D23)","D86 (D23, M52, G34)",Microeconomics,"Information, Knowledge, and Uncertainty",Economics of Contract: Theory
2017-1,2017,1,Richard H. Thaler,1,1.0,0,for his contributions to behavioural economics,D91,D9,D,3,3,3,majority,theory_and_empirical,"D91 (D11, G41, D15)","D91 (G41, D81)","D91 (G41, E71)",Microeconomics,Micro-Based Behavioral Economics,"Role and Effects of Psychological, Emotional, Social, and Cognitive Factors on Decision Making"
2018-1,2018,1,William D. Nordhaus,1,0.5,0,for integrating climate change into long-run macroeconomic analysis,Q54,Q5,Q,3,3,3,majority,theory_and_empirical,"Q54 (O44, C68, Q58)","Q54 (O44, Q58, C61)","Q54 (O44, E10, C68)",Agricultural and Natural Resource Economics • Environmental and Ecological Economics,Environmental Economics,Climate • Natural Disasters and Their Management • Global Warming
2018-2,2018,2,Paul M. Romer,1,0.5,0,for integrating technological innovations into long-run macroeconomic analysis,O41,O4,O,3,3,3,majority,theory,"O41 (O31, O33)","O41 (O31, O33)","O41 (O31, E10)","Economic Development, Innovation, Technological Change, and Growth",Economic Growth and Aggregate Productivity,"One, Two, and Multisector Growth Models"
2019-1,2019,1,Abhijit Banerjee; Esther Duflo; Michael Kremer,3,1.0,1,for their experimental approach to alleviating global poverty,O12,O1,O,2,2,2,majority,empirical,"O12 (C93, I32, I21)","C93 (O12, I32, I25)","O12 (C93, I32, I25)","Economic Development, Innovation, Technological Change, and Growth",Economic Development,Microeconomic Analyses of Economic Development
2020-1,2020,1,Paul R. Milgrom; Robert B. Wilson,2,1.0,0,for improvements to auction theory and inventions of new auction formats,D44,D4,D,3,3,3,majority,theory,"D44 (D47, D82, C72)","D44 (D47, D82, C72)","D44 (D82, C72)",Microeconomics,"Market Structure, Pricing, and Design",Auctions
2021-1,2021,1,David Card,1,0.5,0,for his empirical contributions to labour economics,J31,J3,J,3,2,2,majority,empirical,"J31 (J23, J61, I26)","J31 (J38, J61, J24)","J01 (J31, J61, I26)",Labor and Demographic Economics,"Wages, Compensation, and Labor Costs",Wage Level and Structure • Wage Differentials
2021-2,2021,2,Joshua D. Angrist; Guido W. Imbens,2,0.5,0,for their methodological contributions to the analysis of causal relationships,C21,C2,C,3,3,2,majority,methods,"C21 (C26, I26)","C26 (C21, C18)","C21 (C26, C18)",Mathematical and Quantitative Methods,Single Equation Models • Single Variables,Cross-Sectional Models • Spatial Models • Treatment Effect Models • Quantile Regressions
2022-1,2022,1,Ben Bernanke; Douglas Diamond; Philip Dybvig,3,1.0,0,for research on banks and financial crises,G21,G2,G,3,3,3,majority,theory_and_empirical,"G21 (G01, E44, N22)","G21 (G01, E44, E32)","G21 (G01, E44)",Financial Economics,Financial Institutions and Services,Banks • Depository Institutions • Micro Finance Institutions • Mortgages
2023-1,2023,1,Claudia Goldin,1,1.0,1,for having advanced our understanding of women’s labour market outcomes,J16,J1,J,3,3,3,majority,empirical,"J16 (N32, J31, J22)","J16 (J22, J31, N32)","J16 (N32, J22, J31)",Labor and Demographic Economics,Demographic Economics,Economics of Gender • Non-labor Discrimination
2024-1,2024,1,Daron Acemoglu; Simon Johnson; James A. Robinson,3,1.0,0,for studies of how institutions are formed and affect prosperity,O43,O4,O,3,3,3,majority,theory_and_empirical,"O43 (P16, F54, N40)","O43 (D02, N40, P16)","O43 (N40, P51, D02)","Economic Development, Innovation, Technological Change, and Growth",Economic Growth and Aggregate Productivity,Institutions and Growth
2025-1,2025,1,Joel Mokyr,1,0.5,0,for having identified the prerequisites for sustained growth through technological progress,N13,N1,N,2,2,2,majority,empirical,"N13 (O33, O40, N73)","N13 (O33, O43, Z13)","O33 (N13, N73, O43)",Economic History,Macroeconomics and Monetary Economics • Industrial Structure • Growth • Fluctuations,Europe: Pre-1913
2025-2,2025,2,Philippe Aghion; Peter Howitt,2,0.5,0,for the theory of sustained growth through creative destruction,O41,O4,O,3,3,3,majority,theory,"O41 (O31, O33, L16)","O41 (O31, O33, L16)","O41 (O31, O33, E10)","Economic Development, Innovation, Technological Change, and Growth",Economic Growth and Aggregate Productivity,"One, Two, and Multisector Growth Models"
