arm,rep,batch,created_at,option,p
control,1,1 Oct,2026-10-01T20:55:21.106651+00:00,1,0.219423
control,1,1 Oct,2026-10-01T20:55:21.106651+00:00,2,0.06019
control,1,1 Oct,2026-10-01T20:55:21.106651+00:00,3,0.064124
control,1,1 Oct,2026-10-01T20:55:21.106651+00:00,4,0.061823
control,1,1 Oct,2026-10-01T20:55:21.106651+00:00,5,0.028081
control,1,1 Oct,2026-10-01T20:55:21.106651+00:00,6,0.022887
control,1,1 Oct,2026-10-01T20:55:21.106651+00:00,7,0.11996
control,1,1 Oct,2026-10-01T20:55:21.106651+00:00,8,0.021262
control,1,1 Oct,2026-10-01T20:55:21.106651+00:00,9,0.016753
control,1,1 Oct,2026-10-01T20:55:21.106651+00:00,10,0.017893
control,1,1 Oct,2026-10-01T20:55:21.106651+00:00,11,0.058212
control,1,1 Oct,2026-10-01T20:55:21.106651+00:00,12,0.024391
control,1,1 Oct,2026-10-01T20:55:21.106651+00:00,13,0.285001
control,2,1 Oct,2026-10-01T22:34:05.390354+00:00,1,0.21552
control,2,1 Oct,2026-10-01T22:34:05.390354+00:00,2,0.06034
control,2,1 Oct,2026-10-01T22:34:05.390354+00:00,3,0.06513
control,2,1 Oct,2026-10-01T22:34:05.390354+00:00,4,0.05268
control,2,1 Oct,2026-10-01T22:34:05.390354+00:00,5,0.02682
control,2,1 Oct,2026-10-01T22:34:05.390354+00:00,6,0.02586
control,2,1 Oct,2026-10-01T22:34:05.390354+00:00,7,0.11973
control,2,1 Oct,2026-10-01T22:34:05.390354+00:00,8,0.02395
control,2,1 Oct,2026-10-01T22:34:05.390354+00:00,9,0.02395
control,2,1 Oct,2026-10-01T22:34:05.390354+00:00,10,0.01724
control,2,1 Oct,2026-10-01T22:34:05.390354+00:00,11,0.05747
control,2,1 Oct,2026-10-01T22:34:05.390354+00:00,12,0.02395
control,2,1 Oct,2026-10-01T22:34:05.390354+00:00,13,0.28736
control,3,1 Oct,2026-10-01T22:34:06.092977+00:00,1,0.226333
control,3,1 Oct,2026-10-01T22:34:06.092977+00:00,2,0.044947
control,3,1 Oct,2026-10-01T22:34:06.092977+00:00,3,0.05554
control,3,1 Oct,2026-10-01T22:34:06.092977+00:00,4,0.058174
control,3,1 Oct,2026-10-01T22:34:06.092977+00:00,5,0.022596
control,3,1 Oct,2026-10-01T22:34:06.092977+00:00,6,0.023925
control,3,1 Oct,2026-10-01T22:34:06.092977+00:00,7,0.131061
control,3,1 Oct,2026-10-01T22:34:06.092977+00:00,8,0.02056
control,3,1 Oct,2026-10-01T22:34:06.092977+00:00,9,0.018857
control,3,1 Oct,2026-10-01T22:34:06.092977+00:00,10,0.020085
control,3,1 Oct,2026-10-01T22:34:06.092977+00:00,11,0.063941
control,3,1 Oct,2026-10-01T22:34:06.092977+00:00,12,0.016419
control,3,1 Oct,2026-10-01T22:34:06.092977+00:00,13,0.297562
control,4,1 Oct,2026-10-01T23:02:15.933566+00:00,1,0.179882
control,4,1 Oct,2026-10-01T23:02:15.933566+00:00,2,0.051388
control,4,1 Oct,2026-10-01T23:02:15.933566+00:00,3,0.057621
control,4,1 Oct,2026-10-01T23:02:15.933566+00:00,4,0.062655
control,4,1 Oct,2026-10-01T23:02:15.933566+00:00,5,0.034094
control,4,1 Oct,2026-10-01T23:02:15.933566+00:00,6,0.015949
control,4,1 Oct,2026-10-01T23:02:15.933566+00:00,7,0.112374
control,4,1 Oct,2026-10-01T23:02:15.933566+00:00,8,0.0245
control,4,1 Oct,2026-10-01T23:02:15.933566+00:00,9,0.018714
control,4,1 Oct,2026-10-01T23:02:15.933566+00:00,10,0.016772
control,4,1 Oct,2026-10-01T23:02:15.933566+00:00,11,0.055452
control,4,1 Oct,2026-10-01T23:02:15.933566+00:00,12,0.020178
control,4,1 Oct,2026-10-01T23:02:15.933566+00:00,13,0.350421
cards,1,1 Oct,2026-10-01T22:34:04.814052+00:00,1,0.173547
cards,1,1 Oct,2026-10-01T22:34:04.814052+00:00,2,0.069757
cards,1,1 Oct,2026-10-01T22:34:04.814052+00:00,3,0.060107
cards,1,1 Oct,2026-10-01T22:34:04.814052+00:00,4,0.060423
cards,1,1 Oct,2026-10-01T22:34:04.814052+00:00,5,0.037438
cards,1,1 Oct,2026-10-01T22:34:04.814052+00:00,6,0.018196
cards,1,1 Oct,2026-10-01T22:34:04.814052+00:00,7,0.106409
cards,1,1 Oct,2026-10-01T22:34:04.814052+00:00,8,0.030059
cards,1,1 Oct,2026-10-01T22:34:04.814052+00:00,9,0.025238
cards,1,1 Oct,2026-10-01T22:34:04.814052+00:00,10,0.020592
cards,1,1 Oct,2026-10-01T22:34:04.814052+00:00,11,0.054035
cards,1,1 Oct,2026-10-01T22:34:04.814052+00:00,12,0.024199
cards,1,1 Oct,2026-10-01T22:34:04.814052+00:00,13,0.32
cards,2,1 Oct,2026-10-01T23:00:11.210832+00:00,1,0.2205
cards,2,1 Oct,2026-10-01T23:00:11.210832+00:00,2,0.0635
cards,2,1 Oct,2026-10-01T23:00:11.210832+00:00,3,0.061
cards,2,1 Oct,2026-10-01T23:00:11.210832+00:00,4,0.0535
cards,2,1 Oct,2026-10-01T23:00:11.210832+00:00,5,0.0355
cards,2,1 Oct,2026-10-01T23:00:11.210832+00:00,6,0.02
cards,2,1 Oct,2026-10-01T23:00:11.210832+00:00,7,0.1205
cards,2,1 Oct,2026-10-01T23:00:11.210832+00:00,8,0.02175
cards,2,1 Oct,2026-10-01T23:00:11.210832+00:00,9,0.02175
cards,2,1 Oct,2026-10-01T23:00:11.210832+00:00,10,0.0145
cards,2,1 Oct,2026-10-01T23:00:11.210832+00:00,11,0.047
cards,2,1 Oct,2026-10-01T23:00:11.210832+00:00,12,0.029
cards,2,1 Oct,2026-10-01T23:00:11.210832+00:00,13,0.2915
cards,3,1 Oct,2026-10-01T23:01:44.239916+00:00,1,0.195349
cards,3,1 Oct,2026-10-01T23:01:44.239916+00:00,2,0.071628
cards,3,1 Oct,2026-10-01T23:01:44.239916+00:00,3,0.055349
cards,3,1 Oct,2026-10-01T23:01:44.239916+00:00,4,0.052093
cards,3,1 Oct,2026-10-01T23:01:44.239916+00:00,5,0.032558
cards,3,1 Oct,2026-10-01T23:01:44.239916+00:00,6,0.022791
cards,3,1 Oct,2026-10-01T23:01:44.239916+00:00,7,0.136744
cards,3,1 Oct,2026-10-01T23:01:44.239916+00:00,8,0.026047
cards,3,1 Oct,2026-10-01T23:01:44.239916+00:00,9,0.019535
cards,3,1 Oct,2026-10-01T23:01:44.239916+00:00,10,0.016279
cards,3,1 Oct,2026-10-01T23:01:44.239916+00:00,11,0.052093
cards,3,1 Oct,2026-10-01T23:01:44.239916+00:00,12,0.019535
cards,3,1 Oct,2026-10-01T23:01:44.239916+00:00,13,0.3
control,5,2 Oct,2026-10-02T14:05:16.691706+00:00,1,0.175044
control,5,2 Oct,2026-10-02T14:05:16.691706+00:00,2,0.060617
control,5,2 Oct,2026-10-02T14:05:16.691706+00:00,3,0.056308
control,5,2 Oct,2026-10-02T14:05:16.691706+00:00,4,0.054707
control,5,2 Oct,2026-10-02T14:05:16.691706+00:00,5,0.033614
control,5,2 Oct,2026-10-02T14:05:16.691706+00:00,6,0.02758
control,5,2 Oct,2026-10-02T14:05:16.691706+00:00,7,0.120915
control,5,2 Oct,2026-10-02T14:05:16.691706+00:00,8,0.022343
control,5,2 Oct,2026-10-02T14:05:16.691706+00:00,9,0.018687
control,5,2 Oct,2026-10-02T14:05:16.691706+00:00,10,0.018861
control,5,2 Oct,2026-10-02T14:05:16.691706+00:00,11,0.056309
control,5,2 Oct,2026-10-02T14:05:16.691706+00:00,12,0.026469
control,5,2 Oct,2026-10-02T14:05:16.691706+00:00,13,0.328545
main,1,2 Oct,2026-10-02T14:04:20.826197+00:00,1,0.030288
main,1,2 Oct,2026-10-02T14:04:20.826197+00:00,2,0.079003
main,1,2 Oct,2026-10-02T14:04:20.826197+00:00,3,0.054754
main,1,2 Oct,2026-10-02T14:04:20.826197+00:00,4,0.022138
main,1,2 Oct,2026-10-02T14:04:20.826197+00:00,5,0.057075
main,1,2 Oct,2026-10-02T14:04:20.826197+00:00,6,0.027836
main,1,2 Oct,2026-10-02T14:04:20.826197+00:00,7,0.048168
main,1,2 Oct,2026-10-02T14:04:20.826197+00:00,8,0.07659
main,1,2 Oct,2026-10-02T14:04:20.826197+00:00,9,0.062112
main,1,2 Oct,2026-10-02T14:04:20.826197+00:00,10,0.036334
main,1,2 Oct,2026-10-02T14:04:20.826197+00:00,11,0.041443
main,1,2 Oct,2026-10-02T14:04:20.826197+00:00,12,0.064259
main,1,2 Oct,2026-10-02T14:04:20.826197+00:00,13,0.4
balanced,1,2 Oct,2026-10-02T14:55:31.824949+00:00,1,0.110131
balanced,1,2 Oct,2026-10-02T14:55:31.824949+00:00,2,0.07372
balanced,1,2 Oct,2026-10-02T14:55:31.824949+00:00,3,0.086228
balanced,1,2 Oct,2026-10-02T14:55:31.824949+00:00,4,0.034614
balanced,1,2 Oct,2026-10-02T14:55:31.824949+00:00,5,0.040939
balanced,1,2 Oct,2026-10-02T14:55:31.824949+00:00,6,0.010522
balanced,1,2 Oct,2026-10-02T14:55:31.824949+00:00,7,0.116748
balanced,1,2 Oct,2026-10-02T14:55:31.824949+00:00,8,0.05438
balanced,1,2 Oct,2026-10-02T14:55:31.824949+00:00,9,0.035139
balanced,1,2 Oct,2026-10-02T14:55:31.824949+00:00,10,0.017451
balanced,1,2 Oct,2026-10-02T14:55:31.824949+00:00,11,0.054097
balanced,1,2 Oct,2026-10-02T14:55:31.824949+00:00,12,0.026031
balanced,1,2 Oct,2026-10-02T14:55:31.824949+00:00,13,0.34
