arm,rep,sub,option,p
control,1,0,1,0.18
control,1,0,2,0.046
control,1,0,3,0.058
control,1,0,4,0.039
control,1,0,5,0.024
control,1,0,6,0.049
control,1,0,7,0.17
control,1,0,8,0.012
control,1,0,9,0.018
control,1,0,10,0.017
control,1,0,11,0.034
control,1,0,12,0.028
control,1,0,13,0.325
control,1,1,1,0.234
control,1,1,2,0.104
control,1,1,3,0.06625
control,1,1,4,0.0635
control,1,1,5,0.02675
control,1,1,6,0.03375
control,1,1,7,0.06725
control,1,1,8,0.02975
control,1,1,9,0.019
control,1,1,10,0.01225
control,1,1,11,0.071
control,1,1,12,0.025
control,1,1,13,0.2475
control,1,2,1,0.215612
control,1,2,2,0.055899
control,1,2,3,0.078259
control,1,2,4,0.063885
control,1,2,5,0.03354
control,1,2,6,0.023957
control,1,2,7,0.134159
control,1,2,8,0.023957
control,1,2,9,0.015971
control,1,2,10,0.015971
control,1,2,11,0.071871
control,1,2,12,0.02795
control,1,2,13,0.238969
control,1,3,1,0.1956
control,1,3,2,0.0507
control,1,3,3,0.0489
control,1,3,4,0.0561
control,1,3,5,0.0344
control,1,3,6,0.0172
control,1,3,7,0.096
control,1,3,8,0.0254
control,1,3,9,0.0208
control,1,3,10,0.019
control,1,3,11,0.0815
control,1,3,12,0.0244
control,1,3,13,0.33
control,2,0,1,0.168
control,2,0,2,0.069
control,2,0,3,0.049
control,2,0,4,0.046
control,2,0,5,0.034
control,2,0,6,0.024
control,2,0,7,0.192
control,2,0,8,0.016
control,2,0,9,0.009
control,2,0,10,0.021
control,2,0,11,0.056
control,2,0,12,0.015
control,2,0,13,0.301
control,2,1,1,0.2245
control,2,1,2,0.0635
control,2,1,3,0.073
control,2,1,4,0.05
control,2,1,5,0.0195
control,2,1,6,0.02575
control,2,1,7,0.11425
control,2,1,8,0.0315
control,2,1,9,0.021
control,2,1,10,0.01575
control,2,1,11,0.0385
control,2,1,12,0.0325
control,2,1,13,0.29025
control,2,2,1,0.23119
control,2,2,2,0.06242
control,2,2,3,0.05461
control,2,2,4,0.05852
control,2,2,5,0.02731
control,2,2,6,0.02813
control,2,2,7,0.11487
control,2,2,8,0.02731
control,2,2,9,0.03511
control,2,2,10,0.0195
control,2,2,11,0.05852
control,2,2,12,0.02731
control,2,2,13,0.2552
control,2,3,1,0.21072
control,2,3,2,0.057034
control,2,3,3,0.064839
control,2,3,4,0.071901
control,2,3,5,0.02953
control,2,3,6,0.02953
control,2,3,7,0.079334
control,2,3,8,0.0273
control,2,3,9,0.03845
control,2,3,10,0.023584
control,2,3,11,0.064467
control,2,3,12,0.031017
control,2,3,13,0.272294
control,3,0,1,0.165
control,3,0,2,0.055
control,3,0,3,0.055
control,3,0,4,0.045
control,3,0,5,0.025
control,3,0,6,0.045
control,3,0,7,0.225
control,3,0,8,0.02
control,3,0,9,0.015
control,3,0,10,0.025
control,3,0,11,0.055
control,3,0,12,0.015
control,3,0,13,0.255
control,3,1,1,0.266
control,3,1,2,0.041
control,3,1,3,0.043
control,3,1,4,0.049
control,3,1,5,0.0162
control,3,1,6,0.016
control,3,1,7,0.134
control,3,1,8,0.023
control,3,1,9,0.0248
control,3,1,10,0.033
control,3,1,11,0.074
control,3,1,12,0.022
control,3,1,13,0.258
control,3,2,1,0.21492
control,3,2,2,0.041155
control,3,2,3,0.0503
control,3,2,4,0.068409
control,3,2,5,0.03018
control,3,2,6,0.02012
control,3,2,7,0.158035
control,3,2,8,0.017377
control,3,2,9,0.015547
control,3,2,10,0.013718
control,3,2,11,0.068363
control,3,2,12,0.014633
control,3,2,13,0.287243
control,3,3,1,0.2035
control,3,3,2,0.0484
control,3,3,3,0.064
control,3,3,4,0.07775
control,3,3,5,0.0219
control,3,3,6,0.01765
control,3,3,7,0.1195
control,3,3,8,0.0245
control,3,3,9,0.0225
control,3,3,10,0.0112
control,3,3,11,0.05645
control,3,3,12,0.01615
control,3,3,13,0.3165
control,4,0,1,0.095
control,4,0,2,0.045
control,4,0,3,0.05
control,4,0,4,0.055
control,4,0,5,0.04
control,4,0,6,0.01
control,4,0,7,0.09
control,4,0,8,0.02
control,4,0,9,0.015
control,4,0,10,0.025
control,4,0,11,0.05
control,4,0,12,0.025
control,4,0,13,0.48
control,4,1,1,0.18925
control,4,1,2,0.06175
control,4,1,3,0.0435
control,4,1,4,0.08675
control,4,1,5,0.03575
control,4,1,6,0.02875
control,4,1,7,0.17525
control,4,1,8,0.03475
control,4,1,9,0.026
control,4,1,10,0.01875
control,4,1,11,0.05525
control,4,1,12,0.02575
control,4,1,13,0.2185
control,4,2,1,0.172951
control,4,2,2,0.064441
control,4,2,3,0.073619
control,4,2,4,0.07748
control,4,2,5,0.035192
control,4,2,6,0.025719
control,4,2,7,0.103383
control,4,2,8,0.029055
control,4,2,9,0.021881
control,4,2,10,0.018851
control,4,2,11,0.063439
control,4,2,12,0.022035
control,4,2,13,0.291954
control,4,3,1,0.186368
control,4,3,2,0.042843
control,4,3,3,0.042843
control,4,3,4,0.046738
control,4,3,5,0.031159
control,4,3,6,0.029211
control,4,3,7,0.12853
control,4,3,8,0.019474
control,4,3,9,0.015579
control,4,3,10,0.014021
control,4,3,11,0.058423
control,4,3,12,0.017137
control,4,3,13,0.367673
cards,1,0,1,0.1145
cards,1,0,2,0.0555
cards,1,0,3,0.0715
cards,1,0,4,0.0545
cards,1,0,5,0.0445
cards,1,0,6,0.015
cards,1,0,7,0.1415
cards,1,0,8,0.0275
cards,1,0,9,0.0245
cards,1,0,10,0.0245
cards,1,0,11,0.0555
cards,1,0,12,0.0265
cards,1,0,13,0.3445
cards,1,1,1,0.2
cards,1,1,2,0.0786
cards,1,1,3,0.0571
cards,1,1,4,0.0571
cards,1,1,5,0.0286
cards,1,1,6,0.0214
cards,1,1,7,0.1143
cards,1,1,8,0.0286
cards,1,1,9,0.0214
cards,1,1,10,0.0143
cards,1,1,11,0.0429
cards,1,1,12,0.0214
cards,1,1,13,0.3143
cards,1,2,1,0.14472
cards,1,2,2,0.08107
cards,1,2,3,0.08576
cards,1,2,4,0.05226
cards,1,2,5,0.037855
cards,1,2,6,0.02948
cards,1,2,7,0.0871
cards,1,2,8,0.032495
cards,1,2,9,0.025125
cards,1,2,10,0.015075
cards,1,2,11,0.05896
cards,1,2,12,0.0201
cards,1,2,13,0.33
cards,1,3,1,0.1895
cards,1,3,2,0.058
cards,1,3,3,0.06025
cards,1,3,4,0.062
cards,1,3,5,0.0385
cards,1,3,6,0.012875
cards,1,3,7,0.14325
cards,1,3,8,0.035
cards,1,3,9,0.03275
cards,1,3,10,0.01975
cards,1,3,11,0.044625
cards,1,3,12,0.0315
cards,1,3,13,0.272
cards,2,0,1,0.170936
cards,2,0,2,0.074606
cards,2,0,3,0.044666
cards,2,0,4,0.038755
cards,2,0,5,0.033601
cards,2,0,6,0.039596
cards,2,0,7,0.211899
cards,2,0,8,0.020362
cards,2,0,9,0.013743
cards,2,0,10,0.012818
cards,2,0,11,0.043705
cards,2,0,12,0.025313
cards,2,0,13,0.27
cards,2,1,1,0.2449
cards,2,1,2,0.0514
cards,2,1,3,0.0616
cards,2,1,4,0.0685
cards,2,1,5,0.0214
cards,2,1,6,0.0214
cards,2,1,7,0.1199
cards,2,1,8,0.0214
cards,2,1,9,0.0257
cards,2,1,10,0.0171
cards,2,1,11,0.0599
cards,2,1,12,0.0257
cards,2,1,13,0.2611
cards,2,2,1,0.197
cards,2,2,2,0.0745
cards,2,2,3,0.0455
cards,2,2,4,0.0635
cards,2,2,5,0.03275
cards,2,2,6,0.015
cards,2,2,7,0.07525
cards,2,2,8,0.029
cards,2,2,9,0.024
cards,2,2,10,0.0195
cards,2,2,11,0.06525
cards,2,2,12,0.03625
cards,2,2,13,0.3225
cards,2,3,1,0.166695
cards,2,3,2,0.06737
cards,2,3,3,0.062648
cards,2,3,4,0.053046
cards,2,3,5,0.038093
cards,2,3,6,0.025736
cards,2,3,7,0.104046
cards,2,3,8,0.023611
cards,2,3,9,0.035023
cards,2,3,10,0.018181
cards,2,3,11,0.055565
cards,2,3,12,0.029986
cards,2,3,13,0.32
cards,3,0,1,0.225
cards,3,0,2,0.06
cards,3,0,3,0.029
cards,3,0,4,0.048
cards,3,0,5,0.027
cards,3,0,6,0.035
cards,3,0,7,0.15
cards,3,0,8,0.021
cards,3,0,9,0.019
cards,3,0,10,0.017
cards,3,0,11,0.038
cards,3,0,12,0.016
cards,3,0,13,0.315
cards,3,1,1,0.200286
cards,3,1,2,0.059571
cards,3,1,3,0.059714
cards,3,1,4,0.050571
cards,3,1,5,0.036571
cards,3,1,6,0.020857
cards,3,1,7,0.135857
cards,3,1,8,0.024571
cards,3,1,9,0.020857
cards,3,1,10,0.020143
cards,3,1,11,0.040143
cards,3,1,12,0.020857
cards,3,1,13,0.31
cards,3,2,1,0.221805
cards,3,2,2,0.078587
cards,3,2,3,0.061688
cards,3,2,4,0.051082
cards,3,2,5,0.036408
cards,3,2,6,0.022031
cards,3,2,7,0.150571
cards,3,2,8,0.031435
cards,3,2,9,0.026437
cards,3,2,10,0.015717
cards,3,2,11,0.043223
cards,3,2,12,0.015717
cards,3,2,13,0.245299
cards,3,3,1,0.14884
cards,3,3,2,0.08062
cards,3,3,3,0.05434
cards,3,3,4,0.05906
cards,3,3,5,0.03898
cards,3,3,6,0.02599
cards,3,3,7,0.1329
cards,3,3,8,0.03928
cards,3,3,9,0.02363
cards,3,3,10,0.0189
cards,3,3,11,0.07088
cards,3,3,12,0.02658
cards,3,3,13,0.28
control,5,0,1,0.155
control,5,0,2,0.07
control,5,0,3,0.06
control,5,0,4,0.05
control,5,0,5,0.035
control,5,0,6,0.045
control,5,0,7,0.145
control,5,0,8,0.025
control,5,0,9,0.01
control,5,0,10,0.015
control,5,0,11,0.045
control,5,0,12,0.03
control,5,0,13,0.315
control,5,1,1,0.196789
control,5,1,2,0.051247
control,5,1,3,0.058934
control,5,1,4,0.044414
control,5,1,5,0.026307
control,5,1,6,0.023232
control,5,1,7,0.124359
control,5,1,8,0.023915
control,5,1,9,0.030748
control,5,1,10,0.021524
control,5,1,11,0.046122
control,5,1,12,0.03536
control,5,1,13,0.317049
control,5,2,1,0.235963
control,5,2,2,0.060592
control,5,2,3,0.049729
control,5,2,4,0.055846
control,5,2,5,0.038506
control,5,2,6,0.02701
control,5,2,7,0.109861
control,5,2,8,0.022631
control,5,2,9,0.020349
control,5,2,10,0.017063
control,5,2,11,0.062052
control,5,2,12,0.02409
control,5,2,13,0.276308
control,5,3,1,0.1526
control,5,3,2,0.0631
control,5,3,3,0.0618
control,5,3,4,0.0594
control,5,3,5,0.0371
control,5,3,6,0.0334
control,5,3,7,0.1081
control,5,3,8,0.0272
control,5,3,9,0.0204
control,5,3,10,0.0173
control,5,3,11,0.0693
control,5,3,12,0.0303
control,5,3,13,0.32
main,1,0,1,0.066657
main,1,0,2,0.052404
main,1,0,3,0.041072
main,1,0,4,0.016565
main,1,0,5,0.041252
main,1,0,6,0.041391
main,1,0,7,0.068873
main,1,0,8,0.05448
main,1,0,9,0.041352
main,1,0,10,0.025951
main,1,0,11,0.02972
main,1,0,12,0.040284
main,1,0,13,0.48
main,1,1,1,0.032171
main,1,1,2,0.09288
main,1,1,3,0.062279
main,1,1,4,0.024627
main,1,1,5,0.059689
main,1,1,6,0.036509
main,1,1,7,0.045874
main,1,1,8,0.088678
main,1,1,9,0.072022
main,1,1,10,0.048906
main,1,1,11,0.049303
main,1,1,12,0.067062
main,1,1,13,0.32
main,1,2,1,0.024831
main,1,2,2,0.098623
main,1,2,3,0.065588
main,1,2,4,0.019784
main,1,2,5,0.062865
main,1,2,6,0.023434
main,1,2,7,0.047912
main,1,2,8,0.088215
main,1,2,9,0.074524
main,1,2,10,0.033913
main,1,2,11,0.044496
main,1,2,12,0.065815
main,1,2,13,0.35
main,1,3,1,0.029319
main,1,3,2,0.104063
main,1,3,3,0.071605
main,1,3,4,0.021501
main,1,3,5,0.069937
main,1,3,6,0.023153
main,1,3,7,0.043111
main,1,3,8,0.084466
main,1,3,9,0.083172
main,1,3,10,0.037669
main,1,3,11,0.040724
main,1,3,12,0.09128
main,1,3,13,0.3
balanced,1,0,1,0.143273
balanced,1,0,2,0.046481
balanced,1,0,3,0.072584
balanced,1,0,4,0.031968
balanced,1,0,5,0.01767
balanced,1,0,6,0.006237
balanced,1,0,7,0.141241
balanced,1,0,8,0.020975
balanced,1,0,9,0.026588
balanced,1,0,10,0.018898
balanced,1,0,11,0.037515
balanced,1,0,12,0.01657
balanced,1,0,13,0.42
balanced,1,1,1,0.105299
balanced,1,1,2,0.089007
balanced,1,1,3,0.078776
balanced,1,1,4,0.035845
balanced,1,1,5,0.05082
balanced,1,1,6,0.011419
balanced,1,1,7,0.142467
balanced,1,1,8,0.056848
balanced,1,1,9,0.04024
balanced,1,1,10,0.017256
balanced,1,1,11,0.058782
balanced,1,1,12,0.033241
balanced,1,1,13,0.28
balanced,1,2,1,0.129035
balanced,1,2,2,0.103284
balanced,1,2,3,0.054242
balanced,1,2,4,0.034011
balanced,1,2,5,0.047439
balanced,1,2,6,0.026391
balanced,1,2,7,0.06628
balanced,1,2,8,0.086811
balanced,1,2,9,0.043751
balanced,1,2,10,0.027145
balanced,1,2,11,0.069213
balanced,1,2,12,0.042399
balanced,1,2,13,0.27
balanced,1,3,1,0.080901
balanced,1,3,2,0.090977
balanced,1,3,3,0.075903
balanced,1,3,4,0.050573
balanced,1,3,5,0.0488
balanced,1,3,6,0.030996
balanced,1,3,7,0.063216
balanced,1,3,8,0.058649
balanced,1,3,9,0.054306
balanced,1,3,10,0.03205
balanced,1,3,11,0.068327
balanced,1,3,12,0.045302
balanced,1,3,13,0.3
