arm,rep,created_at,option,p
control,1,2026-10-01T22:33:58.290428+00:00,1,0.068121
control,1,2026-10-01T22:33:58.290428+00:00,2,0.18512
control,1,2026-10-01T22:33:58.290428+00:00,3,0.054058
control,1,2026-10-01T22:33:58.290428+00:00,4,0.050296
control,1,2026-10-01T22:33:58.290428+00:00,5,0.058917
control,1,2026-10-01T22:33:58.290428+00:00,6,0.068201
control,1,2026-10-01T22:33:58.290428+00:00,7,0.049473
control,1,2026-10-01T22:33:58.290428+00:00,8,0.03256
control,1,2026-10-01T22:33:58.290428+00:00,9,0.023459
control,1,2026-10-01T22:33:58.290428+00:00,10,0.038293
control,1,2026-10-01T22:33:58.290428+00:00,11,0.030703
control,1,2026-10-01T22:33:58.290428+00:00,12,0.012882
control,1,2026-10-01T22:33:58.290428+00:00,13,0.327916
control,2,2026-10-01T23:13:25.908085+00:00,1,0.055325
control,2,2026-10-01T23:13:25.908085+00:00,2,0.197787
control,2,2026-10-01T23:13:25.908085+00:00,3,0.06639
control,2,2026-10-01T23:13:25.908085+00:00,4,0.045182
control,2,2026-10-01T23:13:25.908085+00:00,5,0.055325
control,2,2026-10-01T23:13:25.908085+00:00,6,0.055325
control,2,2026-10-01T23:13:25.908085+00:00,7,0.046104
control,2,2026-10-01T23:13:25.908085+00:00,8,0.032273
control,2,2026-10-01T23:13:25.908085+00:00,9,0.024896
control,2,2026-10-01T23:13:25.908085+00:00,10,0.033195
control,2,2026-10-01T23:13:25.908085+00:00,11,0.027663
control,2,2026-10-01T23:13:25.908085+00:00,12,0.014753
control,2,2026-10-01T23:13:25.908085+00:00,13,0.345781
control,3,2026-10-01T23:13:26.698589+00:00,1,0.068506
control,3,2026-10-01T23:13:26.698589+00:00,2,0.187662
control,3,2026-10-01T23:13:26.698589+00:00,3,0.077822
control,3,2026-10-01T23:13:26.698589+00:00,4,0.03893
control,3,2026-10-01T23:13:26.698589+00:00,5,0.057988
control,3,2026-10-01T23:13:26.698589+00:00,6,0.061698
control,3,2026-10-01T23:13:26.698589+00:00,7,0.045926
control,3,2026-10-01T23:13:26.698589+00:00,8,0.039341
control,3,2026-10-01T23:13:26.698589+00:00,9,0.024764
control,3,2026-10-01T23:13:26.698589+00:00,10,0.030464
control,3,2026-10-01T23:13:26.698589+00:00,11,0.033299
control,3,2026-10-01T23:13:26.698589+00:00,12,0.013726
control,3,2026-10-01T23:13:26.698589+00:00,13,0.319874
control,4,2026-10-01T23:46:16.661294+00:00,1,0.067384
control,4,2026-10-01T23:46:16.661294+00:00,2,0.183099
control,4,2026-10-01T23:46:16.661294+00:00,3,0.049415
control,4,2026-10-01T23:46:16.661294+00:00,4,0.053907
control,4,2026-10-01T23:46:16.661294+00:00,5,0.053907
control,4,2026-10-01T23:46:16.661294+00:00,6,0.062891
control,4,2026-10-01T23:46:16.661294+00:00,7,0.042227
control,4,2026-10-01T23:46:16.661294+00:00,8,0.035938
control,4,2026-10-01T23:46:16.661294+00:00,9,0.026055
control,4,2026-10-01T23:46:16.661294+00:00,10,0.025157
control,4,2026-10-01T23:46:16.661294+00:00,11,0.042227
control,4,2026-10-01T23:46:16.661294+00:00,12,0.019766
control,4,2026-10-01T23:46:16.661294+00:00,13,0.338027
treat,1,2026-10-01T23:13:25.287264+00:00,1,0.07222
treat,1,2026-10-01T23:13:25.287264+00:00,2,0.192587
treat,1,2026-10-01T23:13:25.287264+00:00,3,0.048147
treat,1,2026-10-01T23:13:25.287264+00:00,4,0.042033
treat,1,2026-10-01T23:13:25.287264+00:00,5,0.050822
treat,1,2026-10-01T23:13:25.287264+00:00,6,0.061521
treat,1,2026-10-01T23:13:25.287264+00:00,7,0.055025
treat,1,2026-10-01T23:13:25.287264+00:00,8,0.044135
treat,1,2026-10-01T23:13:25.287264+00:00,9,0.032098
treat,1,2026-10-01T23:13:25.287264+00:00,10,0.026748
treat,1,2026-10-01T23:13:25.287264+00:00,11,0.042224
treat,1,2026-10-01T23:13:25.287264+00:00,12,0.011464
treat,1,2026-10-01T23:13:25.287264+00:00,13,0.320976
treat,2,2026-10-01T23:46:17.355129+00:00,1,0.068349
treat,2,2026-10-01T23:46:17.355129+00:00,2,0.202646
treat,2,2026-10-01T23:46:17.355129+00:00,3,0.048345
treat,2,2026-10-01T23:46:17.355129+00:00,4,0.035089
treat,2,2026-10-01T23:46:17.355129+00:00,5,0.054524
treat,2,2026-10-01T23:46:17.355129+00:00,6,0.057257
treat,2,2026-10-01T23:46:17.355129+00:00,7,0.051215
treat,2,2026-10-01T23:46:17.355129+00:00,8,0.043769
treat,2,2026-10-01T23:46:17.355129+00:00,9,0.025972
treat,2,2026-10-01T23:46:17.355129+00:00,10,0.022125
treat,2,2026-10-01T23:46:17.355129+00:00,11,0.033923
treat,2,2026-10-01T23:46:17.355129+00:00,12,0.01234
treat,2,2026-10-01T23:46:17.355129+00:00,13,0.344446
treat,3,2026-10-01T23:46:18.394293+00:00,1,0.061424
treat,3,2026-10-01T23:46:18.394293+00:00,2,0.181568
treat,3,2026-10-01T23:46:18.394293+00:00,3,0.054987
treat,3,2026-10-01T23:46:18.394293+00:00,4,0.044712
treat,3,2026-10-01T23:46:18.394293+00:00,5,0.046545
treat,3,2026-10-01T23:46:18.394293+00:00,6,0.069546
treat,3,2026-10-01T23:46:18.394293+00:00,7,0.045259
treat,3,2026-10-01T23:46:18.394293+00:00,8,0.046712
treat,3,2026-10-01T23:46:18.394293+00:00,9,0.028302
treat,3,2026-10-01T23:46:18.394293+00:00,10,0.032693
treat,3,2026-10-01T23:46:18.394293+00:00,11,0.04517
treat,3,2026-10-01T23:46:18.394293+00:00,12,0.014104
treat,3,2026-10-01T23:46:18.394293+00:00,13,0.328978
