arm,sub,option,p
control,0,1,0.04468225
control,0,2,0.23296024999999998
control,0,3,0.060976749999999996
control,0,4,0.0466145
control,0,5,0.0436435
control,0,6,0.0407895
control,0,7,0.036953
control,0,8,0.03570225
control,0,9,0.02527375
control,0,10,0.03348925
control,0,11,0.02368575
control,0,12,0.01222925
control,0,13,0.363
control,1,1,0.0786175
control,1,2,0.15893174999999998
control,1,3,0.065515
control,1,4,0.0444495
control,1,5,0.060726749999999996
control,1,6,0.06488075
control,1,7,0.05286925
control,1,8,0.03023125
control,1,9,0.0216895
control,1,10,0.03460025
control,1,11,0.052263500000000004
control,1,12,0.019657
control,1,13,0.31556825
control,2,1,0.07100275
control,2,2,0.15868975
control,2,3,0.05048975
control,2,4,0.05050375
control,2,5,0.06752
control,2,6,0.07262725
control,2,7,0.0446015
control,2,8,0.038374
control,2,9,0.02713725
control,2,10,0.0342865
control,2,11,0.040944
control,2,12,0.01771375
control,2,13,0.32611
control,3,1,0.0772295
control,3,2,0.141031
control,3,3,0.062636
control,3,4,0.046392749999999996
control,3,5,0.0626555
control,3,6,0.0625695
control,3,7,0.04893375
control,3,8,0.0385625
control,3,9,0.02667225
control,3,10,0.034994750000000005
control,3,11,0.03997125
control,3,12,0.01962075
control,3,13,0.3387305
treat,0,1,0.04257266666666667
treat,0,2,0.18683833333333333
treat,0,3,0.07983633333333333
treat,0,4,0.043501000000000005
treat,0,5,0.05050366666666667
treat,0,6,0.04614933333333334
treat,0,7,0.046815999999999997
treat,0,8,0.03460233333333334
treat,0,9,0.037079
treat,0,10,0.030875666666666666
treat,0,11,0.044712
treat,0,12,0.014874333333333331
treat,0,13,0.3416396666666666
treat,1,1,0.07464333333333333
treat,1,2,0.12911266666666668
treat,1,3,0.04424166666666667
treat,1,4,0.047133666666666664
treat,1,5,0.05950066666666667
treat,1,6,0.083153
treat,1,7,0.06294166666666667
treat,1,8,0.04625033333333334
treat,1,9,0.027327
treat,1,10,0.029873
treat,1,11,0.05153433333333333
treat,1,12,0.012485333333333334
treat,1,13,0.331803
treat,2,1,0.07451200000000001
treat,2,2,0.16267733333333334
treat,2,3,0.028027
treat,2,4,0.04048033333333333
treat,2,5,0.06371933333333334
treat,2,6,0.06765966666666666
treat,2,7,0.05555833333333333
treat,2,8,0.060499666666666674
treat,2,9,0.029146000000000002
treat,2,10,0.026815999999999996
treat,2,11,0.039106999999999996
treat,2,12,0.013768333333333334
treat,2,13,0.33802899999999997
treat,3,1,0.09296666666666668
treat,3,2,0.1667
treat,3,3,0.05046666666666667
treat,3,4,0.039411
treat,3,5,0.054433333333333334
treat,3,6,0.06146666666666667
treat,3,7,0.046955666666666666
treat,3,8,0.047911
treat,3,9,0.027933333333333334
treat,3,10,0.026400000000000003
treat,3,11,0.04245566666666667
treat,3,12,0.013833333333333335
treat,3,13,0.3290666666666667
