field,option,name,affiliation,status,qid,label,description,born,died,n,others
physics,1,Charles L. Kane,University of Pennsylvania,living (no date of death),Q1065222,Charles L. Kane,American physicist,1963-01-12,,1,
physics,1,Eugene J. Mele,University of Pennsylvania,living (no date of death),Q30321687,Eugene Mele,American physicist,1950-10-16,,1,
physics,1,Laurens W. Molenkamp,University of Würzburg,living (no date of death),Q1808047,Laurens W. Molenkamp,Dutch physicist,1956-08-04,,1,
physics,2,Hidetoshi Katori,University of Tokyo and RIKEN,living (no date of death),Q21698500,Hidetoshi Katori,engineer in Japan,1964-09-27,,1,
physics,2,Jun Ye,"JILA, NIST and University of Colorado Boulder","living (no date of death); 4 candidates, first taken",Q103830411,Jun Ye,electrical engineer,,,4,Q100456875 Jun Ye (researcher (ORCID 0000-0001-6245-1796)) d.-; Q22005647 Jun Ye (Chinese-American physicist and professor) d.-; Q130933006 Jun Ye (researcher (ORCID 0009-0003-4628-087X)) d.-
physics,3,John B. Pendry,Imperial College London,living (no date of death),Q1376193,John Pendry,British physicist,1943-07-04,,1,
physics,3,David R. Smith,Duke University,"living (no date of death); 2 candidates, first taken",Q947925,David R. Smith,American physicist,1964-01-01,,2,"Q120778287 David R. Smith: A Festschrift in Honor of His Many Contributions to Entomology on the Occasion of His 80th Birthday, with a List of Publications (scientific article published in 2017) d.-"
physics,3,Eli Yablonovitch,"University of California, Berkeley",living (no date of death),Q347721,Eli Yablonovitch,American physicist,1946-12-15,,1,
physics,4,Michael V. Berry,University of Bristol,living (no date of death),Q707825,Michael Victor Berry,British physicist,1941-03-14,,1,
physics,4,Yakir Aharonov,Chapman University,living (no date of death),Q721892,Yakir Aharonov,Israeli physicist,1932-08-28,,1,
physics,5,Allan H. MacDonald,University of Texas at Austin,living (no date of death),Q4730656,Allan H. MacDonald,Canadian-American physicist,1951-12-01,,1,
physics,5,Pablo Jarillo-Herrero,Massachusetts Institute of Technology,living (no date of death),Q56928107,Pablo Jarillo-Herrero,Spanish physicist at MIT,1976-06-11,,1,
physics,5,Rafi Bistritzer,Tel Aviv University,living (no date of death),Q81911850,Rafi Bistritzer,Israeli physicist,1974-01-01,,1,
physics,6,Charles H. Bennett,IBM Research,living (no date of death),Q92931,Charles H. Bennett,"American physicist, information theorist and IBM Research fellow",1943-04-07,,1,
physics,6,Gilles Brassard,Université de Montréal,living (no date of death),Q92938,Gilles Brassard,Canadian computer scientist,1955-04-20,,1,
physics,6,Peter W. Shor,Massachusetts Institute of Technology,living (no date of death),Q370071,Peter Shor,American professor of applied mathematics at MIT,1959-08-14,,1,
physics,7,Francis Halzen,University of Wisconsin–Madison,living (no date of death),Q20942818,Francis Halzen,American astrophysicist,1944-03-23,,1,
physics,7,Albrecht Karle,University of Wisconsin–Madison,no match,,,,,,0,
physics,7,Naoko Kurahashi Neilson,Drexel University,living (no date of death),Q131343927,Naoko Kurahashi Neilson,American astrophysicist,,,1,
physics,8,Heino Falcke,Radboud University,living (no date of death),Q2715077,Heino Falcke,German astronomer,1966-09-26,,1,
physics,8,Sheperd S. Doeleman,Center for Astrophysics | Harvard & Smithsonian,living (no date of death),Q63121753,Shep Doeleman,American astronomer,1967-01-26,,1,
physics,8,Katherine L. Bouman,California Institute of Technology,living (no date of death),Q63080922,Katie Bouman,American engineer and computer scientist,1989-05-09,,1,
physics,9,Immanuel Bloch,Max Planck Institute of Quantum Optics and LMU Munich,living (no date of death),Q100694,Immanuel Bloch,German physicist (b. 1972),1972-11-16,,1,
physics,9,J. Ignacio Cirac,Max Planck Institute of Quantum Optics,living (no date of death),Q650171,Juan Ignacio Cirac Sasturáin,Spanish theoretical physicist,1965-10-11,,1,
physics,9,Peter Zoller,University of Innsbruck,living (no date of death),Q78670,Peter Zoller,Austrian theoretical physicist (1952-),1952-09-16,,1,
physics,10,Alfred Y. Cho,"Bell Laboratories, emeritus",living (no date of death),Q462900,Alfred Y. Cho,Chinese electrical engineer,1937-07-10,,1,
physics,10,Federico Capasso,Harvard University,living (no date of death),Q764570,Federico Capasso,Italian applied physicist (1949-),1949-01-01,,1,
physics,10,Jérôme Faist,ETH Zurich,living (no date of death),Q1714996,Jérôme Faist,Swiss physicist,1962-01-23,,1,
physics,11,Maximilian Haider,CEOS GmbH,"living (no date of death); 2 candidates, first taken",Q85322,Maximilian Haider,Austrian physicist,1950-01-23,,2,Q96051516 Maximilian Haider (researcher) d.-
physics,11,Knut Urban,Forschungszentrum Jülich,living (no date of death),Q110765,Knut Urban,German physicist,1941-06-25,,1,
physics,11,Ondrej L. Krivanek,Nion Co.,living (no date of death),Q7092222,Ondrej Krivanek,Czech-British physicist,1950-08-01,,1,
physics,12,Alan H. Guth,Massachusetts Institute of Technology,living (no date of death),Q323316,Alan Guth,American theoretical physicist and cosmologist,1947-02-27,,1,
physics,12,Andrei Linde,Stanford University,living (no date of death),Q368087,Andrei Linde,Russian-born American theoretical physicist,1948-03-02,,1,
physics,12,Viatcheslav Mukhanov,Ludwig Maximilian University of Munich,living (no date of death),Q1844592,Viatcheslav Mukhanov,German cosmologist and theoretical physicist,1956-10-02,,1,
