year,prize,group,group_size,n_groups,laureate,full_name,family_name,portion,motivation,motivation_api,motivation_matches_api,top_motivation,affiliations,affiliations_short,affiliation_countries,gender,birth_date,birth_date_precision,birth_country_now,death_date,date_awarded,age_at_award,age_approximate,api_laureate_id,wikidata_id,facts_url,summary_url
1969,Sveriges Riksbank Prize in Economic Sciences in Memory of Alfred Nobel,1,2,1,Ragnar Frisch,Ragnar Frisch,Frisch,1/2,for having developed and applied dynamic models for the analysis of economic processes,for having developed and applied dynamic models for the analysis of economic processes,True,,"University of Oslo, Oslo, Norway","University of Oslo, Oslo",Norway,male,1895-03-03,day,Norway,1973-01-31,1969-10-27,74,False,677,Q187988,https://www.nobelprize.org/prizes/economic-sciences/1969/frisch/facts/,https://www.nobelprize.org/prizes/economic-sciences/1969/summary/
1969,Sveriges Riksbank Prize in Economic Sciences in Memory of Alfred Nobel,1,2,1,Jan Tinbergen,Jan Tinbergen,Tinbergen,1/2,for having developed and applied dynamic models for the analysis of economic processes,for having developed and applied dynamic models for the analysis of economic processes,True,,"The Netherlands School of Economics, Rotterdam, the Netherlands","The Netherlands School of Economics, Rotterdam",the Netherlands,male,1903-04-12,day,the Netherlands,1994-06-09,1969-10-27,66,False,678,Q183181,https://www.nobelprize.org/prizes/economic-sciences/1969/tinbergen/facts/,https://www.nobelprize.org/prizes/economic-sciences/1969/summary/
1970,Sveriges Riksbank Prize in Economic Sciences in Memory of Alfred Nobel,1,1,1,Paul A. Samuelson,Paul A. Samuelson,Samuelson,1,for the scientific work through which he has developed static and dynamic economic theory and actively contributed to raising the level of analysis in economic science,for the scientific work through which he has developed static and dynamic economic theory and actively contributed to raising the level of analysis in economic science,True,,"Massachusetts Institute of Technology (MIT), Cambridge, MA, USA","Massachusetts Institute of Technology (MIT), Cambridge, MA",USA,male,1915-05-15,day,USA,2009-12-13,1970-10-26,55,False,679,Q102454,https://www.nobelprize.org/prizes/economic-sciences/1970/samuelson/facts/,https://www.nobelprize.org/prizes/economic-sciences/1970/summary/
1971,Sveriges Riksbank Prize in Economic Sciences in Memory of Alfred Nobel,1,1,1,Simon Kuznets,Simon Kuznets,Kuznets,1,for his empirically founded interpretation of economic growth which has led to new and deepened insight into the economic and social structure and process of development,for his empirically founded interpretation of economic growth which has led to new and deepened insight into the economic and social structure and process of development,True,,"Harvard University, Cambridge, MA, USA","Harvard University, Cambridge, MA",USA,male,1901-04-30,day,Belarus,1985-07-08,1971-10-15,70,False,680,Q192577,https://www.nobelprize.org/prizes/economic-sciences/1971/kuznets/facts/,https://www.nobelprize.org/prizes/economic-sciences/1971/summary/
1972,Sveriges Riksbank Prize in Economic Sciences in Memory of Alfred Nobel,1,2,1,John R. Hicks,John R. Hicks,Hicks,1/2,for their pioneering contributions to general economic equilibrium theory and welfare theory,for their pioneering contributions to general economic equilibrium theory and welfare theory,True,,"All Souls College, Oxford, United Kingdom","All Souls College, Oxford",United Kingdom,male,1904-04-08,day,United Kingdom,1989-05-20,1972-10-25,68,False,681,Q184862,https://www.nobelprize.org/prizes/economic-sciences/1972/hicks/facts/,https://www.nobelprize.org/prizes/economic-sciences/1972/summary/
1972,Sveriges Riksbank Prize in Economic Sciences in Memory of Alfred Nobel,1,2,1,Kenneth J. Arrow,Kenneth J. Arrow,Arrow,1/2,for their pioneering contributions to general economic equilibrium theory and welfare theory,for their pioneering contributions to general economic equilibrium theory and welfare theory,True,,"Harvard University, Cambridge, MA, USA","Harvard University, Cambridge, MA",USA,male,1921-08-23,day,USA,2017-02-21,1972-10-25,51,False,682,Q192592,https://www.nobelprize.org/prizes/economic-sciences/1972/arrow/facts/,https://www.nobelprize.org/prizes/economic-sciences/1972/summary/
1973,Sveriges Riksbank Prize in Economic Sciences in Memory of Alfred Nobel,1,1,1,Wassily Leontief,Wassily Wassilyevich Leontief,Leontief,1,for the development of the input-output method and for its application to important economic problems,for the development of the input-output method and for its application to important economic problems,True,,"Harvard University, Cambridge, MA, USA","Harvard University, Cambridge, MA",USA,male,1906-08-05,day,Russia,1999-02-05,1973-10-18,67,False,683,Q44061,https://www.nobelprize.org/prizes/economic-sciences/1973/leontief/facts/,https://www.nobelprize.org/prizes/economic-sciences/1973/summary/
1974,Sveriges Riksbank Prize in Economic Sciences in Memory of Alfred Nobel,1,2,1,Gunnar Myrdal,Gunnar Myrdal,Myrdal,1/2,"for their pioneering work in the theory of money and economic fluctuations and for their penetrating analysis of the interdependence of economic, social and institutional phenomena","for their pioneering work in the theory of money and economic fluctuations and for their penetrating analysis of the interdependence of economic, social and institutional phenomena",True,,,,,male,1898-12-06,day,Sweden,1987-05-17,1974-10-09,75,False,684,Q152452,https://www.nobelprize.org/prizes/economic-sciences/1974/myrdal/facts/,https://www.nobelprize.org/prizes/economic-sciences/1974/summary/
1974,Sveriges Riksbank Prize in Economic Sciences in Memory of Alfred Nobel,1,2,1,Friedrich von Hayek,Friedrich August von Hayek,von Hayek,1/2,"for their pioneering work in the theory of money and economic fluctuations and for their penetrating analysis of the interdependence of economic, social and institutional phenomena","for their pioneering work in the theory of money and economic fluctuations and for their penetrating analysis of the interdependence of economic, social and institutional phenomena",True,,,,,male,1899-05-08,day,Austria,1992-03-23,1974-10-09,75,False,685,Q1325,https://www.nobelprize.org/prizes/economic-sciences/1974/hayek/facts/,https://www.nobelprize.org/prizes/economic-sciences/1974/summary/
1975,Sveriges Riksbank Prize in Economic Sciences in Memory of Alfred Nobel,1,2,1,Leonid Vitaliyevich Kantorovich,Leonid Vitaliyevich Kantorovich,Kantorovich,1/2,for their contributions to the theory of optimum allocation of resources,for their contributions to the theory of optimum allocation of resources,True,,"Academy of Sciences, Moscow, USSR","Academy of Sciences, Moscow",Russia,male,1912-01-19,day,Russia,1986-04-07,1975-10-14,63,False,686,Q107441,https://www.nobelprize.org/prizes/economic-sciences/1975/kantorovich/facts/,https://www.nobelprize.org/prizes/economic-sciences/1975/summary/
1975,Sveriges Riksbank Prize in Economic Sciences in Memory of Alfred Nobel,1,2,1,Tjalling C. Koopmans,Tjalling C. Koopmans,Koopmans,1/2,for their contributions to the theory of optimum allocation of resources,for their contributions to the theory of optimum allocation of resources,True,,"Yale University, New Haven, CT, USA","Yale University, New Haven, CT",USA,male,1910-08-28,day,the Netherlands,1985-02-26,1975-10-14,65,False,687,Q110968,https://www.nobelprize.org/prizes/economic-sciences/1975/koopmans/facts/,https://www.nobelprize.org/prizes/economic-sciences/1975/summary/
1976,Sveriges Riksbank Prize in Economic Sciences in Memory of Alfred Nobel,1,1,1,Milton Friedman,Milton Friedman,Friedman,1,"for his achievements in the fields of consumption analysis, monetary history and theory and for his demonstration of the complexity of stabilization policy","for his achievements in the fields of consumption analysis, monetary history and theory and for his demonstration of the complexity of stabilization policy",True,,"University of Chicago, Chicago, IL, USA","University of Chicago, Chicago, IL",USA,male,1912-07-31,day,USA,2006-11-16,1976-10-14,64,False,688,Q47426,https://www.nobelprize.org/prizes/economic-sciences/1976/friedman/facts/,https://www.nobelprize.org/prizes/economic-sciences/1976/summary/
1977,Sveriges Riksbank Prize in Economic Sciences in Memory of Alfred Nobel,1,2,1,Bertil Ohlin,Bertil Ohlin,Ohlin,1/2,for their pathbreaking contribution to the theory of international trade and international capital movements,for their pathbreaking contribution to the theory of international trade and international capital movements,True,,"Stockholm School of Economics, Stockholm, Sweden","Stockholm School of Economics, Stockholm",Sweden,male,1899-04-23,day,Sweden,1979-08-03,1977-10-14,78,False,689,Q179493,https://www.nobelprize.org/prizes/economic-sciences/1977/ohlin/facts/,https://www.nobelprize.org/prizes/economic-sciences/1977/summary/
1977,Sveriges Riksbank Prize in Economic Sciences in Memory of Alfred Nobel,1,2,1,James E. Meade,James E. Meade,Meade,1/2,for their pathbreaking contribution to the theory of international trade and international capital movements,for their pathbreaking contribution to the theory of international trade and international capital movements,True,,"University of Cambridge, Cambridge, United Kingdom","University of Cambridge, Cambridge",United Kingdom,male,1907-06-23,day,United Kingdom,1995-12-22,1977-10-14,70,False,690,Q235843,https://www.nobelprize.org/prizes/economic-sciences/1977/meade/facts/,https://www.nobelprize.org/prizes/economic-sciences/1977/summary/
1978,Sveriges Riksbank Prize in Economic Sciences in Memory of Alfred Nobel,1,1,1,Herbert Simon,Herbert A. Simon,Simon,1,for his pioneering research into the decision-making process within economic organizations,for his pioneering research into the decision-making process within economic organizations,True,,"Carnegie Mellon University, Pittsburgh, PA, USA","Carnegie Mellon University, Pittsburgh, PA",USA,male,1916-06-15,day,USA,2001-02-09,1978-10-16,62,False,691,Q181529,https://www.nobelprize.org/prizes/economic-sciences/1978/simon/facts/,https://www.nobelprize.org/prizes/economic-sciences/1978/summary/
1979,Sveriges Riksbank Prize in Economic Sciences in Memory of Alfred Nobel,1,2,1,Theodore W. Schultz,Theodore W. Schultz,Schultz,1/2,for their pioneering research into economic development research with particular consideration of the problems of developing countries,for their pioneering research into economic development research with particular consideration of the problems of developing countries,True,,"University of Chicago, Chicago, IL, USA","University of Chicago, Chicago, IL",USA,male,1902-04-30,day,USA,1998-02-26,1979-10-16,77,False,692,Q233947,https://www.nobelprize.org/prizes/economic-sciences/1979/schultz/facts/,https://www.nobelprize.org/prizes/economic-sciences/1979/summary/
1979,Sveriges Riksbank Prize in Economic Sciences in Memory of Alfred Nobel,1,2,1,Sir Arthur Lewis,Sir Arthur Lewis,Lewis,1/2,for their pioneering research into economic development research with particular consideration of the problems of developing countries,for their pioneering research into economic development research with particular consideration of the problems of developing countries,True,,"Princeton University, Princeton, NJ, USA","Princeton University, Princeton, NJ",USA,male,1915-01-23,day,Saint Lucia,1991-06-15,1979-10-16,64,False,693,Q272519,https://www.nobelprize.org/prizes/economic-sciences/1979/lewis/facts/,https://www.nobelprize.org/prizes/economic-sciences/1979/summary/
1980,Sveriges Riksbank Prize in Economic Sciences in Memory of Alfred Nobel,1,1,1,Lawrence R. Klein,Lawrence R. Klein,Klein,1,for the creation of econometric models and the application to the analysis of economic fluctuations and economic policies,for the creation of econometric models and the application to the analysis of economic fluctuations and economic policies,True,,"University of Pennsylvania, Philadelphia, PA, USA","University of Pennsylvania, Philadelphia, PA",USA,male,1920-09-14,day,USA,2013-10-20,1980-10-15,60,False,694,Q295761,https://www.nobelprize.org/prizes/economic-sciences/1980/klein/facts/,https://www.nobelprize.org/prizes/economic-sciences/1980/summary/
1981,Sveriges Riksbank Prize in Economic Sciences in Memory of Alfred Nobel,1,1,1,James Tobin,James Tobin,Tobin,1,"for his analysis of financial markets and their relations to expenditure decisions, employment, production and prices","for his analysis of financial markets and their relations to expenditure decisions, employment, production and prices",True,,"Yale University, New Haven, CT, USA","Yale University, New Haven, CT",USA,male,1918-03-05,day,USA,2002-03-11,1981-10-13,63,False,695,Q211776,https://www.nobelprize.org/prizes/economic-sciences/1981/tobin/facts/,https://www.nobelprize.org/prizes/economic-sciences/1981/summary/
1982,Sveriges Riksbank Prize in Economic Sciences in Memory of Alfred Nobel,1,1,1,George J. Stigler,George J. Stigler,Stigler,1,"for his seminal studies of industrial structures, functioning of markets and causes and effects of public regulation","for his seminal studies of industrial structures, functioning of markets and causes and effects of public regulation",True,,"University of Chicago, Chicago, IL, USA","University of Chicago, Chicago, IL",USA,male,1911-01-17,day,USA,1991-12-01,1982-10-20,71,False,696,Q243534,https://www.nobelprize.org/prizes/economic-sciences/1982/stigler/facts/,https://www.nobelprize.org/prizes/economic-sciences/1982/summary/
1983,Sveriges Riksbank Prize in Economic Sciences in Memory of Alfred Nobel,1,1,1,Gerard Debreu,Gerard Debreu,Debreu,1,for having incorporated new analytical methods into economic theory and for his rigorous reformulation of the theory of general equilibrium,for having incorporated new analytical methods into economic theory and for his rigorous reformulation of the theory of general equilibrium,True,,"University of California, Berkeley, CA, USA","University of California, Berkeley, CA",USA,male,1921-07-04,day,France,2004-12-31,1983-10-17,62,False,697,Q210960,https://www.nobelprize.org/prizes/economic-sciences/1983/debreu/facts/,https://www.nobelprize.org/prizes/economic-sciences/1983/summary/
1984,Sveriges Riksbank Prize in Economic Sciences in Memory of Alfred Nobel,1,1,1,Richard Stone,Richard Stone,Stone,1,for having made fundamental contributions to the development of systems of national accounts and hence greatly improved the basis for empirical economic analysis,for having made fundamental contributions to the development of systems of national accounts and hence greatly improved the basis for empirical economic analysis,True,,"University of Cambridge, Cambridge, United Kingdom","University of Cambridge, Cambridge",United Kingdom,male,1913-08-30,day,United Kingdom,1991-12-06,1984-10-18,71,False,698,Q219733,https://www.nobelprize.org/prizes/economic-sciences/1984/stone/facts/,https://www.nobelprize.org/prizes/economic-sciences/1984/summary/
1985,Sveriges Riksbank Prize in Economic Sciences in Memory of Alfred Nobel,1,1,1,Franco Modigliani,Franco Modigliani,Modigliani,1,for his pioneering analyses of saving and of financial markets,for his pioneering analyses of saving and of financial markets,True,,"Massachusetts Institute of Technology (MIT), Cambridge, MA, USA","Massachusetts Institute of Technology (MIT), Cambridge, MA",USA,male,1918-06-18,day,Italy,2003-09-25,1985-10-15,67,False,699,Q205850,https://www.nobelprize.org/prizes/economic-sciences/1985/modigliani/facts/,https://www.nobelprize.org/prizes/economic-sciences/1985/summary/
1986,Sveriges Riksbank Prize in Economic Sciences in Memory of Alfred Nobel,1,1,1,James M. Buchanan Jr.,James M. Buchanan Jr.,Buchanan Jr.,1,for his development of the contractual and constitutional bases for the theory of economic and political decision-making,for his development of the contractual and constitutional bases for the theory of economic and political decision-making,True,,"Center for Study of Public Choice, Fairfax, VA, USA","Center for Study of Public Choice, Fairfax, VA",USA,male,1919-10-03,day,USA,2013-01-09,1986-10-16,67,False,700,Q205353,https://www.nobelprize.org/prizes/economic-sciences/1986/buchanan/facts/,https://www.nobelprize.org/prizes/economic-sciences/1986/summary/
1987,Sveriges Riksbank Prize in Economic Sciences in Memory of Alfred Nobel,1,1,1,Robert M. Solow,Robert M. Solow,Solow,1,for his contributions to the theory of economic growth,for his contributions to the theory of economic growth,True,,"Massachusetts Institute of Technology (MIT), Cambridge, MA, USA","Massachusetts Institute of Technology (MIT), Cambridge, MA",USA,male,1924-08-23,day,USA,2023-12-21,1987-10-21,63,False,701,Q157268,https://www.nobelprize.org/prizes/economic-sciences/1987/solow/facts/,https://www.nobelprize.org/prizes/economic-sciences/1987/summary/
1988,Sveriges Riksbank Prize in Economic Sciences in Memory of Alfred Nobel,1,1,1,Maurice Allais,Maurice Allais,Allais,1,for his pioneering contributions to the theory of markets and efficient utilization of resources,for his pioneering contributions to the theory of markets and efficient utilization of resources,True,,"École Nationale Supérieur des Mines de Paris, Paris, France","École Nationale Supérieur des Mines de Paris, Paris",France,male,1911-05-31,day,France,2010-10-09,1988-10-18,77,False,702,Q105962,https://www.nobelprize.org/prizes/economic-sciences/1988/allais/facts/,https://www.nobelprize.org/prizes/economic-sciences/1988/summary/
1989,Sveriges Riksbank Prize in Economic Sciences in Memory of Alfred Nobel,1,1,1,Trygve Haavelmo,Trygve Haavelmo,Haavelmo,1,for his clarification of the probability theory foundations of econometrics and his analyses of simultaneous economic structures,for his clarification of the probability theory foundations of econometrics and his analyses of simultaneous economic structures,True,,"University of Oslo, Oslo, Norway","University of Oslo, Oslo",Norway,male,1911-12-13,day,Norway,1999-07-26,1989-10-11,77,False,703,Q208124,https://www.nobelprize.org/prizes/economic-sciences/1989/haavelmo/facts/,https://www.nobelprize.org/prizes/economic-sciences/1989/summary/
1990,Sveriges Riksbank Prize in Economic Sciences in Memory of Alfred Nobel,1,3,1,Harry M. Markowitz,Harry M. Markowitz,Markowitz,1/3,for their pioneering work in the theory of financial economics,for their pioneering work in the theory of financial economics,True,,"City University of New York, New York, NY, USA","City University of New York, New York, NY",USA,male,1927-08-24,day,USA,2023-06-22,1990-10-16,63,False,704,Q272508,https://www.nobelprize.org/prizes/economic-sciences/1990/markowitz/facts/,https://www.nobelprize.org/prizes/economic-sciences/1990/summary/
1990,Sveriges Riksbank Prize in Economic Sciences in Memory of Alfred Nobel,1,3,1,Merton H. Miller,Merton H. Miller,Miller,1/3,for their pioneering work in the theory of financial economics,for their pioneering work in the theory of financial economics,True,,"University of Chicago, Chicago, IL, USA","University of Chicago, Chicago, IL",USA,male,1923-05-16,day,USA,2000-06-03,1990-10-16,67,False,705,Q157255,https://www.nobelprize.org/prizes/economic-sciences/1990/miller/facts/,https://www.nobelprize.org/prizes/economic-sciences/1990/summary/
1990,Sveriges Riksbank Prize in Economic Sciences in Memory of Alfred Nobel,1,3,1,William F. Sharpe,William F. Sharpe,Sharpe,1/3,for their pioneering work in the theory of financial economics,for their pioneering work in the theory of financial economics,True,,"Stanford University, Stanford, CA, USA","Stanford University, Stanford, CA",USA,male,1934-06-16,day,USA,,1990-10-16,56,False,706,Q274111,https://www.nobelprize.org/prizes/economic-sciences/1990/sharpe/facts/,https://www.nobelprize.org/prizes/economic-sciences/1990/summary/
1991,Sveriges Riksbank Prize in Economic Sciences in Memory of Alfred Nobel,1,1,1,Ronald H. Coase,Ronald H. Coase,Coase,1,for his discovery and clarification of the significance of transaction costs and property rights for the institutional structure and functioning of the economy,for his discovery and clarification of the significance of transaction costs and property rights for the institutional structure and functioning of the economy,True,,"University of Chicago, Chicago, IL, USA","University of Chicago, Chicago, IL",USA,male,1910-12-29,day,United Kingdom,2013-09-02,1991-10-15,80,False,707,Q188113,https://www.nobelprize.org/prizes/economic-sciences/1991/coase/facts/,https://www.nobelprize.org/prizes/economic-sciences/1991/summary/
1992,Sveriges Riksbank Prize in Economic Sciences in Memory of Alfred Nobel,1,1,1,Gary Becker,Gary S. Becker,Becker,1,"for having extended the domain of microeconomic analysis to a wide range of human behaviour and interaction, including nonmarket behaviour","for having extended the domain of microeconomic analysis to a wide range of human behaviour and interaction, including nonmarket behaviour",True,,"University of Chicago, Chicago, IL, USA","University of Chicago, Chicago, IL",USA,male,1930-12-02,day,USA,2014-05-03,1992-10-13,61,False,708,Q191020,https://www.nobelprize.org/prizes/economic-sciences/1992/becker/facts/,https://www.nobelprize.org/prizes/economic-sciences/1992/summary/
1993,Sveriges Riksbank Prize in Economic Sciences in Memory of Alfred Nobel,1,2,1,Robert W. Fogel,Robert W. Fogel,Fogel,1/2,for having renewed research in economic history by applying economic theory and quantitative methods in order to explain economic and institutional change,for having renewed research in economic history by applying economic theory and quantitative methods in order to explain economic and institutional change,True,,"University of Chicago, Chicago, IL, USA","University of Chicago, Chicago, IL",USA,male,1927-07-01,day,USA,2013-06-11,1993-10-12,66,False,709,Q237821,https://www.nobelprize.org/prizes/economic-sciences/1993/fogel/facts/,https://www.nobelprize.org/prizes/economic-sciences/1993/summary/
1993,Sveriges Riksbank Prize in Economic Sciences in Memory of Alfred Nobel,1,2,1,Douglass C. North,Douglass C. North,North,1/2,for having renewed research in economic history by applying economic theory and quantitative methods in order to explain economic and institutional change,for having renewed research in economic history by applying economic theory and quantitative methods in order to explain economic and institutional change,True,,"Washington University, St. Louis, MO, USA","Washington University, St. Louis, MO",USA,male,1920-11-05,day,USA,2015-11-23,1993-10-12,72,False,710,Q243193,https://www.nobelprize.org/prizes/economic-sciences/1993/north/facts/,https://www.nobelprize.org/prizes/economic-sciences/1993/summary/
1994,Sveriges Riksbank Prize in Economic Sciences in Memory of Alfred Nobel,1,3,1,John C. Harsanyi,John C. Harsanyi,Harsanyi,1/3,for their pioneering analysis of equilibria in the theory of non-cooperative games,for their pioneering analysis of equilibria in the theory of non-cooperative games,True,,"University of California, Berkeley, CA, USA","University of California, Berkeley, CA",USA,male,1920-05-29,day,Hungary,2000-08-09,1994-10-11,74,False,711,Q272510,https://www.nobelprize.org/prizes/economic-sciences/1994/harsanyi/facts/,https://www.nobelprize.org/prizes/economic-sciences/1994/summary/
1994,Sveriges Riksbank Prize in Economic Sciences in Memory of Alfred Nobel,1,3,1,John F. Nash Jr.,John F. Nash Jr.,Nash Jr.,1/3,for their pioneering analysis of equilibria in the theory of non-cooperative games,for their pioneering analysis of equilibria in the theory of non-cooperative games,True,,"Princeton University, Princeton, NJ, USA","Princeton University, Princeton, NJ",USA,male,1928-06-13,day,USA,2015-05-23,1994-10-11,66,False,712,Q128736,https://www.nobelprize.org/prizes/economic-sciences/1994/nash/facts/,https://www.nobelprize.org/prizes/economic-sciences/1994/summary/
1994,Sveriges Riksbank Prize in Economic Sciences in Memory of Alfred Nobel,1,3,1,Reinhard Selten,Reinhard Selten,Selten,1/3,for their pioneering analysis of equilibria in the theory of non-cooperative games,for their pioneering analysis of equilibria in the theory of non-cooperative games,True,,"Rheinische Friedrich-Wilhelms-Universität, Bonn, Germany","Rheinische Friedrich-Wilhelms-Universität, Bonn",Germany,male,1930-10-05,day,Poland,2016-08-23,1994-10-11,64,False,713,Q12830,https://www.nobelprize.org/prizes/economic-sciences/1994/selten/facts/,https://www.nobelprize.org/prizes/economic-sciences/1994/summary/
1995,Sveriges Riksbank Prize in Economic Sciences in Memory of Alfred Nobel,1,1,1,Robert E. Lucas Jr.,Robert E. Lucas Jr.,Lucas Jr.,1,"for having developed and applied the hypothesis of rational expectations, and thereby having transformed macroeconomic analysis and deepened our understanding of economic policy","for having developed and applied the hypothesis of rational expectations, and thereby having transformed macroeconomic analysis and deepened our understanding of economic policy",True,,"University of Chicago, Chicago, IL, USA","University of Chicago, Chicago, IL",USA,male,1937-09-15,day,USA,2023-05-15,1995-10-10,58,False,714,Q107264,https://www.nobelprize.org/prizes/economic-sciences/1995/lucas/facts/,https://www.nobelprize.org/prizes/economic-sciences/1995/summary/
1996,Sveriges Riksbank Prize in Economic Sciences in Memory of Alfred Nobel,1,2,1,James A. Mirrlees,James A. Mirrlees,Mirrlees,1/2,for their fundamental contributions to the economic theory of incentives under asymmetric information,for their fundamental contributions to the economic theory of incentives under asymmetric information,True,,"University of Cambridge, Cambridge, United Kingdom","University of Cambridge, Cambridge",United Kingdom,male,1936-07-05,day,Scotland,2018-08-29,1996-10-08,60,False,715,Q176643,https://www.nobelprize.org/prizes/economic-sciences/1996/mirrlees/facts/,https://www.nobelprize.org/prizes/economic-sciences/1996/summary/
1996,Sveriges Riksbank Prize in Economic Sciences in Memory of Alfred Nobel,1,2,1,William Vickrey,William Vickrey,Vickrey,1/2,for their fundamental contributions to the economic theory of incentives under asymmetric information,for their fundamental contributions to the economic theory of incentives under asymmetric information,True,,"Columbia University, New York, NY, USA","Columbia University, New York, NY",USA,male,1914-06-21,day,Canada,1996-10-11,1996-10-08,82,False,716,Q295673,https://www.nobelprize.org/prizes/economic-sciences/1996/vickrey/facts/,https://www.nobelprize.org/prizes/economic-sciences/1996/summary/
1997,Sveriges Riksbank Prize in Economic Sciences in Memory of Alfred Nobel,1,2,1,Robert C. Merton,Robert C. Merton,Merton,1/2,for a new method to determine the value of derivatives,for a new method to determine the value of derivatives,True,,"Harvard University, Cambridge, MA, USA","Harvard University, Cambridge, MA",USA,male,1944-07-31,day,USA,,1997-10-14,53,False,717,Q287542,https://www.nobelprize.org/prizes/economic-sciences/1997/merton/facts/,https://www.nobelprize.org/prizes/economic-sciences/1997/summary/
1997,Sveriges Riksbank Prize in Economic Sciences in Memory of Alfred Nobel,1,2,1,Myron Scholes,Myron S. Scholes,Scholes,1/2,for a new method to determine the value of derivatives,for a new method to determine the value of derivatives,True,,"Long Term Capital Management, Greenwich, CT, USA","Long Term Capital Management, Greenwich, CT",USA,male,1941-07-01,day,Canada,,1997-10-14,56,False,718,Q295647,https://www.nobelprize.org/prizes/economic-sciences/1997/scholes/facts/,https://www.nobelprize.org/prizes/economic-sciences/1997/summary/
1998,Sveriges Riksbank Prize in Economic Sciences in Memory of Alfred Nobel,1,1,1,Amartya Sen,Amartya Sen,Sen,1,for his contributions to welfare economics,for his contributions to welfare economics,True,,"Trinity College, Cambridge, United Kingdom","Trinity College, Cambridge",United Kingdom,male,1933-11-03,day,India,,1998-10-14,64,False,719,Q132489,https://www.nobelprize.org/prizes/economic-sciences/1998/sen/facts/,https://www.nobelprize.org/prizes/economic-sciences/1998/summary/
1999,Sveriges Riksbank Prize in Economic Sciences in Memory of Alfred Nobel,1,1,1,Robert Mundell,Robert A. Mundell,Mundell,1,for his analysis of monetary and fiscal policy under different exchange rate regimes and his analysis of optimum currency areas,for his analysis of monetary and fiscal policy under different exchange rate regimes and his analysis of optimum currency areas,True,,"Columbia University, New York, NY, USA","Columbia University, New York, NY",USA,male,1932-10-24,day,Canada,2021-04-04,1999-10-13,66,False,720,Q219721,https://www.nobelprize.org/prizes/economic-sciences/1999/mundell/facts/,https://www.nobelprize.org/prizes/economic-sciences/1999/summary/
2000,Sveriges Riksbank Prize in Economic Sciences in Memory of Alfred Nobel,1,1,2,James J. Heckman,James J. Heckman,Heckman,1/2,for his development of theory and methods for analyzing selective samples,for his development of theory and methods for analyzing selective samples,True,,"University of Chicago, Chicago, IL, USA","University of Chicago, Chicago, IL",USA,male,1944-04-19,day,USA,,2000-10-11,56,False,732,Q312561,https://www.nobelprize.org/prizes/economic-sciences/2000/heckman/facts/,https://www.nobelprize.org/prizes/economic-sciences/2000/summary/
2000,Sveriges Riksbank Prize in Economic Sciences in Memory of Alfred Nobel,2,1,2,Daniel L. McFadden,Daniel L. McFadden,McFadden,1/2,for his development of theory and methods for analyzing discrete choice,for his development of theory and methods for analyzing discrete choice,True,,"University of California, Berkeley, CA, USA","University of California, Berkeley, CA",USA,male,1937-07-29,day,USA,,2000-10-11,63,False,733,Q312560,https://www.nobelprize.org/prizes/economic-sciences/2000/mcfadden/facts/,https://www.nobelprize.org/prizes/economic-sciences/2000/summary/
2001,Sveriges Riksbank Prize in Economic Sciences in Memory of Alfred Nobel,1,3,1,George A. Akerlof,George A. Akerlof,Akerlof,1/3,for their analyses of markets with asymmetric information,for their analyses of markets with asymmetric information,True,,"University of California, Berkeley, CA, USA","University of California, Berkeley, CA",USA,male,1940-06-17,day,USA,,2001-10-10,61,False,744,Q222541,https://www.nobelprize.org/prizes/economic-sciences/2001/akerlof/facts/,https://www.nobelprize.org/prizes/economic-sciences/2001/summary/
2001,Sveriges Riksbank Prize in Economic Sciences in Memory of Alfred Nobel,1,3,1,A. Michael Spence,A. Michael Spence,Spence,1/3,for their analyses of markets with asymmetric information,for their analyses of markets with asymmetric information,True,,"Stanford University, Stanford, CA, USA","Stanford University, Stanford, CA",USA,male,1943-11-07,day,USA,,2001-10-10,57,False,745,Q157245,https://www.nobelprize.org/prizes/economic-sciences/2001/spence/facts/,https://www.nobelprize.org/prizes/economic-sciences/2001/summary/
2001,Sveriges Riksbank Prize in Economic Sciences in Memory of Alfred Nobel,1,3,1,Joseph E. Stiglitz,Joseph E. Stiglitz,Stiglitz,1/3,for their analyses of markets with asymmetric information,for their analyses of markets with asymmetric information,True,,"Columbia University, New York, NY, USA","Columbia University, New York, NY",USA,male,1943-02-09,day,USA,,2001-10-10,58,False,746,Q18430,https://www.nobelprize.org/prizes/economic-sciences/2001/stiglitz/facts/,https://www.nobelprize.org/prizes/economic-sciences/2001/summary/
2002,Sveriges Riksbank Prize in Economic Sciences in Memory of Alfred Nobel,1,1,2,Daniel Kahneman,Daniel Kahneman,Kahneman,1/2,"for having integrated insights from psychological research into economic science, especially concerning human judgment and decision-making under uncertainty","for having integrated insights from psychological research into economic science, especially concerning human judgment and decision-making under uncertainty",True,,"Princeton University, Princeton, NJ, USA","Princeton University, Princeton, NJ",USA,male,1934-03-05,day,Israel,2024-03-27,2002-10-09,68,False,759,Q233950,https://www.nobelprize.org/prizes/economic-sciences/2002/kahneman/facts/,https://www.nobelprize.org/prizes/economic-sciences/2002/summary/
2002,Sveriges Riksbank Prize in Economic Sciences in Memory of Alfred Nobel,2,1,2,Vernon L. Smith,Vernon L. Smith,Smith,1/2,"for having established laboratory experiments as a tool in empirical economic analysis, especially in the study of alternative market mechanisms","for having established laboratory experiments as a tool in empirical economic analysis, especially in the study of alternative market mechanisms",True,,"George Mason University, Fairfax, VA, USA","George Mason University, Fairfax, VA",USA,male,1927-01-01,day,USA,,2002-10-09,75,False,760,Q295717,https://www.nobelprize.org/prizes/economic-sciences/2002/smith/facts/,https://www.nobelprize.org/prizes/economic-sciences/2002/summary/
2003,Sveriges Riksbank Prize in Economic Sciences in Memory of Alfred Nobel,1,1,2,Robert F. Engle III,Robert F. Engle III,Engle III,1/2,for methods of analyzing economic time series with time-varying volatility (ARCH),for methods of analyzing economic time series with time-varying volatility (ARCH),True,,"New York University, New York, NY, USA","New York University, New York, NY",USA,male,1942-11-10,day,USA,,2003-10-08,60,False,771,Q295653,https://www.nobelprize.org/prizes/economic-sciences/2003/engle/facts/,https://www.nobelprize.org/prizes/economic-sciences/2003/summary/
2003,Sveriges Riksbank Prize in Economic Sciences in Memory of Alfred Nobel,2,1,2,Clive W.J. Granger,Clive W.J. Granger,Granger,1/2,for methods of analyzing economic time series with common trends (cointegration),for methods of analyzing economic time series with common trends (cointegration),True,,"University of California, San Diego, CA, USA","University of California, San Diego, CA",USA,male,1934-09-04,day,United Kingdom,2009-05-27,2003-10-08,69,False,772,Q312575,https://www.nobelprize.org/prizes/economic-sciences/2003/granger/facts/,https://www.nobelprize.org/prizes/economic-sciences/2003/summary/
2004,Sveriges Riksbank Prize in Economic Sciences in Memory of Alfred Nobel,1,2,1,Finn E. Kydland,Finn E. Kydland,Kydland,1/2,for their contributions to dynamic macroeconomics: the time consistency of economic policy and the driving forces behind business cycles,for their contributions to dynamic macroeconomics: the time consistency of economic policy and the driving forces behind business cycles,True,,"Carnegie Mellon University, Pittsburgh, PA, USA ; University of California, Santa Barbara, CA, USA","Carnegie Mellon University, Pittsburgh, PA / University of California, Santa Barbara, CA",USA,male,1943-12-01,day,Norway,,2004-10-11,60,False,786,Q211097,https://www.nobelprize.org/prizes/economic-sciences/2004/kydland/facts/,https://www.nobelprize.org/prizes/economic-sciences/2004/summary/
2004,Sveriges Riksbank Prize in Economic Sciences in Memory of Alfred Nobel,1,2,1,Edward C. Prescott,Edward C. Prescott,Prescott,1/2,for their contributions to dynamic macroeconomics: the time consistency of economic policy and the driving forces behind business cycles,for their contributions to dynamic macroeconomics: the time consistency of economic policy and the driving forces behind business cycles,True,,"Arizona State University, Tempe, AZ, USA ; Federal Reserve Bank of Minneapolis, Minneapolis, MN, USA","Arizona State University, Tempe, AZ / Federal Reserve Bank of Minneapolis, Minneapolis, MN",USA,male,1940-12-26,day,USA,2022-11-06,2004-10-11,63,False,787,Q312585,https://www.nobelprize.org/prizes/economic-sciences/2004/prescott/facts/,https://www.nobelprize.org/prizes/economic-sciences/2004/summary/
2005,Sveriges Riksbank Prize in Economic Sciences in Memory of Alfred Nobel,1,2,1,Robert J. Aumann,Robert J. Aumann,Aumann,1/2,for having enhanced our understanding of conflict and cooperation through game-theory analysis,for having enhanced our understanding of conflict and cooperation through game-theory analysis,True,,"University of Jerusalem, Center for RationalityHebrew, Jerusalem, Israel","University of Jerusalem, Center for RationalityHebrew, Jerusalem",Israel,male,1930-06-08,day,Germany,,2005-10-10,75,False,799,Q157235,https://www.nobelprize.org/prizes/economic-sciences/2005/aumann/facts/,https://www.nobelprize.org/prizes/economic-sciences/2005/summary/
2005,Sveriges Riksbank Prize in Economic Sciences in Memory of Alfred Nobel,1,2,1,Thomas C. Schelling,Thomas C. Schelling,Schelling,1/2,for having enhanced our understanding of conflict and cooperation through game-theory analysis,for having enhanced our understanding of conflict and cooperation through game-theory analysis,True,,"University of Maryland, Department of Economics and School of Public Policy, College Park, MD, USA","University of Maryland, Department of Economics and School of Public Policy, College Park, MD",USA,male,1921-04-14,day,USA,2016-12-13,2005-10-10,84,False,800,Q206460,https://www.nobelprize.org/prizes/economic-sciences/2005/schelling/facts/,https://www.nobelprize.org/prizes/economic-sciences/2005/summary/
2006,Sveriges Riksbank Prize in Economic Sciences in Memory of Alfred Nobel,1,1,1,Edmund S. Phelps,Edmund S. Phelps,Phelps,1,for his analysis of intertemporal tradeoffs in macroeconomic policy,for his analysis of intertemporal tradeoffs in macroeconomic policy,True,,"Columbia University, New York, NY, USA","Columbia University, New York, NY",USA,male,1933-07-26,day,USA,2026-05-15,2006-10-09,73,False,807,Q192566,https://www.nobelprize.org/prizes/economic-sciences/2006/phelps/facts/,https://www.nobelprize.org/prizes/economic-sciences/2006/summary/
2007,Sveriges Riksbank Prize in Economic Sciences in Memory of Alfred Nobel,1,3,1,Leonid Hurwicz,Leonid Hurwicz,Hurwicz,1/3,for having laid the foundations of mechanism design theory,for having laid the foundations of mechanism design theory,True,,"University of Minnesota, Minneapolis, MN, USA","University of Minnesota, Minneapolis, MN",USA,male,1917-08-21,day,Russia,2008-06-24,2007-10-15,90,False,820,Q157262,https://www.nobelprize.org/prizes/economic-sciences/2007/hurwicz/facts/,https://www.nobelprize.org/prizes/economic-sciences/2007/summary/
2007,Sveriges Riksbank Prize in Economic Sciences in Memory of Alfred Nobel,1,3,1,Eric S. Maskin,Eric S. Maskin,Maskin,1/3,for having laid the foundations of mechanism design theory,for having laid the foundations of mechanism design theory,True,,"Institute for Advanced Study, Princeton, NJ, USA","Institute for Advanced Study, Princeton, NJ",USA,male,1950-12-12,day,USA,,2007-10-15,56,False,821,Q233051,https://www.nobelprize.org/prizes/economic-sciences/2007/maskin/facts/,https://www.nobelprize.org/prizes/economic-sciences/2007/summary/
2007,Sveriges Riksbank Prize in Economic Sciences in Memory of Alfred Nobel,1,3,1,Roger B. Myerson,Roger B. Myerson,Myerson,1/3,for having laid the foundations of mechanism design theory,for having laid the foundations of mechanism design theory,True,,"University of Chicago, Chicago, IL, USA","University of Chicago, Chicago, IL",USA,male,1951-03-29,day,USA,,2007-10-15,56,False,822,Q232949,https://www.nobelprize.org/prizes/economic-sciences/2007/myerson/facts/,https://www.nobelprize.org/prizes/economic-sciences/2007/summary/
2008,Sveriges Riksbank Prize in Economic Sciences in Memory of Alfred Nobel,1,1,1,Paul Krugman,Paul Krugman,Krugman,1,for his analysis of trade patterns and location of economic activity,for his analysis of trade patterns and location of economic activity,True,,"Princeton University, Princeton, NJ, USA","Princeton University, Princeton, NJ",USA,male,1953-02-28,day,USA,,2008-10-13,55,False,834,Q131112,https://www.nobelprize.org/prizes/economic-sciences/2008/krugman/facts/,https://www.nobelprize.org/prizes/economic-sciences/2008/summary/
2009,Sveriges Riksbank Prize in Economic Sciences in Memory of Alfred Nobel,1,1,2,Elinor Ostrom,Elinor Ostrom,Ostrom,1/2,"for her analysis of economic governance, especially the commons","for her analysis of economic governance, especially the commons",True,,"Indiana University, Bloomington, IN, USA ; Arizona State University, Tempe, AZ, USA","Indiana University, Bloomington, IN / Arizona State University, Tempe, AZ",USA,female,1933-08-07,day,USA,2012-06-12,2009-10-12,76,False,846,Q153761,https://www.nobelprize.org/prizes/economic-sciences/2009/ostrom/facts/,https://www.nobelprize.org/prizes/economic-sciences/2009/summary/
2009,Sveriges Riksbank Prize in Economic Sciences in Memory of Alfred Nobel,2,1,2,Oliver E. Williamson,Oliver E. Williamson,Williamson,1/2,"for his analysis of economic governance, especially the boundaries of the firm","for his analysis of economic governance, especially the boundaries of the firm",True,,"University of California, Berkeley, CA, USA","University of California, Berkeley, CA",USA,male,1932-09-27,day,USA,,2009-10-12,77,False,847,Q232062,https://www.nobelprize.org/prizes/economic-sciences/2009/williamson/facts/,https://www.nobelprize.org/prizes/economic-sciences/2009/summary/
2010,Sveriges Riksbank Prize in Economic Sciences in Memory of Alfred Nobel,1,3,1,Peter A. Diamond,Peter A. Diamond,Diamond,1/3,for their analysis of markets with search frictions,for their analysis of markets with search frictions,True,,"Massachusetts Institute of Technology (MIT), Cambridge, MA, USA","Massachusetts Institute of Technology (MIT), Cambridge, MA",USA,male,1940-04-29,day,USA,,2010-10-11,70,False,856,Q109570,https://www.nobelprize.org/prizes/economic-sciences/2010/diamond/facts/,https://www.nobelprize.org/prizes/economic-sciences/2010/summary/
2010,Sveriges Riksbank Prize in Economic Sciences in Memory of Alfred Nobel,1,3,1,Dale T. Mortensen,Dale T. Mortensen,Mortensen,1/3,for their analysis of markets with search frictions,for their analysis of markets with search frictions,True,,"Northwestern University, Evanston, IL, USA ; Aarhus University, Aarhus, Denmark","Northwestern University, Evanston, IL / Aarhus University, Aarhus",USA ; Denmark,male,1939-02-02,day,USA,2014-01-09,2010-10-11,71,False,857,Q109721,https://www.nobelprize.org/prizes/economic-sciences/2010/mortensen/facts/,https://www.nobelprize.org/prizes/economic-sciences/2010/summary/
2010,Sveriges Riksbank Prize in Economic Sciences in Memory of Alfred Nobel,1,3,1,Christopher A. Pissarides,Christopher A. Pissarides,Pissarides,1/3,for their analysis of markets with search frictions,for their analysis of markets with search frictions,True,,"London School of Economics and Political Science, London, United Kingdom","London School of Economics and Political Science, London",United Kingdom,male,1948-02-20,day,Cyprus,,2010-10-11,62,False,858,Q109582,https://www.nobelprize.org/prizes/economic-sciences/2010/pissarides/facts/,https://www.nobelprize.org/prizes/economic-sciences/2010/summary/
2011,Sveriges Riksbank Prize in Economic Sciences in Memory of Alfred Nobel,1,2,1,Thomas J. Sargent,Thomas J. Sargent,Sargent,1/2,for their empirical research on cause and effect in the macroeconomy,for their empirical research on cause and effect in the macroeconomy,True,,"New York University, New York, NY, USA","New York University, New York, NY",USA,male,1943-07-19,day,USA,,2011-10-10,68,False,872,Q107964,https://www.nobelprize.org/prizes/economic-sciences/2011/sargent/facts/,https://www.nobelprize.org/prizes/economic-sciences/2011/summary/
2011,Sveriges Riksbank Prize in Economic Sciences in Memory of Alfred Nobel,1,2,1,Christopher A. Sims,Christopher A. Sims,Sims,1/2,for their empirical research on cause and effect in the macroeconomy,for their empirical research on cause and effect in the macroeconomy,True,,"Princeton University, Princeton, NJ, USA","Princeton University, Princeton, NJ",USA,male,1942-10-21,day,USA,2026-03-14,2011-10-10,68,False,873,Q109737,https://www.nobelprize.org/prizes/economic-sciences/2011/sims/facts/,https://www.nobelprize.org/prizes/economic-sciences/2011/summary/
2012,Sveriges Riksbank Prize in Economic Sciences in Memory of Alfred Nobel,1,2,1,Alvin E. Roth,Alvin E. Roth,Roth,1/2,for the theory of stable allocations and the practice of market design,for the theory of stable allocations and the practice of market design,True,,"Harvard University, Cambridge, MA, USA ; Harvard Business School, Boston, MA, USA","Harvard University, Cambridge, MA / Harvard Business School, Boston, MA",USA,male,1951-12-18,day,USA,,2012-10-15,60,False,882,Q28542,https://www.nobelprize.org/prizes/economic-sciences/2012/roth/facts/,https://www.nobelprize.org/prizes/economic-sciences/2012/summary/
2012,Sveriges Riksbank Prize in Economic Sciences in Memory of Alfred Nobel,1,2,1,Lloyd S. Shapley,Lloyd S. Shapley,Shapley,1/2,for the theory of stable allocations and the practice of market design,for the theory of stable allocations and the practice of market design,True,,"University of California, Los Angeles, CA, USA","University of California, Los Angeles, CA",USA,male,1923-06-02,day,USA,2016-03-12,2012-10-15,89,False,883,Q244739,https://www.nobelprize.org/prizes/economic-sciences/2012/shapley/facts/,https://www.nobelprize.org/prizes/economic-sciences/2012/summary/
2013,Sveriges Riksbank Prize in Economic Sciences in Memory of Alfred Nobel,1,3,1,Eugene F. Fama,Eugene F. Fama,Fama,1/3,for their empirical analysis of asset prices,for their empirical analysis of asset prices,True,,"University of Chicago, Chicago, IL, USA","University of Chicago, Chicago, IL",USA,male,1939-02-14,day,USA,,2013-10-14,74,False,894,Q359317,https://www.nobelprize.org/prizes/economic-sciences/2013/fama/facts/,https://www.nobelprize.org/prizes/economic-sciences/2013/summary/
2013,Sveriges Riksbank Prize in Economic Sciences in Memory of Alfred Nobel,1,3,1,Lars Peter Hansen,Lars Peter Hansen,Hansen,1/3,for their empirical analysis of asset prices,for their empirical analysis of asset prices,True,,"University of Chicago, Chicago, IL, USA","University of Chicago, Chicago, IL",USA,male,1952-10-26,day,USA,,2013-10-14,60,False,895,Q1386049,https://www.nobelprize.org/prizes/economic-sciences/2013/hansen/facts/,https://www.nobelprize.org/prizes/economic-sciences/2013/summary/
2013,Sveriges Riksbank Prize in Economic Sciences in Memory of Alfred Nobel,1,3,1,Robert J. Shiller,Robert J. Shiller,Shiller,1/3,for their empirical analysis of asset prices,for their empirical analysis of asset prices,True,,"Yale University, New Haven, CT, USA","Yale University, New Haven, CT",USA,male,1946-03-29,day,USA,,2013-10-14,67,False,896,Q338151,https://www.nobelprize.org/prizes/economic-sciences/2013/shiller/facts/,https://www.nobelprize.org/prizes/economic-sciences/2013/summary/
2014,Sveriges Riksbank Prize in Economic Sciences in Memory of Alfred Nobel,1,1,1,Jean Tirole,Jean Tirole,Tirole,1,for his analysis of market power and regulation,for his analysis of market power and regulation,True,,"Toulouse School of Economics (TSE), Toulouse, France","Toulouse School of Economics (TSE), Toulouse",France,male,1953-08-09,day,France,,2014-10-13,61,False,915,Q173994,https://www.nobelprize.org/prizes/economic-sciences/2014/tirole/facts/,https://www.nobelprize.org/prizes/economic-sciences/2014/summary/
2015,Sveriges Riksbank Prize in Economic Sciences in Memory of Alfred Nobel,1,1,1,Angus Deaton,Angus Deaton,Deaton,1,"for his analysis of consumption, poverty, and welfare","for his analysis of consumption, poverty, and welfare",True,,"Princeton University, Princeton, NJ, USA","Princeton University, Princeton, NJ",USA,male,1945-10-19,day,Scotland,,2015-10-12,69,False,926,Q204078,https://www.nobelprize.org/prizes/economic-sciences/2015/deaton/facts/,https://www.nobelprize.org/prizes/economic-sciences/2015/summary/
2016,Sveriges Riksbank Prize in Economic Sciences in Memory of Alfred Nobel,1,2,1,Oliver Hart,Oliver Hart,Hart,1/2,for their contributions to contract theory,for their contributions to contract theory,True,,"Harvard University, Cambridge, MA, USA","Harvard University, Cambridge, MA",USA,male,1948-10-09,day,United Kingdom,,2016-10-10,68,False,935,Q432890,https://www.nobelprize.org/prizes/economic-sciences/2016/hart/facts/,https://www.nobelprize.org/prizes/economic-sciences/2016/summary/
2016,Sveriges Riksbank Prize in Economic Sciences in Memory of Alfred Nobel,1,2,1,Bengt Holmström,Bengt Holmström,Holmström,1/2,for their contributions to contract theory,for their contributions to contract theory,True,,"Massachusetts Institute of Technology (MIT), Cambridge, MA, USA","Massachusetts Institute of Technology (MIT), Cambridge, MA",USA,male,1949-04-18,day,Finland,,2016-10-10,67,False,936,Q354897,https://www.nobelprize.org/prizes/economic-sciences/2016/holmstrom/facts/,https://www.nobelprize.org/prizes/economic-sciences/2016/summary/
2017,Sveriges Riksbank Prize in Economic Sciences in Memory of Alfred Nobel,1,1,1,Richard H. Thaler,Richard H. Thaler,Thaler,1,for his contributions to behavioural economics,for his contributions to behavioural economics,True,,"University of Chicago, Chicago, IL, USA","University of Chicago, Chicago, IL",USA,male,1945-09-12,day,USA,,2017-10-09,72,False,949,Q371212,https://www.nobelprize.org/prizes/economic-sciences/2017/thaler/facts/,https://www.nobelprize.org/prizes/economic-sciences/2017/summary/
2018,Sveriges Riksbank Prize in Economic Sciences in Memory of Alfred Nobel,1,1,2,William D. Nordhaus,William D. Nordhaus,Nordhaus,1/2,for integrating climate change into long-run macroeconomic analysis,for integrating climate change into long-run macroeconomic analysis,True,,"Yale University, New Haven, CT, USA","Yale University, New Haven, CT",USA,male,1941-05-31,day,USA,,2018-10-01,77,False,968,Q562481,https://www.nobelprize.org/prizes/economic-sciences/2018/nordhaus/facts/,https://www.nobelprize.org/prizes/economic-sciences/2018/summary/
2018,Sveriges Riksbank Prize in Economic Sciences in Memory of Alfred Nobel,2,1,2,Paul M. Romer,Paul M. Romer,Romer,1/2,for integrating technological innovations into long-run macroeconomic analysis,for integrating technological innovations into long-run macroeconomic analysis,True,,"NYU Stern School of Business, New York, NY, USA","NYU Stern School of Business, New York, NY",USA,male,1955,year,USA,,2018-10-01,63,True,969,Q509262,https://www.nobelprize.org/prizes/economic-sciences/2018/romer/facts/,https://www.nobelprize.org/prizes/economic-sciences/2018/summary/
2019,Sveriges Riksbank Prize in Economic Sciences in Memory of Alfred Nobel,1,3,1,Abhijit Banerjee,Abhijit Banerjee,Banerjee,1/3,for their experimental approach to alleviating global poverty,for their experimental approach to alleviating global poverty,True,,"Massachusetts Institute of Technology (MIT), Cambridge, MA, USA","Massachusetts Institute of Technology (MIT), Cambridge, MA",USA,male,1961-02-21,day,India,,2019-10-14,58,False,982,Q320578,https://www.nobelprize.org/prizes/economic-sciences/2019/banerjee/facts/,https://www.nobelprize.org/prizes/economic-sciences/2019/summary/
2019,Sveriges Riksbank Prize in Economic Sciences in Memory of Alfred Nobel,1,3,1,Esther Duflo,Esther Duflo,Duflo,1/3,for their experimental approach to alleviating global poverty,for their experimental approach to alleviating global poverty,True,,"Massachusetts Institute of Technology (MIT), Cambridge, MA, USA","Massachusetts Institute of Technology (MIT), Cambridge, MA",USA,female,1972-10-25,day,France,,2019-10-14,46,False,983,Q434509,https://www.nobelprize.org/prizes/economic-sciences/2019/duflo/facts/,https://www.nobelprize.org/prizes/economic-sciences/2019/summary/
2019,Sveriges Riksbank Prize in Economic Sciences in Memory of Alfred Nobel,1,3,1,Michael Kremer,Michael Kremer,Kremer,1/3,for their experimental approach to alleviating global poverty,for their experimental approach to alleviating global poverty,True,,"Harvard University, Cambridge, MA, USA","Harvard University, Cambridge, MA",USA,male,1964-11-12,day,USA,,2019-10-14,54,False,984,Q1635006,https://www.nobelprize.org/prizes/economic-sciences/2019/kremer/facts/,https://www.nobelprize.org/prizes/economic-sciences/2019/summary/
2020,Sveriges Riksbank Prize in Economic Sciences in Memory of Alfred Nobel,1,2,1,Paul R. Milgrom,Paul R. Milgrom,Milgrom,1/2,for improvements to auction theory and inventions of new auction formats,for improvements to auction theory and inventions of new auction formats,True,,"Stanford University, Stanford, CA, USA","Stanford University, Stanford, CA",USA,male,1948-04-20,day,USA,,2020-10-12,72,False,995,Q1359990,https://www.nobelprize.org/prizes/economic-sciences/2020/milgrom/facts/,https://www.nobelprize.org/prizes/economic-sciences/2020/summary/
2020,Sveriges Riksbank Prize in Economic Sciences in Memory of Alfred Nobel,1,2,1,Robert B. Wilson,Robert B. Wilson,Wilson,1/2,for improvements to auction theory and inventions of new auction formats,for improvements to auction theory and inventions of new auction formats,True,,"Stanford University, Stanford, CA, USA","Stanford University, Stanford, CA",USA,male,1937-05-16,day,USA,,2020-10-12,83,False,996,Q377265,https://www.nobelprize.org/prizes/economic-sciences/2020/wilson/facts/,https://www.nobelprize.org/prizes/economic-sciences/2020/summary/
2021,Sveriges Riksbank Prize in Economic Sciences in Memory of Alfred Nobel,1,1,2,David Card,David Card,Card,1/2,for his empirical contributions to labour economics,for his empirical contributions to labour economics,True,,"University of California, Berkeley, CA, USA","University of California, Berkeley, CA",USA,male,1956,year,Canada,,2021-10-11,65,True,1007,Q1173928,https://www.nobelprize.org/prizes/economic-sciences/2021/card/facts/,https://www.nobelprize.org/prizes/economic-sciences/2021/summary/
2021,Sveriges Riksbank Prize in Economic Sciences in Memory of Alfred Nobel,2,2,2,Joshua D. Angrist,Joshua D. Angrist,Angrist,1/4,for their methodological contributions to the analysis of causal relationships,for their methodological contributions to the analysis of causal relationships,True,,"Massachusetts Institute of Technology (MIT), Cambridge, MA, USA","Massachusetts Institute of Technology (MIT), Cambridge, MA",USA,male,1960-09-18,day,USA,,2021-10-11,61,False,1008,Q921499,https://www.nobelprize.org/prizes/economic-sciences/2021/angrist/facts/,https://www.nobelprize.org/prizes/economic-sciences/2021/summary/
2021,Sveriges Riksbank Prize in Economic Sciences in Memory of Alfred Nobel,2,2,2,Guido W. Imbens,Guido W. Imbens,Imbens,1/4,for their methodological contributions to the analysis of causal relationships,for their methodological contributions to the analysis of causal relationships,True,,"Stanford University, Stanford, CA, USA","Stanford University, Stanford, CA",USA,male,1963-09-03,day,the Netherlands,,2021-10-11,58,False,1009,Q16730042,https://www.nobelprize.org/prizes/economic-sciences/2021/imbens/facts/,https://www.nobelprize.org/prizes/economic-sciences/2021/summary/
2022,Sveriges Riksbank Prize in Economic Sciences in Memory of Alfred Nobel,1,3,1,Ben Bernanke,Ben S. Bernanke,Bernanke,1/3,for research on banks and financial crises,for research on banks and financial crises,True,,"The Brookings Institution, Washington, D.C., USA","The Brookings Institution, Washington, D.C.",USA,male,1953-12-13,day,USA,,2011-10-10,57,False,1021,Q201795,https://www.nobelprize.org/prizes/economic-sciences/2022/bernanke/facts/,https://www.nobelprize.org/prizes/economic-sciences/2022/summary/
2022,Sveriges Riksbank Prize in Economic Sciences in Memory of Alfred Nobel,1,3,1,Douglas Diamond,Douglas W. Diamond,Diamond,1/3,for research on banks and financial crises,for research on banks and financial crises,True,,"University of Chicago, Chicago, IL, USA","University of Chicago, Chicago, IL",USA,male,1953-10-25,day,USA,,2011-10-10,57,False,1022,Q185871,https://www.nobelprize.org/prizes/economic-sciences/2022/diamond/facts/,https://www.nobelprize.org/prizes/economic-sciences/2022/summary/
2022,Sveriges Riksbank Prize in Economic Sciences in Memory of Alfred Nobel,1,3,1,Philip Dybvig,Philip H. Dybvig,Dybvig,1/3,for research on banks and financial crises,for research on banks and financial crises,True,,"Washington University, St. Louis, MO, USA","Washington University, St. Louis, MO",USA,male,1955-05-22,day,USA,,2011-10-10,56,False,1023,Q24565948,https://www.nobelprize.org/prizes/economic-sciences/2022/dybvig/facts/,https://www.nobelprize.org/prizes/economic-sciences/2022/summary/
2023,Sveriges Riksbank Prize in Economic Sciences in Memory of Alfred Nobel,1,1,1,Claudia Goldin,Claudia Goldin,Goldin,1,for having advanced our understanding of women’s labour market outcomes,for having advanced our understanding of women’s labour market outcomes,True,,"Harvard University, Cambridge, MA, USA","Harvard University, Cambridge, MA",USA,female,1946-05-14,day,USA,,2023-10-09,77,False,1034,Q1097475,https://www.nobelprize.org/prizes/economic-sciences/2023/goldin/facts/,https://www.nobelprize.org/prizes/economic-sciences/2023/summary/
2024,Sveriges Riksbank Prize in Economic Sciences in Memory of Alfred Nobel,1,3,1,Daron Acemoglu,Daron Acemoglu,Acemoglu,1/3,for studies of how institutions are formed and affect prosperity,for studies of how institutions are formed and affect prosperity,True,,"Massachusetts Institute of Technology (MIT), Cambridge, MA, USA","Massachusetts Institute of Technology (MIT), Cambridge, MA",USA,male,1967-09-03,day,Turkey,,2024-10-14,57,False,1044,Q718581,https://www.nobelprize.org/prizes/economic-sciences/2024/acemoglu/facts/,https://www.nobelprize.org/prizes/economic-sciences/2024/summary/
2024,Sveriges Riksbank Prize in Economic Sciences in Memory of Alfred Nobel,1,3,1,Simon Johnson,Simon Henry Roberts Johnson,Johnson,1/3,for studies of how institutions are formed and affect prosperity,for studies of how institutions are formed and affect prosperity,True,,"Massachusetts Institute of Technology (MIT), Cambridge, MA, USA","Massachusetts Institute of Technology (MIT), Cambridge, MA",USA,male,1963,year,United Kingdom,,2024-10-14,61,True,1045,Q1461050,https://www.nobelprize.org/prizes/economic-sciences/2024/johnson/facts/,https://www.nobelprize.org/prizes/economic-sciences/2024/summary/
2024,Sveriges Riksbank Prize in Economic Sciences in Memory of Alfred Nobel,1,3,1,James A. Robinson,James A. Robinson,Robinson,1/3,for studies of how institutions are formed and affect prosperity,for studies of how institutions are formed and affect prosperity,True,,"University of Chicago, Chicago, IL, USA","University of Chicago, Chicago, IL",USA,male,1960,year,,,2024-10-14,64,True,1046,Q19520018,https://www.nobelprize.org/prizes/economic-sciences/2024/robinson/facts/,https://www.nobelprize.org/prizes/economic-sciences/2024/summary/
2025,Sveriges Riksbank Prize in Economic Sciences in Memory of Alfred Nobel,1,1,2,Joel Mokyr,Joel Mokyr,Mokyr,1/2,for having identified the prerequisites for sustained growth through technological progress,for having identified the prerequisites for sustained growth through technological progress,True,for having explained innovation-driven economic growth,"Northwestern University, Evanston, IL, USA ; Eitan Berglas School of Economics, Tel Aviv University, Tel Aviv, Israel","Northwestern University, Evanston, IL / Eitan Berglas School of Economics, Tel Aviv University, Tel Aviv",USA ; Israel,male,1946-07-26,day,the Netherlands,,2025-10-13,79,False,1058,Q2899100,https://www.nobelprize.org/prizes/economic-sciences/2025/mokyr/facts/,https://www.nobelprize.org/prizes/economic-sciences/2025/summary/
2025,Sveriges Riksbank Prize in Economic Sciences in Memory of Alfred Nobel,2,2,2,Philippe Aghion,Philippe Aghion,Aghion,1/4,for the theory of sustained growth through creative destruction,for the theory of sustained growth through creative destruction,True,for having explained innovation-driven economic growth,"Collège de France, Paris, France ; INSEAD, Paris, France ; London School of Economics and Political Science, London, United Kingdom","Collège de France, Paris / INSEAD, Paris / London School of Economics and Political Science, London",France ; United Kingdom,male,1956-08-17,day,France,,2025-10-13,69,False,1059,Q376364,https://www.nobelprize.org/prizes/economic-sciences/2025/aghion/facts/,https://www.nobelprize.org/prizes/economic-sciences/2025/summary/
2025,Sveriges Riksbank Prize in Economic Sciences in Memory of Alfred Nobel,2,2,2,Peter Howitt,Peter Howitt,Howitt,1/4,for the theory of sustained growth through creative destruction,for the theory of sustained growth through creative destruction,True,for having explained innovation-driven economic growth,"Brown University, Providence, RI, USA","Brown University, Providence, RI",USA,male,1946-05-31,day,Canada,,2025-10-13,79,False,1060,Q7174757,https://www.nobelprize.org/prizes/economic-sciences/2025/howitt/facts/,https://www.nobelprize.org/prizes/economic-sciences/2025/summary/
