field,prize_year,name,author_id,birth_year,n_works,n_impact,impact_median,top10,top1,first_year,citing_inventions,own_patents,book_works,citing_books
chemistry,2000,Alan G. MacDiarmid,A5108238128,1927,424,420,0.9014,0.5119,0.1833,1953,238,24,284,587
chemistry,2000,Alan J. Heeger,A5087631107,1936,569,568,0.9579,0.6285,0.2694,1963,203,43,361,998
chemistry,2000,Hideki Shirakawa,A5113680723,1936,255,249,0.7926,0.2932,0.0683,1967,64,8,115,328
chemistry,2001,K. Barry Sharpless,A5077401880,1941,403,403,0.8027,0.3896,0.1017,1967,338,25,188,516
chemistry,2001,Ryōji Noyori,A5054350731,1938,588,586,0.715,0.3174,0.0922,1965,260,32,240,548
chemistry,2001,William S. Knowles,A5048820883,1917,32,32,0.7953,0.2812,0.0625,1942,40,11,24,126
chemistry,2002,John B. Fenn,A5041577693,1917,101,99,0.8835,0.4949,0.1313,1948,113,8,62,380
chemistry,2002,Koichi Tanaka,A5009335876,1959,233,232,0.6428,0.1293,0.0129,1984,28,5,54,98
chemistry,2002,Kurt Wüthrich,A5000254356,1938,456,455,0.9329,0.5912,0.1648,1964,105,2,325,930
chemistry,2003,Peter Agre,A5017989879,1949,164,162,0.946,0.7037,0.1296,1981,26,2,116,231
chemistry,2003,Roderick MacKinnon,A5025045433,1956,61,61,0.98,0.7049,0.377,1986,37,0,47,300
chemistry,2004,Aaron Ciechanover,A5087180436,1947,117,116,0.9438,0.6638,0.2069,1976,171,3,84,365
chemistry,2004,Avram Hershko,A5035630459,1937,77,77,0.966,0.7662,0.2597,1963,93,2,62,254
chemistry,2005,Richard R. Schrock,A5079660000,1945,505,505,0.9155,0.5287,0.101,1970,191,20,347,609
chemistry,2005,Yves Chauvin,A5106409475,1930,88,86,0.6958,0.1977,0.0233,1967,16,58,52,212
chemistry,2006,Roger D. Kornberg,A5049465163,1947,187,187,0.9607,0.738,0.2299,1972,184,2,127,635
chemistry,2007,Gerhard Ertl,A5010170160,1936,646,644,0.939,0.5978,0.1599,1961,35,0,431,1167
chemistry,2008,Martin Chalfie,A5074638214,1947,74,74,0.9261,0.5946,0.0811,1972,1366,4,63,432
chemistry,2008,Osamu Shimomura,A5085164052,1928,388,384,0.7642,0.2083,0.0104,1953,162,8,183,478
chemistry,2008,Roger Y. Tsien,A5109193097,1952,216,215,0.98,0.7628,0.3395,1978,1103,90,170,1685
chemistry,2009,Ada E. Yonath,A5016847667,1939,136,136,0.835,0.3162,0.0515,1966,19,0,80,183
chemistry,2009,Thomas A. Steitz,A5005980770,1940,195,194,0.9594,0.6495,0.2216,1965,388,6,138,915
chemistry,2009,Venkatraman Ramakrishnan,A5086176987,1952,111,111,0.8977,0.4865,0.1171,1977,43,3,69,232
chemistry,2010,Akira Suzuki,A5114860378,1930,123,121,0.7374,0.2314,0.0496,1955,464,1,70,312
chemistry,2010,Ei-ichi Negishi,A5049086283,1935,457,456,0.7891,0.3333,0.0307,1963,372,1,247,604
chemistry,2010,Richard F. Heck,A5113728961,1931,150,150,0.8095,0.34,0.02,1956,504,4,99,537
chemistry,2011,Dan Shechtman,A5112641125,1941,22,21,0.7359,0.2381,0.0476,1972,1,0,9,66
chemistry,2012,Brian K. Kobilka,A5079682203,1955,201,200,0.9336,0.595,0.175,1986,637,7,147,830
chemistry,2012,Robert J. Lefkowitz,A5080672788,1943,608,607,0.9744,0.7545,0.3048,1970,1283,17,529,2795
chemistry,2013,Arieh Warshel,A5088665303,1940,337,336,0.9322,0.6071,0.1071,1968,49,0,259,1130
chemistry,2013,Martin Karplus,A5076499540,1930,761,758,0.9291,0.6135,0.1227,1956,1026,3,606,3373
chemistry,2013,Michael Levitt,A5019080704,1947,171,170,0.9022,0.5176,0.1,1972,687,2,131,1072
chemistry,2014,Eric Betzig,A5048568518,1960,66,66,0.9618,0.5909,0.3636,1986,263,2,37,522
chemistry,2014,Stefan W. Hell,A5088219208,1962,358,358,0.8781,0.4413,0.1034,1989,203,24,216,536
chemistry,2015,Aziz Sancar,A5016678671,1946,296,296,0.9516,0.723,0.1216,1978,312,3,239,813
chemistry,2015,Paul Modrich,A5060041272,1946,165,165,0.9486,0.6606,0.1515,1971,590,9,138,570
chemistry,2015,Tomas Lindahl,A5060285944,1938,336,333,0.8907,0.4715,0.1201,1963,366,1,208,1390
chemistry,2016,Jean-Pierre Sauvage,A5108401018,1944,376,372,0.862,0.4113,0.0672,1969,140,0,217,548
chemistry,2016,Sir J. Fraser Stoddart,A5027688873,1942,1208,1205,0.8945,0.488,0.1228,1967,585,8,661,1372
chemistry,2017,Jacques Dubochet,A5008622925,1942,146,145,0.8706,0.4345,0.0897,1970,53,0,106,593
chemistry,2017,Joachim Frank,A5042892654,1940,380,379,0.8609,0.4169,0.0844,1969,125,0,257,816
chemistry,2017,Richard Henderson,A5073357045,1945,332,327,0.7998,0.2997,0.0795,1970,82,5,209,1246
chemistry,2018,Frances H. Arnold,A5043841592,1956,487,486,0.924,0.5617,0.1049,1981,2128,58,325,1104
chemistry,2018,George E. Smith,A5048212308,1941,236,230,0.7918,0.2652,0.0435,1966,139,0,103,646
chemistry,2018,Gregory P. Winter,A5113550627,1951,162,161,0.9622,0.6957,0.2547,1977,18383,79,135,1083
chemistry,2019,Akira Yoshino,A5103185273,1948,79,79,0.3242,0.0759,0.0253,1973,28,22,19,63
chemistry,2019,John B. Goodenough,A5088016695,1922,1017,1007,0.9135,0.5243,0.1529,1953,678,22,519,2385
chemistry,2019,M. Stanley Whittingham,A5023061999,1941,367,365,0.8215,0.4082,0.0959,1968,225,17,139,632
chemistry,2020,Emmanuelle Charpentier,A5074743574,1968,78,76,0.9164,0.5789,0.2368,1993,317,21,41,465
chemistry,2021,Benjamin List,A5040055598,1968,1173,1172,0.3001,0.1596,0.0546,1994,178,13,154,413
chemistry,2021,David W.C. MacMillan,A5102868038,1968,26,26,0.9606,0.5385,0.3077,2000,3,14,13,58
chemistry,2022,Carolyn R. Bertozzi,A5088409133,1966,558,520,0.9061,0.5077,0.1346,1991,2053,69,305,1355
chemistry,2022,K. Barry Sharpless,A5077401880,1941,606,605,0.8442,0.4298,0.1306,1967,2919,50,326,1952
chemistry,2022,Morten Meldal,A5008925360,1954,351,349,0.7609,0.2149,0.0172,1981,929,10,204,605
chemistry,2023,Aleksey Yekimov,A5021920207,1945,46,46,0.8354,0.4565,0.087,1970,96,0,39,237
chemistry,2023,Louis E. Brus,A5012651049,1943,310,310,0.9334,0.5516,0.2129,1970,1032,4,201,2112
chemistry,2023,Moungi G. Bawendi,A5108389294,1961,473,471,0.9576,0.6709,0.2781,1986,2283,140,321,2747
chemistry,2024,Demis Hassabis,A5005349213,1976,62,62,0.9884,0.8226,0.4677,2007,571,0,64,3913
chemistry,2024,John M. Jumper,A5059179935,1985,24,24,0.7758,0.4583,0.25,2012,12,0,9,342
chemistry,2025,Omar M. Yaghi,A5044268160,1965,370,369,0.9869,0.7236,0.4472,1991,790,53,276,1915
chemistry,2025,Richard Robson,A5086734482,1937,225,223,0.7896,0.3094,0.0628,1966,54,0,102,364
