slug,member,role,field14,models,profile field
john-hassler,John Hassler,chair,Macro,3,"Climate, environmental and energy macroeconomics; integrated assessment of climate policy in dynamic general equilibrium"
john-hassler,John Hassler,chair,"Resources, Environment",3,"Climate, environmental and energy macroeconomics; integrated assessment of climate policy in dynamic general equilibrium"
john-hassler,John Hassler,chair,"Equilibrium, Welfare",3,"Climate, environmental and energy macroeconomics; integrated assessment of climate policy in dynamic general equilibrium"
john-hassler,John Hassler,chair,"Public, Law, Political Economy",3,"Climate, environmental and energy macroeconomics; integrated assessment of climate policy in dynamic general equilibrium"
john-hassler,John Hassler,chair,Macro,3,Dynamic macroeconomics and quantitative general-equilibrium policy analysis
john-hassler,John Hassler,chair,"Public, Law, Political Economy",2,Public economics and dynamic public finance (taxation)
john-hassler,John Hassler,chair,Macro,2,"Political economy of redistribution, the welfare state, social insurance and mobility"
john-hassler,John Hassler,chair,Labour,2,"Political economy of redistribution, the welfare state, social insurance and mobility"
john-hassler,John Hassler,chair,"Public, Law, Political Economy",2,"Political economy of redistribution, the welfare state, social insurance and mobility"
john-hassler,John Hassler,chair,"Resources, Environment",2,"Growth, directed technical change and natural resources/energy use"
john-hassler,John Hassler,chair,Growth,2,"Growth, directed technical change and natural resources/energy use"
john-hassler,John Hassler,chair,Labour,1,"Social mobility, human capital and growth"
john-hassler,John Hassler,chair,Growth,1,"Social mobility, human capital and growth"
tommy-andersson,Tommy Andersson,member,"Games, Market Structure",3,"Market design and matching theory (two-sided matching, assignment, practical matching-market institutions)"
tommy-andersson,Tommy Andersson,member,"Equilibrium, Welfare",3,"Mechanism design, fair allocation and strategy-proofness with indivisible goods (often with fairness or distributional constraints)"
tommy-andersson,Tommy Andersson,member,Information,3,"Mechanism design, fair allocation and strategy-proofness with indivisible goods (often with fairness or distributional constraints)"
tommy-andersson,Tommy Andersson,member,"Public, Law, Political Economy",3,"Mechanism design, fair allocation and strategy-proofness with indivisible goods (often with fairness or distributional constraints)"
tommy-andersson,Tommy Andersson,member,"Games, Market Structure",2,Applied market design: kidney exchange (health)
tommy-andersson,Tommy Andersson,member,Labour,2,Applied market design: kidney exchange (health)
tommy-andersson,Tommy Andersson,member,"Games, Market Structure",2,Applied market design: refugee and housing allocation
tommy-andersson,Tommy Andersson,member,"Resources, Environment",2,Applied market design: refugee and housing allocation
tommy-andersson,Tommy Andersson,member,Labour,2,Applied market design: refugee and housing allocation
tommy-andersson,Tommy Andersson,member,"Games, Market Structure",1,School/admission-type allocation
tommy-andersson,Tommy Andersson,member,"Games, Market Structure",1,"Game theory and social choice (incentive compatibility, stability, efficiency and fairness of allocation rules)"
tommy-andersson,Tommy Andersson,member,"Public, Law, Political Economy",1,"Game theory and social choice (incentive compatibility, stability, efficiency and fairness of allocation rules)"
tommy-andersson,Tommy Andersson,member,"Games, Market Structure",1,"Auction theory (ascending and dynamic auctions, Walrasian prices)"
anna-dreber-almenberg,Anna Dreber Almenberg,member,"Behavioural, Experimental",3,"Behavioral and experimental economics (risk taking, cooperation, competition, social preferences)"
anna-dreber-almenberg,Anna Dreber Almenberg,member,"Behavioural, Experimental",3,"Meta-science: replicability, reproducibility, statistical inference and research credibility"
anna-dreber-almenberg,Anna Dreber Almenberg,member,Econometrics,3,"Meta-science: replicability, reproducibility, statistical inference and research credibility"
anna-dreber-almenberg,Anna Dreber Almenberg,member,Information,2,Prediction markets and forecasting of research outcomes
anna-dreber-almenberg,Anna Dreber Almenberg,member,Finance,2,Prediction markets and forecasting of research outcomes
anna-dreber-almenberg,Anna Dreber Almenberg,member,Econometrics,2,Prediction markets and forecasting of research outcomes
anna-dreber-almenberg,Anna Dreber Almenberg,member,Information,2,"Gender differences in competitiveness, risk preferences and economic behavior"
anna-dreber-almenberg,Anna Dreber Almenberg,member,Labour,2,"Gender differences in competitiveness, risk preferences and economic behavior"
anna-dreber-almenberg,Anna Dreber Almenberg,member,"Behavioural, Experimental",2,"Gender differences in competitiveness, risk preferences and economic behavior"
anna-dreber-almenberg,Anna Dreber Almenberg,member,"Games, Market Structure",1,"Cooperation, punishment and repeated games"
anna-dreber-almenberg,Anna Dreber Almenberg,member,"Equilibrium, Welfare",1,"Cooperation, punishment and repeated games"
anna-dreber-almenberg,Anna Dreber Almenberg,member,Information,1,"Biology and economic behavior (hormones, genetics, digit ratios)"
anna-dreber-almenberg,Anna Dreber Almenberg,member,Labour,1,"Biology and economic behavior (hormones, genetics, digit ratios)"
anna-dreber-almenberg,Anna Dreber Almenberg,member,Labour,1,"Household finance and financial literacy, including stock-market participation"
anna-dreber-almenberg,Anna Dreber Almenberg,member,Finance,1,"Household finance and financial literacy, including stock-market participation"
peter-fredriksson,Peter Fredriksson,member,Macro,3,"Labor economics: unemployment, unemployment insurance, job-search incentives, search and matching, active labor-market policy"
peter-fredriksson,Peter Fredriksson,member,Labour,3,"Labor economics: unemployment, unemployment insurance, job-search incentives, search and matching, active labor-market policy"
peter-fredriksson,Peter Fredriksson,member,Labour,3,"Economics of education: class size, school starting age, school inputs, teachers, parental responses, human capital and long-run outcomes"
peter-fredriksson,Peter Fredriksson,member,"Public, Law, Political Economy",3,"Economics of education: class size, school starting age, school inputs, teachers, parental responses, human capital and long-run outcomes"
peter-fredriksson,Peter Fredriksson,member,Labour,3,Applied microeconometrics and program evaluation with administrative data (quasi-experimental and dynamic-treatment settings)
peter-fredriksson,Peter Fredriksson,member,"Public, Law, Political Economy",3,Applied microeconometrics and program evaluation with administrative data (quasi-experimental and dynamic-treatment settings)
peter-fredriksson,Peter Fredriksson,member,Econometrics,3,Applied microeconometrics and program evaluation with administrative data (quasi-experimental and dynamic-treatment settings)
peter-fredriksson,Peter Fredriksson,member,Labour,1,"Job matching, mismatch and hiring through networks"
peter-fredriksson,Peter Fredriksson,member,"Production, Industrial Organization",1,"Job matching, mismatch and hiring through networks"
peter-fredriksson,Peter Fredriksson,member,Information,2,Public economics of social insurance and welfare-state/education-policy design
peter-fredriksson,Peter Fredriksson,member,Labour,2,Public economics of social insurance and welfare-state/education-policy design
peter-fredriksson,Peter Fredriksson,member,"Public, Law, Political Economy",2,Public economics of social insurance and welfare-state/education-policy design
per-stromberg,Per Strömberg,member,Information,3,"Corporate finance and financial contracting (empirical tests of contract theory, control rights)"
per-stromberg,Per Strömberg,member,Finance,3,"Corporate finance and financial contracting (empirical tests of contract theory, control rights)"
per-stromberg,Per Strömberg,member,Finance,3,"Private equity, leveraged buyouts, venture capital and entrepreneurial finance"
per-stromberg,Per Strömberg,member,"Production, Industrial Organization",3,"Private equity, leveraged buyouts, venture capital and entrepreneurial finance"
per-stromberg,Per Strömberg,member,"Games, Market Structure",2,"Bankruptcy, financial distress, restructuring and bankruptcy auctions/market liquidity"
per-stromberg,Per Strömberg,member,Finance,2,"Bankruptcy, financial distress, restructuring and bankruptcy auctions/market liquidity"
per-stromberg,Per Strömberg,member,"Public, Law, Political Economy",2,"Bankruptcy, financial distress, restructuring and bankruptcy auctions/market liquidity"
per-stromberg,Per Strömberg,member,Finance,1,Corporate governance and executive characteristics
per-stromberg,Per Strömberg,member,"Production, Industrial Organization",1,Corporate governance and executive characteristics
per-stromberg,Per Strömberg,member,Finance,1,Financial intermediation and capital structure
per-stromberg,Per Strömberg,member,"Development, Economic History",1,"Real effects of finance: productivity, industry performance, financial fragility"
per-stromberg,Per Strömberg,member,Finance,1,"Real effects of finance: productivity, industry performance, financial fragility"
per-stromberg,Per Strömberg,member,"Production, Industrial Organization",1,"Real effects of finance: productivity, industry performance, financial fragility"
timo-boppart,Timo Boppart,co-opted member,Macro,3,"Macroeconomics: economic growth, long-run macroeconomics and balanced-growth theory (including productivity)"
timo-boppart,Timo Boppart,co-opted member,Growth,3,"Macroeconomics: economic growth, long-run macroeconomics and balanced-growth theory (including productivity)"
timo-boppart,Timo Boppart,co-opted member,"Development, Economic History",3,Structural change/transformation and non-homothetic (non-Gorman) preferences
timo-boppart,Timo Boppart,co-opted member,Labour,3,Structural change/transformation and non-homothetic (non-Gorman) preferences
timo-boppart,Timo Boppart,co-opted member,Macro,3,Structural change/transformation and non-homothetic (non-Gorman) preferences
timo-boppart,Timo Boppart,co-opted member,Growth,3,Structural change/transformation and non-homothetic (non-Gorman) preferences
timo-boppart,Timo Boppart,co-opted member,Macro,3,"Labor supply, hours worked and time use over the long run (income vs. substitution effects)"
timo-boppart,Timo Boppart,co-opted member,Labour,3,"Labor supply, hours worked and time use over the long run (income vs. substitution effects)"
timo-boppart,Timo Boppart,co-opted member,Growth,3,"Labor supply, hours worked and time use over the long run (income vs. substitution effects)"
timo-boppart,Timo Boppart,co-opted member,"Equilibrium, Welfare",2,Quantitative macroeconomics with heterogeneous agents and computational methods
timo-boppart,Timo Boppart,co-opted member,Macro,2,Quantitative macroeconomics with heterogeneous agents and computational methods
timo-boppart,Timo Boppart,co-opted member,"Production, Industrial Organization",2,"Innovation, productivity slowdown and measurement of growth"
timo-boppart,Timo Boppart,co-opted member,Growth,2,"Innovation, productivity slowdown and measurement of growth"
timo-boppart,Timo Boppart,co-opted member,Macro,1,Inequality and distributional dynamics in macroeconomic models
timo-boppart,Timo Boppart,co-opted member,Labour,1,Inequality and distributional dynamics in macroeconomic models
timo-boppart,Timo Boppart,co-opted member,"Development, Economic History",1,Inequality and distributional dynamics in macroeconomic models
timo-boppart,Timo Boppart,co-opted member,Macro,1,Economics of epidemics and pandemic policy (COVID-19 era)
timo-boppart,Timo Boppart,co-opted member,Labour,1,Economics of epidemics and pandemic policy (COVID-19 era)
kerstin-enflo,Kerstin Enflo,co-opted member,"Development, Economic History",3,"Economic history, quantitative / cliometric (Swedish, Nordic and European long-run development)"
kerstin-enflo,Kerstin Enflo,co-opted member,"Development, Economic History",3,"Regional economics and economic geography: regional growth, convergence/divergence, spatial inequality, urbanization"
kerstin-enflo,Kerstin Enflo,co-opted member,"Resources, Environment",3,"Regional economics and economic geography: regional growth, convergence/divergence, spatial inequality, urbanization"
kerstin-enflo,Kerstin Enflo,co-opted member,Growth,3,"Regional economics and economic geography: regional growth, convergence/divergence, spatial inequality, urbanization"
kerstin-enflo,Kerstin Enflo,co-opted member,Macro,3,Historical national and regional accounts (quantitative reconstruction of regional GDP and long-run data series)
kerstin-enflo,Kerstin Enflo,co-opted member,"Development, Economic History",3,Historical national and regional accounts (quantitative reconstruction of regional GDP and long-run data series)
kerstin-enflo,Kerstin Enflo,co-opted member,Econometrics,3,Historical national and regional accounts (quantitative reconstruction of regional GDP and long-run data series)
kerstin-enflo,Kerstin Enflo,co-opted member,"Development, Economic History",2,Structural change and long-run development (Nordic and European)
kerstin-enflo,Kerstin Enflo,co-opted member,"Development, Economic History",1,"Infrastructure, transport, market integration, migration and regional adjustment in industrialization"
kerstin-enflo,Kerstin Enflo,co-opted member,"Resources, Environment",1,"Infrastructure, transport, market integration, migration and regional adjustment in industrialization"
kerstin-enflo,Kerstin Enflo,co-opted member,"Development, Economic History",1,"Technology diffusion, electrification and labour relations in history"
kerstin-enflo,Kerstin Enflo,co-opted member,Labour,1,"Technology diffusion, electrification and labour relations in history"
kerstin-enflo,Kerstin Enflo,co-opted member,Growth,1,"Technology diffusion, electrification and labour relations in history"
richard-friberg,Richard Friberg,co-opted member,"Production, Industrial Organization",3,"Industrial organization: pricing, demand estimation, market segmentation, price dispersion, competition in retail and product markets, and competition/merger policy"
richard-friberg,Richard Friberg,co-opted member,Trade,3,"International economics: exchange-rate pass-through, invoicing currency, pricing-to-market, export pricing, law of one price"
richard-friberg,Richard Friberg,co-opted member,Information,3,Risk management and firm decision-making/strategy under uncertainty (incl. corporate finance aspects)
richard-friberg,Richard Friberg,co-opted member,Finance,3,Risk management and firm decision-making/strategy under uncertainty (incl. corporate finance aspects)
richard-friberg,Richard Friberg,co-opted member,"Production, Industrial Organization",3,Risk management and firm decision-making/strategy under uncertainty (incl. corporate finance aspects)
richard-friberg,Richard Friberg,co-opted member,Labour,1,"Applied microeconomics of consumer behavior: cross-border shopping, taxation of alcohol/tobacco/sugar, information and expert reviews"
richard-friberg,Richard Friberg,co-opted member,"Production, Industrial Organization",1,"Applied microeconomics of consumer behavior: cross-border shopping, taxation of alcohol/tobacco/sugar, information and expert reviews"
richard-friberg,Richard Friberg,co-opted member,"Public, Law, Political Economy",1,"Applied microeconomics of consumer behavior: cross-border shopping, taxation of alcohol/tobacco/sugar, information and expert reviews"
richard-friberg,Richard Friberg,co-opted member,Trade,1,European market integration and effects of common currency arrangements on product-market arbitrage and pricing
richard-friberg,Richard Friberg,co-opted member,"Production, Industrial Organization",1,European market integration and effects of common currency arrangements on product-market arbitrage and pricing
randi-hjalmarsson,Randi Hjalmarsson,co-opted member,"Public, Law, Political Economy",3,"Economics of crime, law and economics, and criminal justice institutions (deterrence, incarceration, juvenile justice, courts and juries, policing)"
randi-hjalmarsson,Randi Hjalmarsson,co-opted member,Labour,3,"Labor economics and education economics: education and crime, human capital, intergenerational transmission of crime"
randi-hjalmarsson,Randi Hjalmarsson,co-opted member,"Behavioural, Experimental",2,"Applied microeconomics and empirical causal inference using administrative, court and historical data"
randi-hjalmarsson,Randi Hjalmarsson,co-opted member,Labour,2,"Applied microeconomics and empirical causal inference using administrative, court and historical data"
randi-hjalmarsson,Randi Hjalmarsson,co-opted member,Econometrics,2,"Applied microeconomics and empirical causal inference using administrative, court and historical data"
randi-hjalmarsson,Randi Hjalmarsson,co-opted member,Labour,2,"Discrimination, gender gaps and representation in courts, juries and criminal justice decisions"
randi-hjalmarsson,Randi Hjalmarsson,co-opted member,"Public, Law, Political Economy",2,"Discrimination, gender gaps and representation in courts, juries and criminal justice decisions"
randi-hjalmarsson,Randi Hjalmarsson,co-opted member,"Development, Economic History",1,"Economic history of crime and justice (historical English court records, Old Bailey)"
randi-hjalmarsson,Randi Hjalmarsson,co-opted member,"Public, Law, Political Economy",1,"Economic history of crime and justice (historical English court records, Old Bailey)"
randi-hjalmarsson,Randi Hjalmarsson,co-opted member,Labour,1,Health consequences of criminal justice involvement
jan-teorell,Jan Teorell,co-opted member,"Public, Law, Political Economy",3,"Comparative politics: democratization, regime change and authoritarian regime types"
jan-teorell,Jan Teorell,co-opted member,"Development, Economic History",2,"Quality of government, corruption, bureaucratic impartiality and public administration"
jan-teorell,Jan Teorell,co-opted member,"Public, Law, Political Economy",2,"Quality of government, corruption, bureaucratic impartiality and public administration"
jan-teorell,Jan Teorell,co-opted member,"Public, Law, Political Economy",2,"Political economy of institutions, state capacity and development"
jan-teorell,Jan Teorell,co-opted member,Growth,2,"Political economy of institutions, state capacity and development"
jan-teorell,Jan Teorell,co-opted member,"Public, Law, Political Economy",2,"Measurement of democracy and political institutions (V-Dem, expert-coded indicators, cross-national data infrastructure)"
jan-teorell,Jan Teorell,co-opted member,Econometrics,2,"Measurement of democracy and political institutions (V-Dem, expert-coded indicators, cross-national data infrastructure)"
jan-teorell,Jan Teorell,co-opted member,"Development, Economic History",2,"Historical political economy and state-building, especially Sweden and Europe"
jan-teorell,Jan Teorell,co-opted member,"Public, Law, Political Economy",2,"Historical political economy and state-building, especially Sweden and Europe"
jan-teorell,Jan Teorell,co-opted member,"Public, Law, Political Economy",2,Political participation and democratic theory
per-krusell,Per Krusell,secretary,Macro,3,Macroeconomics: quantitative dynamic general equilibrium and macroeconomic theory
per-krusell,Per Krusell,secretary,"Equilibrium, Welfare",2,"Heterogeneous-agent macroeconomics: income and wealth distribution, incomplete markets"
per-krusell,Per Krusell,secretary,Labour,2,"Heterogeneous-agent macroeconomics: income and wealth distribution, incomplete markets"
per-krusell,Per Krusell,secretary,Macro,2,"Heterogeneous-agent macroeconomics: income and wealth distribution, incomplete markets"
per-krusell,Per Krusell,secretary,Macro,3,"Economic growth and technological change: investment-specific technical change, capital-skill complementarity, inequality"
per-krusell,Per Krusell,secretary,Labour,3,"Economic growth and technological change: investment-specific technical change, capital-skill complementarity, inequality"
per-krusell,Per Krusell,secretary,Growth,3,"Economic growth and technological change: investment-specific technical change, capital-skill complementarity, inequality"
per-krusell,Per Krusell,secretary,Macro,3,"Climate and environmental macroeconomics: integrated assessment, carbon and fossil-fuel taxation in general equilibrium"
per-krusell,Per Krusell,secretary,"Resources, Environment",3,"Climate and environmental macroeconomics: integrated assessment, carbon and fossil-fuel taxation in general equilibrium"
per-krusell,Per Krusell,secretary,"Public, Law, Political Economy",3,"Climate and environmental macroeconomics: integrated assessment, carbon and fossil-fuel taxation in general equilibrium"
per-krusell,Per Krusell,secretary,Macro,2,"Fiscal policy and public finance in macro: optimal taxation, welfare, time consistency"
per-krusell,Per Krusell,secretary,"Equilibrium, Welfare",2,"Fiscal policy and public finance in macro: optimal taxation, welfare, time consistency"
per-krusell,Per Krusell,secretary,"Public, Law, Political Economy",2,"Fiscal policy and public finance in macro: optimal taxation, welfare, time consistency"
per-krusell,Per Krusell,secretary,Macro,2,"Political economy of macroeconomic policy and redistribution, including vested interests"
per-krusell,Per Krusell,secretary,"Public, Law, Political Economy",2,"Political economy of macroeconomic policy and redistribution, including vested interests"
per-krusell,Per Krusell,secretary,Macro,1,"Behavioral macro and decision theory: quasi-hyperbolic/quasi-geometric discounting, temptation"
per-krusell,Per Krusell,secretary,"Behavioural, Experimental",1,"Behavioral macro and decision theory: quasi-hyperbolic/quasi-geometric discounting, temptation"
per-krusell,Per Krusell,secretary,Labour,1,"Behavioral macro and decision theory: quasi-hyperbolic/quasi-geometric discounting, temptation"
per-krusell,Per Krusell,secretary,Macro,1,"Labor-market macro: search frictions, gross worker flows"
per-krusell,Per Krusell,secretary,Labour,1,"Labor-market macro: search frictions, gross worker flows"
