,role,main field (profiles),fields covered (2+ models),Dolton-Tol A.6
John Hassler,chair,Macro,"Equilibrium, Labour, Public, Macro, Growth, Resources",Growth (O4)
Tommy Andersson,member,Games,"Equilibrium, Games, Labour, Public, Information, Resources",Information (D8)
Anna Dreber Almenberg,member,Behavioural,"Econometrics, Behavioural, Labour, Information, Finance",Behavioural (D9)
Peter Fredriksson,member,Labour,"Econometrics, Labour, Public, Information, Macro",Labour (I2)
Per Strömberg,member,Finance,"Games, Production/IO, Public, Information, Finance",Finance (G2)
Timo Boppart,co-opted member,Growth,"Equilibrium, Labour, Production/IO, Macro, Development/EH, Growth",Trade (F2)
Kerstin Enflo,co-opted member,Development/EH,"Econometrics, Macro, Development/EH, Growth, Resources",Development (N1)
Richard Friberg,co-opted member,Production/IO,"Production/IO, Information, Trade, Finance",Labour (I2)
Randi Hjalmarsson,co-opted member,Labour,"Econometrics, Behavioural, Labour, Public",Labour (I2)
Jan Teorell,co-opted member,Public,"Econometrics, Public, Development/EH, Growth",Public (D7)
Per Krusell,secretary,Macro,"Equilibrium, Labour, Public, Macro, Growth, Resources",Growth (O4)
