field,members (any),members (2+ models),regular members incl. chair,co-opted members,secretary,main field of,prizes 1969-2025,last award
Econometrics,5,5,2,3,0,,6.5,2021
"Equilibrium, Welfare",5,4,3,1,1,,7.0,1998
"Games, Market Structure",3,2,3,0,0,Andersson,4.0,2020
"Behavioural, Experimental",3,2,1,1,1,Almenberg,2.0,2017
Labour,9,7,4,4,1,"Fredriksson, Hjalmarsson",4.5,2023
"Production, Industrial Organization",4,3,2,2,0,Friberg,4.5,2014
"Public, Law, Political Economy",8,7,4,3,1,Teorell,1.5,2009
Information,5,5,4,1,0,,4.0,2016
Macro,5,5,2,2,1,"Hassler, Krusell",8.0,2006
Trade,1,1,0,1,0,,3.0,2008
Finance,3,3,2,1,0,Strömberg,4.0,2022
"Development, Economic History",5,3,1,4,0,Enflo,3.5,2025
Growth,5,5,1,3,1,Boppart,4.0,2025
"Resources, Environment",4,4,2,1,1,,0.5,2018
