field,baseline rank,years since last,tier,control %,main %,main - control (pp),main rank,control rank
Macro,2,20,bonus:,14.5,16.8,2.3,1,2
Trade,3,18,bonus:,6.8,14.0,7.2,2,7
"Production, Industrial Organization",5,12,bonus:,14.6,13.9,-0.7,3,1
"Public, Law, Political Economy",4,17,bonus:,3.4,12.8,9.4,4,12
"Equilibrium, Welfare",1,28,bonus:,3.7,10.3,6.6,5,11
Information,6,10,neutral,8.2,6.5,-1.7,6,5
"Resources, Environment",8,8,neutral,3.8,6.3,2.5,7,9
"Behavioural, Experimental",7,9,neutral,6.3,5.8,-0.5,8,8
"Games, Market Structure",9,6,neutral,7.5,4.4,-3.1,9,6
Econometrics,10,5,penalty,12.3,3.1,-9.2,10,3
Labour,12,3,penalty,9.5,2.3,-7.2,11,4
Finance,11,4,penalty,3.8,2.2,-1.6,12,9
"Development, Economic History",13,1,large,2.7,0.9,-1.8,13,14
Growth,14,1,large,2.8,0.7,-2.1,14,13
