field,prize_year,name,author_id,n_works,n_impact,impact_median,top10,top1,citing_inventions,own_patents,book_works,citing_books
chemistry,2000,Alan G. MacDiarmid,A5108238128,424,420,0.9014,0.5119,0.1833,238,24,284,587
chemistry,2000,Alan J. Heeger,A5087631107,570,569,0.9578,0.6274,0.2689,203,43,361,998
chemistry,2000,Hideki Shirakawa,A5113680723,255,249,0.7926,0.2932,0.0683,64,8,115,328
chemistry,2001,K. Barry Sharpless,A5077401880,404,404,0.8019,0.3886,0.1015,338,25,188,516
chemistry,2001,Ryōji Noyori,A5054350731,588,586,0.715,0.3174,0.0922,260,32,240,548
chemistry,2001,William S. Knowles,A5048820883,32,32,0.7953,0.2812,0.0625,40,11,24,126
chemistry,2002,John B. Fenn,A5041577693,101,99,0.8835,0.4949,0.1313,113,8,62,380
chemistry,2002,Koichi Tanaka,A5009335876,279,278,0.6286,0.1151,0.0108,29,6,68,109
chemistry,2002,Kurt Wüthrich,A5000254356,456,455,0.9329,0.5912,0.1648,105,2,325,930
chemistry,2003,Peter Agre,A5017989879,164,162,0.946,0.7037,0.1296,26,2,116,231
chemistry,2003,Roderick MacKinnon,A5025045433,62,62,0.9777,0.6935,0.371,37,0,48,301
chemistry,2004,Aaron Ciechanover,A5087180436,117,116,0.9438,0.6638,0.2069,171,3,84,365
chemistry,2004,Avram Hershko,A5035630459,78,78,0.967,0.7692,0.2564,93,2,63,258
chemistry,2005,Richard R. Schrock,A5079660000,506,506,0.9156,0.5296,0.1008,191,20,348,612
chemistry,2005,Yves Chauvin,A5106409475,88,86,0.6958,0.1977,0.0233,16,58,52,212
chemistry,2006,Roger D. Kornberg,A5049465163,191,191,0.9616,0.7382,0.2408,190,2,130,762
chemistry,2007,Gerhard Ertl,A5010170160,646,644,0.939,0.5978,0.1599,35,0,431,1167
chemistry,2008,Martin Chalfie,A5074638214,74,74,0.9261,0.5946,0.0811,1366,4,63,432
chemistry,2008,Osamu Shimomura,A5085164052,388,384,0.7642,0.2083,0.0104,162,8,183,478
chemistry,2008,Roger Y. Tsien,A5109193097,217,216,0.9798,0.7593,0.338,1103,90,171,1687
chemistry,2009,Ada E. Yonath,A5016847667,136,136,0.835,0.3162,0.0515,19,0,80,183
chemistry,2009,Thomas A. Steitz,A5005980770,196,195,0.958,0.6462,0.2205,388,6,139,918
chemistry,2009,Venkatraman Ramakrishnan,A5086176987,111,111,0.8977,0.4865,0.1171,43,3,69,232
chemistry,2010,Akira Suzuki,A5114860378,125,123,0.7356,0.2276,0.0488,464,1,70,312
chemistry,2010,Ei-ichi Negishi,A5049086283,457,456,0.7891,0.3333,0.0307,372,1,247,604
chemistry,2010,Richard F. Heck,A5113728961,153,153,0.8101,0.3399,0.0196,504,4,101,548
chemistry,2011,Dan Shechtman,A5112641125,22,21,0.7359,0.2381,0.0476,1,0,9,66
chemistry,2012,Brian K. Kobilka,A5079682203,202,201,0.9335,0.592,0.1741,637,7,148,831
chemistry,2012,Robert J. Lefkowitz,A5080672788,610,609,0.9741,0.7521,0.3038,1283,17,529,2795
chemistry,2013,Arieh Warshel,A5088665303,337,336,0.9322,0.6071,0.1071,49,0,259,1130
chemistry,2013,Martin Karplus,A5076499540,762,759,0.9293,0.614,0.1225,1026,3,607,3376
chemistry,2013,Michael Levitt,A5019080704,174,173,0.9024,0.5202,0.104,690,2,133,1102
chemistry,2014,Eric Betzig,A5048568518,66,66,0.9618,0.5909,0.3636,263,2,37,522
chemistry,2014,Stefan W. Hell,A5088219208,358,358,0.8781,0.4413,0.1034,203,24,216,536
chemistry,2015,Aziz Sancar,A5016678671,296,296,0.9516,0.723,0.1216,312,3,239,813
chemistry,2015,Paul Modrich,A5060041272,166,166,0.9487,0.6627,0.1506,590,9,139,573
chemistry,2015,Tomas Lindahl,A5060285944,343,340,0.8907,0.4706,0.1176,374,1,212,1484
chemistry,2016,Jean-Pierre Sauvage,A5108401018,377,373,0.8618,0.4102,0.067,140,0,217,548
chemistry,2016,Sir J. Fraser Stoddart,A5027688873,1214,1211,0.8945,0.488,0.1239,585,8,666,1396
chemistry,2017,Jacques Dubochet,A5008622925,146,145,0.8706,0.4345,0.0897,53,0,106,593
chemistry,2017,Joachim Frank,A5042892654,380,379,0.8609,0.4169,0.0844,125,0,257,816
chemistry,2017,Richard Henderson,A5073357045,335,330,0.8005,0.303,0.0848,96,5,213,1336
chemistry,2018,Frances H. Arnold,A5043841592,512,511,0.9236,0.5656,0.1076,2128,58,345,1134
chemistry,2018,George E. Smith,A5048212308,386,379,0.7739,0.2586,0.0369,157,0,185,979
chemistry,2018,Gregory P. Winter,A5113550627,162,161,0.9622,0.6957,0.2547,18383,79,135,1083
chemistry,2019,Akira Yoshino,A5103185273,89,87,0.33,0.0805,0.023,28,22,21,69
chemistry,2019,John B. Goodenough,A5088016695,1017,1007,0.9135,0.5243,0.1529,678,22,519,2385
chemistry,2019,M. Stanley Whittingham,A5023061999,367,365,0.8215,0.4082,0.0959,225,17,139,632
chemistry,2020,Emmanuelle Charpentier,A5074743574,78,76,0.9164,0.5789,0.2368,317,21,41,465
chemistry,2021,Benjamin List,A5040055598,1174,1173,0.3001,0.1594,0.0546,178,13,155,416
chemistry,2021,David W.C. MacMillan,A5102868038,26,26,0.9606,0.5385,0.3077,3,14,13,58
chemistry,2022,Carolyn R. Bertozzi,A5088409133,559,521,0.9063,0.5086,0.1363,2149,69,306,1370
chemistry,2022,K. Barry Sharpless,A5077401880,607,606,0.8437,0.429,0.1304,2919,50,326,1952
chemistry,2022,Morten Meldal,A5008925360,351,349,0.7609,0.2149,0.0172,929,10,204,605
chemistry,2023,Aleksey Yekimov,A5021920207,46,46,0.8354,0.4565,0.087,96,0,39,237
chemistry,2023,Louis E. Brus,A5012651049,310,310,0.9334,0.5516,0.2129,1032,4,201,2112
chemistry,2023,Moungi G. Bawendi,A5108389294,474,472,0.9576,0.6695,0.2775,2283,140,322,2750
chemistry,2024,Demis Hassabis,A5005349213,62,62,0.9884,0.8226,0.4677,571,0,64,3913
chemistry,2024,John M. Jumper,A5059179935,24,24,0.7758,0.4583,0.25,12,0,9,342
chemistry,2025,Omar M. Yaghi,A5044268160,373,372,0.9869,0.7231,0.4462,790,53,278,1924
chemistry,2025,Richard Robson,A5086734482,225,223,0.7896,0.3094,0.0628,54,0,102,364
medicine,2000,Arvid Carlsson,A5110564232,399,393,0.8814,0.4402,0.0916,85,0,305,1403
medicine,2000,Eric R. Kandel,A5034071817,235,230,0.958,0.6739,0.2435,40,0,179,1018
medicine,2000,Paul Greengard,A5052825834,594,592,0.9467,0.674,0.201,140,7,430,2118
medicine,2001,Leland H. Hartwell,A5112821745,97,96,0.959,0.6771,0.1562,80,3,70,416
medicine,2001,Paul M. Nurse,A5019124036,197,194,0.9242,0.5619,0.1753,309,0,106,377
medicine,2001,Tim Hunt,A5046551180,132,126,0.9632,0.6746,0.2619,113,0,96,415
medicine,2002,H. Robert Horvitz,A5075093223,148,146,0.9626,0.6986,0.1644,126,6,98,412
medicine,2002,John E. Sulston,A5018043809,66,63,0.9273,0.6032,0.1429,197,0,49,363
medicine,2002,Sydney Brenner,A5111910776,243,227,0.8823,0.4758,0.1718,397,33,132,1014
medicine,2003,Paul C. Lauterbur,A5077010419,124,121,0.7929,0.405,0.0496,234,4,79,590
medicine,2004,Linda B. Buck,A5041469934,36,36,0.9219,0.5,0.3056,47,0,26,202
medicine,2005,Barry J. Marshall,A5058569055,127,124,0.8199,0.3226,0.121,99,6,52,365
medicine,2005,J. Robin Warren,A5103471926,44,44,0.8167,0.2273,0.0227,7,0,26,51
medicine,2006,Andrew Z. Fire,A5057231025,71,71,0.9337,0.6761,0.1972,155,2,51,297
medicine,2006,Craig C. Mello,A5029315886,32,32,0.964,0.7812,0.2812,82,1,20,134
medicine,2007,Mario R. Capecchi,A5065080973,138,138,0.9471,0.6159,0.1449,1788,7,96,732
medicine,2007,Martin J. Evans,A5089983912,77,76,0.7071,0.1579,0.0263,34,0,18,92
medicine,2007,Oliver Smithies,A5070335657,249,244,0.9503,0.668,0.2295,3317,6,184,1513
medicine,2008,Françoise Barré-Sinoussi,A5107827488,152,150,0.8174,0.34,0.08,519,22,89,577
medicine,2008,Harald zur Hausen,A5076220155,231,226,0.9378,0.5708,0.1726,274,18,168,848
medicine,2008,Luc Montagnier,A5016871448,335,331,0.8251,0.3867,0.1057,958,99,196,1160
medicine,2009,Carol W. Greider,A5041730448,78,78,0.9767,0.7821,0.3974,198,3,59,403
medicine,2009,Elizabeth H. Blackburn,A5064437582,176,175,0.9393,0.6286,0.2057,205,5,103,416
medicine,2009,Jack W. Szostak,A5023274897,180,180,0.9224,0.5889,0.1389,1295,15,122,625
medicine,2010,Robert G. Edwards,A5076630534,192,191,0.81,0.3298,0.0733,19,0,63,203
medicine,2011,Bruce A. Beutler,A5059140393,295,294,0.9032,0.5068,0.1939,1552,14,184,1618
medicine,2011,Jules A. Hoffmann,A5109919304,5,5,0.8983,0.4,0.2,10,3,5,27
medicine,2011,Ralph M. Steinman,A5113434905,342,339,0.9628,0.6755,0.2537,940,17,250,1716
medicine,2012,John B. Gurdon,A5059632675,247,242,0.9203,0.5496,0.1364,231,0,168,1117
medicine,2012,Shinya Yamanaka,A5081862387,183,181,0.8916,0.4807,0.1934,96,6,96,919
medicine,2013,James E. Rothman,A5101629940,110,108,0.9691,0.7685,0.2407,242,13,92,733
medicine,2013,Randy W. Schekman,A5016859611,251,243,0.9502,0.6831,0.1564,212,0,192,752
medicine,2013,Thomas C. Südhof,A5061921730,385,384,0.9592,0.7422,0.1979,386,8,292,1247
medicine,2014,Edvard I. Moser,A5086289649,96,96,0.9352,0.5833,0.2188,9,0,61,345
medicine,2014,John O'Keefe,A5053583655,81,81,0.9372,0.6049,0.1852,46,0,66,1033
medicine,2014,May-Britt Moser,A5053497962,76,76,0.9341,0.6053,0.25,6,0,47,288
medicine,2015,Satoshi Ōmura,A5045164227,1180,1175,0.7503,0.1523,0.0111,752,78,600,995
medicine,2015,Tu Youyou,A5010459426,16,16,0.6684,0.1875,0.0625,2,0,2,6
medicine,2015,William C. Campbell,A5018339760,151,144,0.7766,0.2847,0.0486,186,0,95,284
medicine,2016,Yoshinori Ohsumi,A5056765809,218,218,0.9473,0.6284,0.1881,47,1,158,522
medicine,2017,Jeffrey C. Hall,A5111697256,175,174,0.8927,0.4885,0.0747,79,0,136,430
medicine,2017,Michael Rosbash,A5068402917,292,291,0.9416,0.6804,0.1306,271,2,213,730
medicine,2017,Michael W. Young,A5103089991,118,116,0.9415,0.6034,0.1983,155,5,82,444
medicine,2018,James P. Allison,A5047117233,446,442,0.8698,0.4412,0.1697,1002,9,246,1463
medicine,2018,Tasuku Honjo,A5019039647,537,534,0.9037,0.5037,0.1124,2095,39,382,1988
medicine,2019,Gregg L. Semenza,A5051276665,391,390,0.9636,0.6744,0.2641,759,6,271,2117
medicine,2019,Peter J. Ratcliffe,A5064727417,357,354,0.9077,0.5169,0.1215,422,16,239,1445
medicine,2019,William G. Kaelin,A5088456751,228,227,0.9637,0.6784,0.3084,774,13,166,1279
medicine,2020,Charles M. Rice,A5019683467,430,425,0.9649,0.72,0.2753,2592,17,304,1127
medicine,2020,Harvey J. Alter,A5105717171,224,217,0.9244,0.5576,0.1751,368,3,150,868
medicine,2020,Michael Houghton,A5090612228,254,254,0.9324,0.6024,0.2362,1482,83,167,1033
medicine,2021,Ardem Patapoutian,A5066449841,103,102,0.9846,0.7353,0.4314,304,4,77,611
medicine,2021,David Julius,A5014886042,123,121,0.964,0.595,0.3471,1272,18,90,1746
medicine,2022,Svante Pääbo,A5012216367,350,348,0.9642,0.6494,0.296,566,4,270,3136
medicine,2023,Drew Weissman,A5068253145,140,139,0.9296,0.5683,0.2158,719,14,87,523
medicine,2023,Katalin Karikó,A5030598859,102,102,0.8499,0.4118,0.1667,757,13,60,443
medicine,2024,Gary Ruvkun,A5066998461,192,190,0.939,0.6105,0.2158,1062,12,141,1682
medicine,2024,Victor Ambros,A5067882558,99,99,0.9164,0.5758,0.1919,1128,1,71,1658
medicine,2025,Frederick J. Ramsdell,A5050752577,58,58,0.9134,0.5517,0.2586,569,16,44,605
medicine,2025,Shimon Sakaguchi,A5025764166,323,319,0.9091,0.511,0.1755,1261,5,216,1979
physics,2000,Herbert Kroemer,A5055558095,266,265,0.8862,0.4528,0.0868,70,1,128,421
physics,2000,Jack S. Kilby,A5025589417,7,7,0.4495,0.2857,0.0,0,13,1,16
physics,2001,Carl E. Wieman,A5006656464,104,104,0.9006,0.5,0.2596,31,2,53,249
physics,2001,Eric A. Cornell,A5004950660,64,64,0.929,0.6094,0.3281,2,2,29,76
physics,2001,Wolfgang Ketterle,A5040820196,87,87,0.9074,0.5402,0.2644,1,0,44,82
physics,2002,Masatoshi Koshiba,A5107839752,166,163,0.9261,0.5828,0.1902,0,0,91,259
physics,2002,Raymond Davis Jr.,A5088919307,4,3,0.9682,1.0,0.0,0,0,2,24
physics,2002,Riccardo Giacconi,A5090764693,217,213,0.7683,0.3897,0.0986,1,0,111,568
physics,2003,Alexei A. Abrikosov,A5111686980,134,131,0.8102,0.3206,0.0458,0,0,48,282
physics,2003,Anthony J. Leggett,A5112509340,33,30,0.9176,0.5333,0.2,1,0,24,195
physics,2003,Vitaly L. Ginzburg,A5107701637,140,137,0.4049,0.1387,0.0146,0,0,84,289
physics,2004,David J. Gross,A5101843635,226,220,0.9152,0.5136,0.2682,13,2,125,796
physics,2004,Frank Wilczek,A5091196459,288,276,0.9308,0.5399,0.2428,3,1,150,910
physics,2004,H. David Politzer,A5032993578,65,64,0.9535,0.625,0.3281,0,0,39,328
physics,2005,John L. Hall,A5009444030,328,325,0.7224,0.3354,0.0985,167,12,156,837
physics,2005,Roy J. Glauber,A5049446469,84,81,0.9438,0.5432,0.1728,0,0,50,453
physics,2006,George F. Smoot,A5106522067,86,84,0.3444,0.119,0.0119,2,0,22,56
physics,2006,John C. Mather,A5105469517,0,0,,,,0,0,0,0
physics,2007,Albert Fert,A5055262951,238,237,0.8962,0.481,0.1561,172,2,148,465
physics,2007,Peter Grünberg,A5029618808,138,138,0.8652,0.3986,0.1087,32,0,76,248
physics,2008,Makoto Kobayashi,A5061619362,40,40,0.7394,0.125,0.0,12,7,13,17
physics,2008,Toshihide Maskawa,A5071580792,28,28,0.6843,0.2143,0.0357,0,0,11,240
physics,2008,Yoichiro Nambu,A5053860646,121,116,0.9097,0.5172,0.1983,0,0,63,493
physics,2009,Charles Kuen Kao,A5029955290,21,18,0.5376,0.0556,0.0,9,0,8,43
physics,2009,George E. Smith,A5048212308,304,298,0.7535,0.245,0.0403,139,0,146,662
physics,2010,Andre Geim,A5058357018,162,160,0.8847,0.4688,0.2625,19,0,65,157
physics,2011,Adam G. Riess,A5017158718,132,130,0.9499,0.5615,0.2846,1,0,53,366
physics,2011,Brian P. Schmidt,A5102850551,12,12,0.551,0.0833,0.0,2,0,3,4
physics,2011,Saul Perlmutter,A5030135192,141,140,0.8236,0.4,0.1357,3,0,59,414
physics,2012,David J. Wineland,A5001536933,240,238,0.7816,0.3866,0.1429,54,1,114,619
physics,2012,Serge Haroche,A5108398851,205,202,0.8799,0.4653,0.203,70,0,130,770
physics,2013,François Englert,A5109059719,41,39,0.341,0.0769,0.0256,0,0,9,11
physics,2013,Peter W. Higgs,A5103709169,10,10,0.8543,0.3,0.0,0,0,7,240
physics,2014,Hiroshi Amano,A5048399593,896,889,0.8263,0.2868,0.0371,645,40,265,474
physics,2014,Isamu Akasaki,A5081597179,690,686,0.841,0.3192,0.0423,599,53,215,389
physics,2014,Shuji Nakamura,A5060156624,169,167,0.7032,0.2156,0.0419,152,6,67,206
physics,2015,Arthur B. McDonald,A5003241485,129,128,0.8306,0.3516,0.0703,3,0,71,277
physics,2016,David J. Thouless,A5110124079,181,179,0.8963,0.4972,0.1453,11,0,124,1694
physics,2016,F. Duncan M. Haldane,A5089213304,105,105,0.9644,0.7143,0.2571,6,0,75,647
physics,2016,J. Michael Kosterlitz,A5057254153,86,86,0.4021,0.1628,0.0,0,0,20,93
physics,2017,Barry C. Barish,A5040898326,345,340,0.9089,0.5147,0.1382,1,0,156,445
physics,2017,Kip S. Thorne,A5103423628,126,123,0.8838,0.4715,0.0976,9,0,98,847
physics,2017,Rainer Weiss,A5103619207,37,35,0.8116,0.3429,0.1143,6,1,16,185
physics,2018,Arthur Ashkin,A5045721355,102,101,0.9481,0.6634,0.1683,446,11,88,1189
physics,2018,Donna Strickland,A5019063503,63,63,0.7252,0.2222,0.1111,99,0,25,353
physics,2018,Gérard Mourou,A5057252770,485,485,0.8263,0.3753,0.1052,629,35,213,1102
physics,2019,Didier Queloz,A5023914308,303,302,0.9335,0.5662,0.1689,1,0,236,611
physics,2019,Michel Mayor,A5006919346,344,342,0.7699,0.3538,0.1374,1,0,232,813
physics,2020,Reinhard Genzel,A5032049136,587,579,0.8154,0.4111,0.1606,7,0,262,1061
physics,2020,Roger Penrose,A5014894861,196,177,0.8566,0.4237,0.113,19,0,170,2886
physics,2021,Giorgio Parisi,A5052777339,582,579,0.9059,0.5233,0.0967,20,0,353,2113
physics,2021,Klaus Hasselmann,A5112219120,211,201,0.7503,0.3532,0.0846,4,0,118,1259
physics,2021,Syukuro Manabe,A5045338372,125,122,0.9784,0.6885,0.3443,1,0,110,1757
physics,2022,Alain Aspect,A5046427077,221,216,0.828,0.4074,0.0926,164,2,114,1273
physics,2022,Anton Zeilinger,A5001105113,412,407,0.8682,0.4423,0.1671,220,1,268,1963
physics,2022,John F. Clauser,A5084511570,58,55,0.7705,0.3818,0.0727,10,0,33,887
physics,2023,Ferenc Krausz,A5049801219,630,629,0.8296,0.3895,0.124,253,25,294,1166
physics,2023,Pierre Agostini,A5054821424,154,152,0.9326,0.5592,0.1711,11,0,99,604
physics,2024,Geoffrey Hinton,A5108093963,175,173,0.9643,0.6358,0.341,3199,13,212,19775
physics,2024,John J. Hopfield,A5001584643,218,216,0.9443,0.5926,0.1944,550,4,172,5356
physics,2025,John Clarke,A5010797318,455,449,0.8987,0.4967,0.098,483,15,296,1327
physics,2025,Michel H. Devoret,A5089631322,241,240,0.9626,0.6667,0.3,641,12,165,1213
