option,impact_share,inventions_share,diff
1,0.7213114754098361,0.7903225806451614,-0.0065933333333333
2,0.680327868852459,0.7580645161290323,0.0079996666666666
3,0.546448087431694,0.9838709677419355,0.001141
4,0.48360655737704916,0.717741935483871,-0.0029685833333333
5,0.9125683060109289,0.6612903225806451,0.0017529166666666
6,0.5737704918032787,0.8763440860215054,-0.0055148333333333
7,0.6666666666666666,0.16129032258064516,0.0027415833333333
8,0.8306010928961749,0.532258064516129,0.0021733333333333
9,0.9672131147540984,0.8118279569892474,0.0078469166666666
10,0.35519125683060104,0.9193548387096775,0.0010213333333333
11,0.22950819672131142,0.7311827956989246,0.0087253333333333
12,0.7814207650273225,0.10483870967741936,-0.0022068333333333
