arm,option,control_mean,control_sd,control_min,control_max,arm_mean,arm_sd,diff,diff_over_control_sd,outside_control_range,option_text
treat,1,0.10011600000000001,0.009287003499514796,0.089431,0.110752,0.09352266666666666,0.008683380466922621,-0.006593333333333354,-0.7099527133458953,False,"for the theoretical prediction and experimental discovery of topological insulators and the quantum spin Hall effect — Charles L. Kane, Eugene J. Mele, Laurens W. Molenkamp"
treat,2,0.146406,0.009420913225372581,0.138211,0.157189,0.15440566666666666,0.00732746274868275,0.007999666666666655,0.8491391943959108,False,"for the invention and development of optical lattice clocks, enabling time and frequency measurements at unprecedented precision — Hidetoshi Katori, Jun Ye"
treat,3,0.07001199999999999,0.01015152208620297,0.055702,0.079602,0.07115300000000001,0.021572323101604056,0.001141000000000017,0.11239693814494685,False,"for the theoretical prediction and experimental realization of negative index metamaterials — John B. Pendry, David R. Smith, Eli Yablonovitch"
treat,4,0.04642325,0.009051534101097632,0.03904,0.058239,0.04345466666666667,0.006776290824140692,-0.00296858333333333,-0.327964663246791,False,"for the discovery of topological and geometric phases in quantum systems — Michael V. Berry, Yakir Aharonov"
treat,5,0.06714374999999999,0.005504557467832146,0.060687,0.073443,0.06889666666666666,0.006190516645105914,0.0017529166666666735,0.31844824527865684,False,"for the theoretical prediction and experimental discovery of correlated insulator behavior and superconductivity in magic-angle twisted bilayer graphene — Allan H. MacDonald, Pablo Jarillo-Herrero, Rafi Bistritzer"
treat,6,0.0519165,0.006321349671285925,0.046152,0.06068,0.046401666666666674,0.006619115827157986,-0.005514833333333323,-0.8724139021107915,False,"for foundational discoveries in quantum information science, including quantum cryptography and quantum algorithms — Charles H. Bennett, Gilles Brassard, Peter W. Shor"
treat,7,0.037920749999999996,0.005172860548091356,0.030364,0.041761,0.040662333333333335,0.010965823376898488,0.002741583333333339,0.5299936674969729,False,"for pioneering contributions to neutrino astronomy, in particular the discovery of high-energy cosmic neutrinos — Francis Halzen, Albrecht Karle, Naoko Kurahashi Neilson"
treat,8,0.019504,0.002788260628659619,0.01626,0.023066,0.021677333333333337,0.007852901714228528,0.002173333333333336,0.7794584591534786,False,"for the observation of the shadow of a black hole by event-horizon-scale radio interferometry — Heino Falcke, Sheperd S. Doeleman, Katherine L. Bouman"
treat,9,0.05414775,0.008957191017091611,0.04878,0.067546,0.06199466666666668,0.01586687194545079,0.007846916666666676,0.8760465922512569,False,"for theoretical proposals and experimental realizations of quantum simulators using ultracold atoms in optical lattices — Immanuel Bloch, J. Ignacio Cirac, Peter Zoller"
treat,10,0.025275,0.0027009221881917796,0.02199,0.028455,0.026296333333333335,0.0043639500837353,0.001021333333333336,0.37814244993747886,False,"for the invention of the quantum cascade laser — Alfred Y. Cho, Federico Capasso, Jérôme Faist"
treat,11,0.045596000000000005,0.005119017418737048,0.041743,0.052846,0.05432133333333333,0.01046171101365992,0.008725333333333328,1.7044937767541377,True,"for the invention of aberration-corrected electron optics, enabling electron microscopy with sub-ångström resolution — Maximilian Haider, Knut Urban, Ondrej L. Krivanek"
treat,12,0.0084115,0.0018092861391535982,0.006221,0.010619,0.0062046666666666665,0.0016632842010111599,-0.002206833333333334,-1.2197259933499034,True,"for the theoretical formulation of cosmic inflation and the prediction of the quantum origin of cosmological structure — Alan H. Guth, Andrei Linde, Viatcheslav Mukhanov"
treat,13,0.3271275,0.023194724694780632,0.294136,0.345,0.31100900000000004,0.011855311214810009,-0.01611849999999998,-0.694920944831349,False,Other
