person,fields,ids,job,submitted,record
Svetlana Mojsov,medicine,A5013143800,59851432,2026-10-01T16:45:34-0500,
Svetlana Mojsov,medicine,A5013143800,reused,,output/record/NA_NA_Svetlana-Mojsov_A5013143800.md
Jens Juul Holst,medicine,A5085434984;A5107964227,59851810,2026-10-01T16:55:40-0500,
Lotte Bjerre Knudsen,medicine,A5088627727,59851811,2026-10-01T16:55:40-0500,
Karl Deisseroth,medicine,A5014360828;A5112205636;A5025551541,59851812,2026-10-01T16:55:40-0500,
Peter Hegemann,medicine,A5032787107,59851813,2026-10-01T16:55:40-0500,
Gero Miesenböck,medicine,A5109272997,59851814,2026-10-01T16:55:42-0500,
Carl H. June,medicine,A5008558372,59851815,2026-10-01T16:55:42-0500,
Michel Sadelain,medicine,A5059625599;A5103081365;A5058976864,59851816,2026-10-01T16:55:43-0500,
Steven A. Rosenberg,medicine,A5072133376,59851817,2026-10-01T16:55:43-0500,
Kazutoshi Mori,medicine,A5024825620;A5102399723;A5103964342,59851818,2026-10-01T16:55:43-0500,
Peter Walter,medicine,A5087493059,59851819,2026-10-01T16:55:43-0500,
Helen H. Hobbs,medicine,A5024723638,59851820,2026-10-01T16:55:43-0500,
Nabil G. Seidah,medicine,A5090995081,59851821,2026-10-01T16:55:43-0500,
Jonathan C. Cohen,medicine,A5043796550,59851822,2026-10-01T16:55:43-0500,
David Klenerman,medicine;chemistry,A5042822683,59851823,2026-10-01T16:55:43-0500,
Shankar Balasubramanian,medicine;chemistry,A5040551102,59851824,2026-10-01T16:55:43-0500,
Emmanuel Mignot,medicine,A5073040042;A5021339764;A5109153776,59851825,2026-10-01T16:55:44-0500,
Masashi Yanagisawa,medicine,A5006145523;A5108409060;A5007363525;A5111692204;A5111593010,59851826,2026-10-01T16:55:44-0500,
Luis de Lecea,medicine,A5055709520;A5032923805,59851827,2026-10-01T16:55:44-0500,
Hans Clevers,medicine,A5062248785;A5107392033;A5109947781,59851828,2026-10-01T16:55:44-0500,
Roel Nusse,medicine,A5048466506,59851829,2026-10-01T16:55:44-0500,
Jeffrey M. Friedman,medicine,A5065622211;A5107560893,59851830,2026-10-01T16:55:44-0500,
Stephen O'Rahilly,medicine,A5013261212,59851832,2026-10-01T16:55:44-0500,
Marc Feldmann,medicine,A5057580992;A5104057254,59851833,2026-10-01T16:55:44-0500,
Ravinder N. Maini,medicine,A5111772241,59851834,2026-10-01T16:55:44-0500,
Arthur L. Horwich,medicine;chemistry,A5034561133,59851835,2026-10-01T16:55:45-0500,
Franz-Ulrich Hartl,medicine;chemistry,A5086048712;A5111580352;A5109893703;A5103518730,59851836,2026-10-01T16:55:45-0500,
Mary-Claire King,medicine,A5049132398,59851837,2026-10-01T16:55:45-0500,
Mark H. Skolnick,medicine,A5110003746;A5108406066,59851838,2026-10-01T16:55:45-0500,
Michael R. Stratton,medicine,A5058103562,59851839,2026-10-01T16:55:45-0500,
Charles L. Kane,physics,A5003262716,59851840,2026-10-01T16:55:45-0500,
Eugene J. Mele,physics,A5068161598;A5016478835,59851841,2026-10-01T16:55:45-0500,
Laurens W. Molenkamp,physics,A5085660056,59851842,2026-10-01T16:55:45-0500,
Hidetoshi Katori,physics,A5081417357,59851843,2026-10-01T16:55:45-0500,
Jun Ye,physics,A5100382923;A5029823127;A5108688194,59851844,2026-10-01T16:55:45-0500,
John B. Pendry,physics,A5011614810,59851845,2026-10-01T16:55:46-0500,
David R. Smith,physics,A5042580914;A5108116580,59851846,2026-10-01T16:55:46-0500,
Eli Yablonovitch,physics,A5017829753,59851847,2026-10-01T16:55:46-0500,
Michael V. Berry,physics,A5032503181;A5006305535,59851848,2026-10-01T16:55:46-0500,
Yakir Aharonov,physics,A5046674773,59851849,2026-10-01T16:55:46-0500,
Allan H. MacDonald,physics,A5022064172,59851850,2026-10-01T16:55:46-0500,
Pablo Jarillo-Herrero,physics,A5058224422,59851851,2026-10-01T16:55:46-0500,
Rafi Bistritzer,physics,A5029465105,59851852,2026-10-01T16:55:46-0500,
Charles H. Bennett,physics,A5053166798,59851853,2026-10-01T16:55:46-0500,
Gilles Brassard,physics,A5110284072;A5040617478,59851854,2026-10-01T16:55:47-0500,
Peter W. Shor,physics,A5020744800,59851855,2026-10-01T16:55:47-0500,
Francis Halzen,physics,A5023747159;A5021894060;A5105972743;A5028712646;A5106465906,59851856,2026-10-01T16:55:47-0500,
Albrecht Karle,physics,A5064240266;A5107934320,59851857,2026-10-01T16:55:47-0500,
Naoko Kurahashi Neilson,physics,A5024594692,59851858,2026-10-01T16:55:47-0500,
Heino Falcke,physics,A5050345412,59851859,2026-10-01T16:55:47-0500,
Sheperd S. Doeleman,physics,A5023737919,59851860,2026-10-01T16:55:47-0500,
Katherine L. Bouman,physics,A5061668167,59851861,2026-10-01T16:55:47-0500,
Immanuel Bloch,physics,A5032954061,59851862,2026-10-01T16:55:47-0500,
J. Ignacio Cirac,physics,A5083228566,59851863,2026-10-01T16:55:47-0500,
Peter Zoller,physics,A5016282235;A5048153174,59851864,2026-10-01T16:55:48-0500,
Alfred Y. Cho,physics,A5069793147,59851865,2026-10-01T16:55:48-0500,
Federico Capasso,physics,A5066671589;A5107844071,59851866,2026-10-01T16:55:48-0500,
Jérôme Faist,physics,A5036468741;A5105356310;A5109604475,59851867,2026-10-01T16:55:50-0500,
Maximilian Haider,physics,A5085200056,59851868,2026-10-01T16:55:50-0500,
Knut Urban,physics,A5102812716,59851869,2026-10-01T16:55:50-0500,
Ondrej L. Krivanek,physics,A5071810663,59851870,2026-10-01T16:55:50-0500,
Alan H. Guth,physics,A5105707535,59851871,2026-10-01T16:55:50-0500,
Andrei Linde,physics,A5014587042,59851872,2026-10-01T16:55:50-0500,
Viatcheslav Mukhanov,physics,A5108489761,59851873,2026-10-01T16:55:50-0500,
Krzysztof Matyjaszewski,chemistry,A5056539244;A5095795059;A5097674061;A5112835457,59851874,2026-10-01T16:55:50-0500,
Mitsuo Sawamoto,chemistry,A5009874386,59851875,2026-10-01T16:55:50-0500,
Ezio Rizzardo,chemistry,A5083403173;A5047504668,59851876,2026-10-01T16:55:51-0500,
Pascal Mayer,chemistry,A5050699304,59851877,2026-10-01T16:55:51-0500,
Henry J. Snaith,chemistry,A5081428881,59851878,2026-10-01T16:55:51-0500,
Nam-Gyu Park,chemistry,A5013544504,59851879,2026-10-01T16:55:51-0500,
Tsutomu Miyasaka,chemistry,A5030322278,59851880,2026-10-01T16:55:51-0500,
Marvin H. Caruthers,chemistry,A5027707988,59851881,2026-10-01T16:55:51-0500,
Serge L. Beaucage,chemistry,A5022821865,59851882,2026-10-01T16:55:51-0500,
Mark D. Matteucci,chemistry,A5111590685,59851883,2026-10-01T16:55:51-0500,
John F. Hartwig,chemistry,A5088865204,59851884,2026-10-01T16:55:51-0500,
Jin-Quan Yu,chemistry,A5108685090;A5122352517,59851885,2026-10-01T16:55:52-0500,
Robert G. Bergman,chemistry,A5047518475,59851886,2026-10-01T16:55:52-0500,
Pieter R. Cullis,chemistry,A5050350074;A5111897476,59851887,2026-10-01T16:55:52-0500,
Robert S. Langer,chemistry,A5042597057;A5111855148,reused,,output/record/NA_NA_Robert-Langer_A5042597057.md
Kazunori Kataoka,chemistry,A5015097923;A5078678170,59851888,2026-10-01T16:55:52-0500,
Craig M. Crews,chemistry,A5016866989,59851889,2026-10-01T16:55:52-0500,
Raymond J. Deshaies,chemistry,A5066867755,59851890,2026-10-01T16:55:52-0500,
Stuart L. Schreiber,chemistry,A5035618234;A5111848285;A5109170929;A5108774877,59851891,2026-10-01T16:55:52-0500,
David W. Deamer,chemistry,A5004480690,59851892,2026-10-01T16:55:52-0500,
Hagan Bayley,chemistry,A5065179718,59851893,2026-10-01T16:55:52-0500,
Daniel Branton,chemistry,A5030369201,59851894,2026-10-01T16:55:53-0500,
Michele Parrinello,chemistry,A5023487560;A5109157985,59851895,2026-10-01T16:55:53-0500,
Roberto Car,chemistry,A5007841515;A5108128658,59851896,2026-10-01T16:55:53-0500,
Ching W. Tang,chemistry,A5085816509;A5103415041;A5075010179,59851897,2026-10-01T16:55:53-0500,
Steven A. Van Slyke,chemistry,A5025520043;A5036976819,59851898,2026-10-01T16:55:53-0500,
Mark E. Thompson,chemistry,A5035687175,59851899,2026-10-01T16:55:53-0500,
Paul W. K. Rothemund,chemistry,A5016860712,59851900,2026-10-01T16:55:53-0500,
William M. Shih,chemistry,A5015398607,59851901,2026-10-01T16:55:53-0500,
Hao Yan,chemistry,A5064979753;A5113696260,59851902,2026-10-01T16:55:53-0500,
