,main v2,control v2,treat 18:17,control 18:17
"for the invention and development of optical lattice clocks, enabling time and frequency measurements at unprecedented precision — Jun Ye, Hidetoshi Katori",0.037562,0.137365,0.029122,0.137877
"for the theoretical prediction and experimental realization of negative index metamaterials — John B. Pendry, David R. Smith, Eli Yablonovitch",0.043031,0.118225,0.050219,0.131347
"for the theoretical prediction and experimental discovery of topological insulators and the quantum spin Hall effect — Eugene J. Mele, Charles L. Kane, Laurens W. Molenkamp",0.053206,0.082213,0.031731,0.090927
"for theoretical proposals and experimental realizations of quantum simulators using ultracold atoms in optical lattices — Immanuel Bloch, J. Ignacio Cirac, Peter Zoller",0.086895,0.062215,0.078109,0.050186
"for the discovery of topological and geometric phases in quantum systems — Michael V. Berry, Yakir Aharonov",0.015229,0.052926,0.016406,0.063708
"for the theoretical prediction and experimental discovery of correlated insulator behavior and superconductivity in magic-angle twisted bilayer graphene — Pablo Jarillo-Herrero, Allan H. MacDonald, Rafi Bistritzer",0.029815,0.043821,0.04576,0.057368
"for foundational discoveries in quantum information science, including quantum cryptography and quantum algorithms — Charles H. Bennett, Gilles Brassard, Peter W. Shor",0.032444,0.038189,0.026768,0.048849
"for advancing the understanding of the surprising properties of two-dimensional electron systems in strong magnetic fields — Mordehai Heiblum, Jainendra K. Jain, James P. Eisenstein",0.033635,0.035398,0.022784,0.048485
"for their studies of stellar explosions and the origin of the elements — Ken'ichi Nomoto, Stanford Woosley",0.015829,0.034197,0.017312,0.032618
"for the development of highly efficient organic light-emitting diodes based on phosphorescent and thermally activated delayed fluorescence emitters — Chihaya Adachi, Mark E. Thompson, Stephen R. Forrest",0.052216,0.032691,0.078723,0.023866
"for pioneering contributions to neutrino astronomy, in particular the discovery of high-energy cosmic neutrinos — Francis Halzen, Albrecht Karle, Naoko Kurahashi Neilson",0.035086,0.030991,0.018908,0.031145
"for pioneering theoretical studies of fluctuations in the cosmic microwave background — George Efstathiou, John Richard Bond",0.05116,0.025009,0.050476,0.015671
"for the discovery of quantum error correction and fault-tolerant quantum computation — John Preskill, Peter W. Shor, Alexei Y. Kitaev",0.062433,0.02489,0.069881,0.030919
"for the invention of the quantum cascade laser — Federico Capasso, Alfred Y. Cho, Jérôme Faist",0.021509,0.024364,0.031047,0.025401
"for the formulation of the hydrodynamic theories of active matter and flocking — John Toner, Sriram Ramaswamy, Yuhai Tu",0.013966,0.023933,0.00931,0.011717
for the experimental discovery of the quantum anomalous Hall effect — Qikun Xue,0.026117,0.023631,0.019106,0.01867
"for the invention of aberration-corrected electron optics, enabling electron microscopy with sub-ångström resolution — Maximilian Haider, Knut Urban, Ondrej L. Krivanek",0.009517,0.023495,0.009958,0.02686
"for numerical simulations that established the cold dark matter model of the formation of cosmic structure — Simon White, Carlos Frenk, Marc Davis",0.048542,0.022175,0.042658,0.018129
"for the discovery of fluctuation theorems and exact nonequilibrium work relations that extend thermodynamics to small systems far from equilibrium — Christopher Jarzynski, Denis J. Evans, Gavin E. Crooks",0.028381,0.021548,0.017291,0.012007
"for the detection and theoretical study of the atmospheres of exoplanets through their transits — David Charbonneau, Sara Seager",0.047773,0.020322,0.035847,0.017142
"for the observation of the shadow of a black hole by event-horizon-scale radio interferometry — Heino Falcke, Sheperd S. Doeleman, Katherine L. Bouman",0.032276,0.018452,0.026711,0.01963
"for the theory of multiferroic materials, in which magnetic and ferroelectric order coexist — Nicola A. Spaldin",0.036805,0.018187,0.024879,0.017188
"for the discovery of magnetic skyrmion lattices and topological spin textures in chiral magnets — Christian Pfleiderer, Yoshinori Tokura, Naoto Nagaosa",0.037105,0.016975,0.033535,0.016422
"for theoretical discoveries of quantum spin liquids and exactly solvable models of topological order — Alexei Y. Kitaev, Patrick A. Lee",0.01685,0.013313,0.031059,0.012389
"for the invention of atomic force microscopy — Christoph Gerber, Gerd Binnig",0.036507,0.013125,0.048135,0.008509
"for fundamental contributions to high-energy astrophysics, galaxies and structure formation, and cosmology — Martin Rees",0.006178,0.012035,0.010849,0.006559
"for the theoretical formulation of cosmic inflation and the prediction of the quantum origin of cosmological structure — Alan H. Guth, Andrei Linde, Viatcheslav Mukhanov",0.025957,0.010869,0.02494,0.012958
"for the proposal of quantum computation with electron spins in semiconductor quantum dots — Daniel Loss, David DiVincenzo",0.04052,0.009628,0.05792,0.007678
"for the development of wavelet theory and multiresolution signal analysis — Yves Meyer, Stéphane Mallat, Ingrid Daubechies",0.009985,0.005389,0.027444,0.003734
for the first coherent control of a superconducting quantum bit — Yasunobu Nakamura,0.01347,0.004429,0.013112,0.002041
