field,main_pct,pool,rank_in_field,option,contribution,jel_code,people,born,score,n_models,n_members,roles,flags,field_rank
Macro,16.8,7,1,"for developing the New Keynesian framework for the analysis of monetary policy — Michael Woodford, Jordi Galí, Mark Gertler",for developing the New Keynesian framework for the analysis of monetary policy,E52,Michael Woodford; Jordi Galí; Mark Gertler,1955; 1961; 1951,13.5354,3,11,"chair, co-opted, member, secretary",,1
Macro,16.8,7,2,"for the empirical identification of the effects of monetary and fiscal policy through narrative and natural-experiment methods — Nobuhiro Kiyotaki, John Moore, Valerie A. Ramey",for the empirical identification of the effects of monetary and fiscal policy through narrative and natural-experiment methods,E32,Nobuhiro Kiyotaki; John Moore; Valerie A. Ramey,1955; 1954; 1959,13.0909,3,11,"chair, co-opted, member, secretary",,2
Macro,16.8,7,3,"for the analysis of macroeconomic labor market dynamics and search frictions — Robert E. Hall, Robert Shimer, Richard Rogerson",for the analysis of macroeconomic labor market dynamics and search frictions,E21,Robert E. Hall; Robert Shimer; Richard Rogerson,1943; 1968; 1956,2.1818,3,8,"chair, co-opted, member, secretary",,4
Macro,16.8,7,4,"for the analysis of credibility, time consistency and central bank independence in monetary policy — Robert J. Barro, Alex Cukierman, Kenneth Rogoff","for the analysis of credibility, time consistency and central bank independence in monetary policy",E62,Robert J. Barro; Alex Cukierman; Kenneth Rogoff,1944; 1938; 1953,1.5859,2,6,"co-opted, member, secretary",Alex Cukierman: born 1938 (age 88 in 2026),5
Macro,16.8,7,5,"for their empirical analysis of household debt and its impact on macroeconomic fluctuations — Atif Mian, Amir Sufi",for their empirical analysis of household debt and its impact on macroeconomic fluctuations,E21,Atif Mian; Amir Sufi,1975; 1977,1.0606,2,3,"co-opted, member",,6
Macro,16.8,7,6,"for credible empirical identification of the effects of monetary policy shocks and their transmission — Lawrence J. Christiano, Charles L. Evans, Martin Eichenbaum",for credible empirical identification of the effects of monetary policy shocks and their transmission,E32,Lawrence J. Christiano; Charles L. Evans; Martin Eichenbaum,1952; 1958; 1954,0.8788,3,4,"chair, co-opted, member",,7
Macro,16.8,7,7,"for the fiscal theory of the price level and the analysis of monetary-fiscal policy interactions — Eric M. Leeper, John H. Cochrane, Michael Woodford",for the fiscal theory of the price level and the analysis of monetary-fiscal policy interactions,E31,Eric M. Leeper; John H. Cochrane; Michael Woodford,1951; 1957; 1955,0.7273,1,3,"chair, co-opted, member",,8
Trade,14.0,6,1,"for the analysis of firm heterogeneity in international trade — Marc J. Melitz, Elhanan Helpman, Samuel Kortum",for the analysis of firm heterogeneity in international trade,F12,Marc J. Melitz; Elhanan Helpman; Samuel Kortum,1968; 1946; 1960,32.9798,3,11,"chair, co-opted, member, secretary",,1
Trade,14.0,6,2,"for the foundations of modern open-economy macroeconomics — Maurice Obstfeld, Kenneth Rogoff",for the foundations of modern open-economy macroeconomics,F41,Maurice Obstfeld; Kenneth Rogoff,1952; 1953,5.3232,3,10,"chair, co-opted, member, secretary",,2
Trade,14.0,6,3,"for the structural gravity theory of international trade and the analysis of trade costs — James E. Anderson, Eric van Wincoop, Yoto V. Yotov",for the structural gravity theory of international trade and the analysis of trade costs,F14,James E. Anderson; Eric van Wincoop; Yoto V. Yotov,1940; 1963; 1971,2.7879,3,9,"chair, co-opted, member, secretary",James E. Anderson: born 1940 (age 86 in 2026),3
Trade,14.0,6,4,"for the identification and analysis of the global financial cycle — Hélène Rey, Pierre-Olivier Gourinchas, Carmen M. Reinhart",for the identification and analysis of the global financial cycle,F32,Hélène Rey; Pierre-Olivier Gourinchas; Carmen M. Reinhart,1970; 1968; 1955,1.4646,3,8,"chair, co-opted, member, secretary",,4
Trade,14.0,6,5,"for the micro-founded analysis of exchange-rate pass-through, invoicing currency and the dominant currency paradigm — Gita Gopinath, Charles Engel, Linda S. Goldberg","for the micro-founded analysis of exchange-rate pass-through, invoicing currency and the dominant currency paradigm",F31,Gita Gopinath; Charles Engel; Linda S. Goldberg,1971; ?; 1959,1.3535,3,2,"co-opted, member",,5
Trade,14.0,6,6,for his innovative use of historical data and spatial general equilibrium models to quantify the impact of transport infrastructure on market integration and welfare — Dave Donaldson,for his innovative use of historical data and spatial general equilibrium models to quantify the impact of transport infrastructure on market integration and welfare,F15,Dave Donaldson,1978,0.4545,1,1,co-opted,,6
"Production, Industrial Organization",13.9,6,1,"for developing methods for the empirical analysis of differentiated-product markets — Ariel Pakes, Steven T. Berry, James Levinsohn",for developing methods for the empirical analysis of differentiated-product markets,L13,Ariel Pakes; Steven T. Berry; James Levinsohn,1949; 1959; 1958,16.9394,3,11,"chair, co-opted, member, secretary",,1
"Production, Industrial Organization",13.9,6,2,"for the empirical analysis of firm dynamics and job creation and destruction — John Van Reenen, Nicholas Bloom, John C. Haltiwanger",for the empirical analysis of firm dynamics and job creation and destruction,M11,John Van Reenen; Nicholas Bloom; John C. Haltiwanger,1965; 1973; 1955,9.7273,3,11,"chair, co-opted, member, secretary",,2
"Production, Industrial Organization",13.9,6,3,"for the development of empirical methods to infer market power, entry and collusion from market data — Timothy F. Bresnahan, John Sutton, Peter C. Reiss","for the development of empirical methods to infer market power, entry and collusion from market data",L11,Timothy F. Bresnahan; John Sutton; Peter C. Reiss,1953; 1948; 1957,8.1515,3,11,"chair, co-opted, member, secretary",,3
"Production, Industrial Organization",13.9,6,4,"for the theory of two-sided markets and platform competition — Jean-Charles Rochet, Mark Armstrong, Bruno Jullien",for the theory of two-sided markets and platform competition,L14,Jean-Charles Rochet; Mark Armstrong; Bruno Jullien,1957; 1964; ?,3.5657,2,9,"chair, co-opted, member, secretary",,4
"Production, Industrial Organization",13.9,6,5,"for his analysis of antitrust economics and the strategic behavior of firms — Carl Shapiro, Michael D. Whinston, Michael L. Katz",for his analysis of antitrust economics and the strategic behavior of firms,L40,Carl Shapiro; Michael D. Whinston; Michael L. Katz,1955; 1959; 1957,1.4242,3,7,"chair, co-opted, member, secretary",,5
"Production, Industrial Organization",13.9,6,6,"for their analysis of incomplete contracts, financial structure, and the theory of the firm — Mathias Dewatripont, Patrick Bolton","for their analysis of incomplete contracts, financial structure, and the theory of the firm",D23,Mathias Dewatripont; Patrick Bolton,1959; 1957,0.8182,1,3,"chair, member",,6
"Public, Law, Political Economy",12.8,6,1,"for integrating empirical evidence on behavioral responses into the theory of optimal taxation — Emmanuel Saez, Raj Chetty, Thomas Piketty",for integrating empirical evidence on behavioral responses into the theory of optimal taxation,H21,Emmanuel Saez; Raj Chetty; Thomas Piketty,1972; 1979; 1971,16.5051,3,11,"chair, co-opted, member, secretary",,1
"Public, Law, Political Economy",12.8,6,2,"for developing political economics as the analysis of how political institutions shape economic policy — Torsten Persson, Guido Tabellini, Timothy Besley",for developing political economics as the analysis of how political institutions shape economic policy,D72,Torsten Persson; Guido Tabellini; Timothy Besley,1954; 1956; 1960,12.303,3,11,"chair, co-opted, member, secretary",,2
"Public, Law, Political Economy",12.8,6,3,"for founding and developing the economic analysis of law — Steven Shavell, Richard A. Posner, A. Mitchell Polinsky",for founding and developing the economic analysis of law,K13,Steven Shavell; Richard A. Posner; A. Mitchell Polinsky,1946; 1939; 1948,4.8586,3,11,"chair, co-opted, member, secretary",Richard A. Posner: born 1939 (age 87 in 2026),3
"Public, Law, Political Economy",12.8,6,4,"for showing how legal institutions and investor protection shape financial development and corporate governance — Andrei Shleifer, Rafael La Porta, Florencio Lopez-de-Silanes",for showing how legal institutions and investor protection shape financial development and corporate governance,K22,Andrei Shleifer; Rafael La Porta; Florencio Lopez-de-Silanes,1961; 1960; 1966,3.6162,3,11,"chair, co-opted, member, secretary",,4
"Public, Law, Political Economy",12.8,6,5,"for the development of dynamic overlapping-generations models for the quantitative evaluation of fiscal policy — Alan J. Auerbach, Laurence J. Kotlikoff",for the development of dynamic overlapping-generations models for the quantitative evaluation of fiscal policy,H30,Alan J. Auerbach; Laurence J. Kotlikoff,1951; 1951,1.5859,3,3,"chair, co-opted, secretary",,5
"Public, Law, Political Economy",12.8,6,6,"for establishing the impossibility of non-dictatorial strategy-proof social choice — Allan Gibbard, Mark A. Satterthwaite",for establishing the impossibility of non-dictatorial strategy-proof social choice,D71,Allan Gibbard; Mark A. Satterthwaite,1942; 1945,1.4545,2,3,"co-opted, member",,6
"Equilibrium, Welfare",10.3,5,1,"for the axiomatic theory of fair allocation and cost sharing — Marc Fleurbaey, John E. Roemer, Hervé Moulin",for the axiomatic theory of fair allocation and cost sharing,D63,Marc Fleurbaey; John E. Roemer; Hervé Moulin,1961; 1945; 1950,12.0101,3,11,"chair, co-opted, member, secretary","resembles an awarded motivation: 1975 Leonid Vitaliyevich Kantorovich; Tjalling C. Koopmans: ""for their contributions to th (word overlap 0.40)",1
"Equilibrium, Welfare",10.3,5,2,"for the analysis of the structure and limits of general equilibrium theory — Andreu Mas-Colell, Hugo Sonnenschein, Yves Balasko",for the analysis of the structure and limits of general equilibrium theory,D51,Andreu Mas-Colell; Hugo Sonnenschein; Yves Balasko,1944; 1940; 1945,7.8485,3,10,"co-opted, member, secretary","Hugo Sonnenschein: born 1940 (age 86 in 2026) | resembles an awarded motivation: 1972 John R. Hicks; Kenneth J. Arrow: ""for their pioneering contributions to general econo (word overlap 0.50)",2
"Equilibrium, Welfare",10.3,5,3,"for the theory of general equilibrium with incomplete financial markets and its welfare implications — John Geanakoplos, Herakles Polemarchakis, Martine Quinzii",for the theory of general equilibrium with incomplete financial markets and its welfare implications,D52,John Geanakoplos; Herakles Polemarchakis; Martine Quinzii,1955; 1947; 1945,6.5758,3,9,"chair, co-opted, member, secretary","resembles an awarded motivation: 1972 John R. Hicks; Kenneth J. Arrow: ""for their pioneering contributions to general econo (word overlap 0.50)",3
"Equilibrium, Welfare",10.3,5,4,"for axiomatic measures of poverty, inequality and social welfare — James E. Foster, Anthony F. Shorrocks, François Bourguignon","for axiomatic measures of poverty, inequality and social welfare",D63,James E. Foster; Anthony F. Shorrocks; François Bourguignon,1955; 1946; 1945,4.9091,3,11,"chair, co-opted, member, secretary",,4
"Equilibrium, Welfare",10.3,5,5,"for constructing long-run series on the distribution of income and wealth — Thomas Piketty, Emmanuel Saez, Gabriel Zucman",for constructing long-run series on the distribution of income and wealth,D63,Thomas Piketty; Emmanuel Saez; Gabriel Zucman,1971; 1972; 1986,2.2929,2,4,"co-opted, member",,5
