arm,option,n,mean,sd,min,max,option_text
balanced,1,1,0.091567,,0.091567,0.091567,"for the theoretical prediction and experimental discovery of topological insulators and the quantum spin Hall effect — Charles L. Kane, Eugene J. Mele, Laurens W. Molenkamp"
balanced,2,1,0.093266,,0.093266,0.093266,"for the invention and development of optical lattice clocks, enabling time and frequency measurements at unprecedented precision — Hidetoshi Katori, Jun Ye"
balanced,3,1,0.078049,,0.078049,0.078049,"for the theoretical prediction and experimental realization of negative index metamaterials — John B. Pendry, David R. Smith, Eli Yablonovitch"
balanced,4,1,0.027575,,0.027575,0.027575,"for the discovery of topological and geometric phases in quantum systems — Michael V. Berry, Yakir Aharonov"
balanced,5,1,0.091733,,0.091733,0.091733,"for the theoretical prediction and experimental discovery of correlated insulator behavior and superconductivity in magic-angle twisted bilayer graphene — Allan H. MacDonald, Pablo Jarillo-Herrero, Rafi Bistritzer"
balanced,6,1,0.05418,,0.05418,0.05418,"for foundational discoveries in quantum information science, including quantum cryptography and quantum algorithms — Charles H. Bennett, Gilles Brassard, Peter W. Shor"
balanced,7,1,0.030171,,0.030171,0.030171,"for pioneering contributions to neutrino astronomy, in particular the discovery of high-energy cosmic neutrinos — Francis Halzen, Albrecht Karle, Naoko Kurahashi Neilson"
balanced,8,1,0.031317,,0.031317,0.031317,"for the observation of the shadow of a black hole by event-horizon-scale radio interferometry — Heino Falcke, Sheperd S. Doeleman, Katherine L. Bouman"
balanced,9,1,0.127746,,0.127746,0.127746,"for theoretical proposals and experimental realizations of quantum simulators using ultracold atoms in optical lattices — Immanuel Bloch, J. Ignacio Cirac, Peter Zoller"
balanced,10,1,0.042014,,0.042014,0.042014,"for the invention of the quantum cascade laser — Alfred Y. Cho, Federico Capasso, Jérôme Faist"
balanced,11,1,0.018806,,0.018806,0.018806,"for the invention of aberration-corrected electron optics, enabling electron microscopy with sub-ångström resolution — Maximilian Haider, Knut Urban, Ondrej L. Krivanek"
balanced,12,1,0.013576,,0.013576,0.013576,"for the theoretical formulation of cosmic inflation and the prediction of the quantum origin of cosmological structure — Alan H. Guth, Andrei Linde, Viatcheslav Mukhanov"
balanced,13,1,0.3,,0.3,0.3,Other
cards,1,3,0.09352266666666666,0.008683380466922623,0.083647,0.099962,"for the theoretical prediction and experimental discovery of topological insulators and the quantum spin Hall effect — Charles L. Kane, Eugene J. Mele, Laurens W. Molenkamp"
cards,2,3,0.15440566666666666,0.00732746274868275,0.147636,0.162186,"for the invention and development of optical lattice clocks, enabling time and frequency measurements at unprecedented precision — Hidetoshi Katori, Jun Ye"
cards,3,3,0.07115300000000001,0.021572323101604056,0.046883,0.088145,"for the theoretical prediction and experimental realization of negative index metamaterials — John B. Pendry, David R. Smith, Eli Yablonovitch"
cards,4,3,0.04345466666666667,0.0067762908241406905,0.035748,0.04848,"for the discovery of topological and geometric phases in quantum systems — Michael V. Berry, Yakir Aharonov"
cards,5,3,0.06889666666666666,0.006190516645105912,0.064591,0.075991,"for the theoretical prediction and experimental discovery of correlated insulator behavior and superconductivity in magic-angle twisted bilayer graphene — Allan H. MacDonald, Pablo Jarillo-Herrero, Rafi Bistritzer"
cards,6,3,0.04640166666666667,0.0066191158271579845,0.038784,0.05075,"for foundational discoveries in quantum information science, including quantum cryptography and quantum algorithms — Charles H. Bennett, Gilles Brassard, Peter W. Shor"
cards,7,3,0.040662333333333335,0.010965823376898488,0.030757,0.052446,"for pioneering contributions to neutrino astronomy, in particular the discovery of high-energy cosmic neutrinos — Francis Halzen, Albrecht Karle, Naoko Kurahashi Neilson"
cards,8,3,0.021677333333333337,0.007852901714228526,0.013222,0.028742,"for the observation of the shadow of a black hole by event-horizon-scale radio interferometry — Heino Falcke, Sheperd S. Doeleman, Katherine L. Bouman"
cards,9,3,0.06199466666666667,0.01586687194545079,0.05075,0.080144,"for theoretical proposals and experimental realizations of quantum simulators using ultracold atoms in optical lattices — Immanuel Bloch, J. Ignacio Cirac, Peter Zoller"
cards,10,3,0.026296333333333335,0.004363950083735299,0.022036,0.030757,"for the invention of the quantum cascade laser — Alfred Y. Cho, Federico Capasso, Jérôme Faist"
cards,11,3,0.05432133333333333,0.01046171101365992,0.046136,0.066108,"for the invention of aberration-corrected electron optics, enabling electron microscopy with sub-ångström resolution — Maximilian Haider, Knut Urban, Ondrej L. Krivanek"
cards,12,3,0.0062046666666666665,0.0016632842010111599,0.004407,0.007689,"for the theoretical formulation of cosmic inflation and the prediction of the quantum origin of cosmological structure — Alan H. Guth, Andrei Linde, Viatcheslav Mukhanov"
cards,13,3,0.31100900000000004,0.011855311214809981,0.299691,0.323337,Other
control,1,5,0.0996312,0.008115508653189895,0.089431,0.110752,"for the theoretical prediction and experimental discovery of topological insulators and the quantum spin Hall effect — Charles L. Kane, Eugene J. Mele, Laurens W. Molenkamp"
control,2,5,0.1470072,0.00826876119500375,0.138211,0.157189,"for the invention and development of optical lattice clocks, enabling time and frequency measurements at unprecedented precision — Hidetoshi Katori, Jun Ye"
control,3,5,0.06865220000000001,0.009302436815157628,0.055702,0.079602,"for the theoretical prediction and experimental realization of negative index metamaterials — John B. Pendry, David R. Smith, Eli Yablonovitch"
control,4,5,0.0474824,0.008188815286718831,0.03904,0.058239,"for the discovery of topological and geometric phases in quantum systems — Michael V. Berry, Yakir Aharonov"
control,5,5,0.0652082,0.006438702019817342,0.057466,0.073443,"for the theoretical prediction and experimental discovery of correlated insulator behavior and superconductivity in magic-angle twisted bilayer graphene — Allan H. MacDonald, Pablo Jarillo-Herrero, Rafi Bistritzer"
control,6,5,0.0507278,0.0060856088191733135,0.045973,0.06068,"for foundational discoveries in quantum information science, including quantum cryptography and quantum algorithms — Charles H. Bennett, Gilles Brassard, Peter W. Shor"
control,7,5,0.0372326,0.004736730602430332,0.030364,0.041761,"for pioneering contributions to neutrino astronomy, in particular the discovery of high-energy cosmic neutrinos — Francis Halzen, Albrecht Karle, Naoko Kurahashi Neilson"
control,8,5,0.019051199999999997,0.002618384463748592,0.01626,0.023066,"for the observation of the shadow of a black hole by event-horizon-scale radio interferometry — Heino Falcke, Sheperd S. Doeleman, Katherine L. Bouman"
control,9,5,0.053662,0.007832829533444474,0.04878,0.067546,"for theoretical proposals and experimental realizations of quantum simulators using ultracold atoms in optical lattices — Immanuel Bloch, J. Ignacio Cirac, Peter Zoller"
control,10,5,0.0248172,0.002553260601662118,0.02199,0.028455,"for the invention of the quantum cascade laser — Alfred Y. Cho, Federico Capasso, Jérôme Faist"
control,11,5,0.0433728,0.006660806685379785,0.03448,0.052846,"for the invention of aberration-corrected electron optics, enabling electron microscopy with sub-ångström resolution — Maximilian Haider, Knut Urban, Ondrej L. Krivanek"
control,12,5,0.0084532,0.001569659740198493,0.006221,0.010619,"for the theoretical formulation of cosmic inflation and the prediction of the quantum origin of cosmological structure — Alan H. Guth, Andrei Linde, Viatcheslav Mukhanov"
control,13,5,0.334702,0.026274734851183562,0.294136,0.365,Other
main,1,1,0.062291,,0.062291,0.062291,"for the theoretical prediction and experimental discovery of topological insulators and the quantum spin Hall effect — Charles L. Kane, Eugene J. Mele, Laurens W. Molenkamp"
main,2,1,0.044801,,0.044801,0.044801,"for the invention and development of optical lattice clocks, enabling time and frequency measurements at unprecedented precision — Hidetoshi Katori, Jun Ye"
main,3,1,0.080811,,0.080811,0.080811,"for the theoretical prediction and experimental realization of negative index metamaterials — John B. Pendry, David R. Smith, Eli Yablonovitch"
main,4,1,0.023573,,0.023573,0.023573,"for the discovery of topological and geometric phases in quantum systems — Michael V. Berry, Yakir Aharonov"
main,5,1,0.069049,,0.069049,0.069049,"for the theoretical prediction and experimental discovery of correlated insulator behavior and superconductivity in magic-angle twisted bilayer graphene — Allan H. MacDonald, Pablo Jarillo-Herrero, Rafi Bistritzer"
main,6,1,0.052113,,0.052113,0.052113,"for foundational discoveries in quantum information science, including quantum cryptography and quantum algorithms — Charles H. Bennett, Gilles Brassard, Peter W. Shor"
main,7,1,0.021034,,0.021034,0.021034,"for pioneering contributions to neutrino astronomy, in particular the discovery of high-energy cosmic neutrinos — Francis Halzen, Albrecht Karle, Naoko Kurahashi Neilson"
main,8,1,0.034703,,0.034703,0.034703,"for the observation of the shadow of a black hole by event-horizon-scale radio interferometry — Heino Falcke, Sheperd S. Doeleman, Katherine L. Bouman"
main,9,1,0.133477,,0.133477,0.133477,"for theoretical proposals and experimental realizations of quantum simulators using ultracold atoms in optical lattices — Immanuel Bloch, J. Ignacio Cirac, Peter Zoller"
main,10,1,0.049868,,0.049868,0.049868,"for the invention of the quantum cascade laser — Alfred Y. Cho, Federico Capasso, Jérôme Faist"
main,11,1,0.015002,,0.015002,0.015002,"for the invention of aberration-corrected electron optics, enabling electron microscopy with sub-ångström resolution — Maximilian Haider, Knut Urban, Ondrej L. Krivanek"
main,12,1,0.033278,,0.033278,0.033278,"for the theoretical formulation of cosmic inflation and the prediction of the quantum origin of cosmological structure — Alan H. Guth, Andrei Linde, Viatcheslav Mukhanov"
main,13,1,0.38,,0.38,0.38,Other
