option,control_mean,control_min,control_max,control_sd,cards_mean,balanced_p,main_p,diff_cards,diff_balanced,diff_main,main_minus_cards,balanced_minus_cards,balanced_minus_main,cards_outside,balanced_outside,main_outside,option_text,impact_share,inventions_share
1,0.0996312,0.089431,0.110752,0.008115508653189895,0.09352266666666666,0.091567,0.062291,-0.006108533333333346,-0.008064200000000007,-0.037340200000000004,-0.031231666666666658,-0.001955666666666661,0.029275999999999996,False,False,True,"for the theoretical prediction and experimental discovery of topological insulators and the quantum spin Hall effect — Charles L. Kane, Eugene J. Mele, Laurens W. Molenkamp",0.7213114754098361,0.7903225806451614
2,0.1470072,0.138211,0.157189,0.00826876119500375,0.15440566666666666,0.093266,0.044801,0.007398466666666659,-0.0537412,-0.1022062,-0.10960466666666666,-0.06113966666666666,0.048465,False,True,True,"for the invention and development of optical lattice clocks, enabling time and frequency measurements at unprecedented precision — Hidetoshi Katori, Jun Ye",0.680327868852459,0.7580645161290323
3,0.06865220000000001,0.055702,0.079602,0.009302436815157628,0.07115300000000001,0.078049,0.080811,0.0025007999999999975,0.009396799999999983,0.012158799999999984,0.009657999999999986,0.0068959999999999855,-0.0027620000000000006,False,False,True,"for the theoretical prediction and experimental realization of negative index metamaterials — John B. Pendry, David R. Smith, Eli Yablonovitch",0.546448087431694,0.9838709677419356
4,0.0474824,0.03904,0.058239,0.008188815286718831,0.04345466666666667,0.027575,0.023573,-0.004027733333333332,-0.019907400000000002,-0.0239094,-0.01988166666666667,-0.01587966666666667,0.004001999999999999,False,True,True,"for the discovery of topological and geometric phases in quantum systems — Michael V. Berry, Yakir Aharonov",0.4836065573770491,0.717741935483871
5,0.0652082,0.057466,0.073443,0.006438702019817342,0.06889666666666666,0.091733,0.069049,0.0036884666666666677,0.0265248,0.0038408000000000053,0.00015233333333333765,0.022836333333333333,0.022683999999999996,False,True,False,"for the theoretical prediction and experimental discovery of correlated insulator behavior and superconductivity in magic-angle twisted bilayer graphene — Allan H. MacDonald, Pablo Jarillo-Herrero, Rafi Bistritzer",0.9125683060109288,0.6612903225806451
6,0.0507278,0.045973,0.06068,0.0060856088191733135,0.04640166666666667,0.05418,0.052113,-0.004326133333333336,0.0034521999999999955,0.0013851999999999962,0.005711333333333332,0.0077783333333333315,0.0020669999999999994,False,False,False,"for foundational discoveries in quantum information science, including quantum cryptography and quantum algorithms — Charles H. Bennett, Gilles Brassard, Peter W. Shor",0.5737704918032787,0.8763440860215054
7,0.0372326,0.030364,0.041761,0.004736730602430332,0.040662333333333335,0.030171,0.021034,0.0034297333333333374,-0.007061599999999998,-0.016198599999999997,-0.019628333333333334,-0.010491333333333335,0.009137,False,True,True,"for pioneering contributions to neutrino astronomy, in particular the discovery of high-energy cosmic neutrinos — Francis Halzen, Albrecht Karle, Naoko Kurahashi Neilson",0.6666666666666666,0.1612903225806451
8,0.019051199999999997,0.01626,0.023066,0.002618384463748592,0.021677333333333337,0.031317,0.034703,0.0026261333333333393,0.0122658,0.0156518,0.013025666666666661,0.009639666666666661,-0.003386,False,True,True,"for the observation of the shadow of a black hole by event-horizon-scale radio interferometry — Heino Falcke, Sheperd S. Doeleman, Katherine L. Bouman",0.8306010928961749,0.532258064516129
9,0.053662,0.04878,0.067546,0.007832829533444474,0.06199466666666667,0.127746,0.133477,0.008332666666666669,0.074084,0.07981500000000001,0.07148233333333334,0.06575133333333333,-0.005731000000000014,False,True,True,"for theoretical proposals and experimental realizations of quantum simulators using ultracold atoms in optical lattices — Immanuel Bloch, J. Ignacio Cirac, Peter Zoller",0.9672131147540984,0.8118279569892474
10,0.0248172,0.02199,0.028455,0.002553260601662118,0.026296333333333335,0.042014,0.049868,0.0014791333333333337,0.0171968,0.0250508,0.023571666666666668,0.015717666666666668,-0.007854,False,True,True,"for the invention of the quantum cascade laser — Alfred Y. Cho, Federico Capasso, Jérôme Faist",0.355191256830601,0.9193548387096776
11,0.0433728,0.03448,0.052846,0.006660806685379785,0.05432133333333333,0.018806,0.015002,0.01094853333333333,-0.024566800000000003,-0.0283708,-0.03931933333333333,-0.03551533333333333,0.003804,True,True,True,"for the invention of aberration-corrected electron optics, enabling electron microscopy with sub-ångström resolution — Maximilian Haider, Knut Urban, Ondrej L. Krivanek",0.2295081967213114,0.7311827956989246
12,0.0084532,0.006221,0.010619,0.001569659740198493,0.0062046666666666665,0.013576,0.033278,-0.0022485333333333328,0.0051228,0.0248248,0.027073333333333335,0.007371333333333333,-0.019702000000000004,True,True,True,"for the theoretical formulation of cosmic inflation and the prediction of the quantum origin of cosmological structure — Alan H. Guth, Andrei Linde, Viatcheslav Mukhanov",0.7814207650273225,0.1048387096774193
