name,prize_year,author_id,birth_year,birth_date
Herbert Kroemer,2000,A5055558095,1928,1928-08-25
Jack S. Kilby,2000,A5025589417,1923,1923-11-08
Carl E. Wieman,2001,A5006656464,1951,1951-03-26
Eric A. Cornell,2001,A5004950660,1961,1961-12-19
Wolfgang Ketterle,2001,A5040820196,1957,1957-10-21
Masatoshi Koshiba,2002,A5107839752,1926,1926-09-19
Raymond Davis Jr.,2002,A5088919307,1914,1914-10-14
Riccardo Giacconi,2002,A5090764693,1931,1931-10-06
Alexei A. Abrikosov,2003,A5111686980,1928,1928-06-25
Anthony J. Leggett,2003,A5112509340,1938,1938-03-26
Vitaly L. Ginzburg,2003,A5107701637,1916,1916-10-04
David J. Gross,2004,A5101843635,1941,1941-02-19
Frank Wilczek,2004,A5091196459,1951,1951-05-15
H. David Politzer,2004,A5032993578,1949,1949-08-31
John L. Hall,2005,A5009444030,1934,1934-08-21
Roy J. Glauber,2005,A5049446469,1925,1925-09-01
George F. Smoot,2006,A5106522067,1945,1945-02-20
John C. Mather,2006,A5105469517,1946,1946-08-07
Albert Fert,2007,A5055262951,1938,1938-03-07
Peter Grünberg,2007,A5029618808,1939,1939-05-18
Makoto Kobayashi,2008,A5061619362,1944,1944-04-07
Toshihide Maskawa,2008,A5071580792,1940,1940-02-07
Yoichiro Nambu,2008,A5053860646,1921,1921-01-18
Charles Kuen Kao,2009,A5029955290,1933,1933-11-04
George E. Smith,2009,A5048212308,1930,1930-05-10
Andre Geim,2010,A5058357018,1958,1958-10-21
Adam G. Riess,2011,A5017158718,1969,1969-12-16
Brian P. Schmidt,2011,A5102850551,1967,1967-02-24
Saul Perlmutter,2011,A5030135192,1959,1959
David J. Wineland,2012,A5001536933,1944,1944-02-24
Serge Haroche,2012,A5108398851,1944,1944-09-11
François Englert,2013,A5109059719,1932,1932-11-06
Peter W. Higgs,2013,A5103709169,1929,1929-05-29
Hiroshi Amano,2014,A5048399593,1960,1960-09-11
Isamu Akasaki,2014,A5081597179,1929,1929-01-30
Shuji Nakamura,2014,A5060156624,1954,1954-05-22
Arthur B. McDonald,2015,A5003241485,1943,1943-08-29
David J. Thouless,2016,A5110124079,1934,1934-09-21
F. Duncan M. Haldane,2016,A5089213304,1951,1951-09-14
J. Michael Kosterlitz,2016,A5057254153,1943,1943-06-22
Barry C. Barish,2017,A5040898326,1936,1936-01-27
Kip S. Thorne,2017,A5103423628,1940,1940-06-01
Rainer Weiss,2017,A5103619207,1932,1932-09-29
Arthur Ashkin,2018,A5045721355,1922,1922-09-02
Donna Strickland,2018,A5019063503,1959,1959-05-27
Gérard Mourou,2018,A5057252770,1944,1944-06-22
Didier Queloz,2019,A5023914308,1966,1966-02-23
Michel Mayor,2019,A5006919346,1942,1942-01-12
Reinhard Genzel,2020,A5032049136,1952,1952-03-24
Roger Penrose,2020,A5014894861,1931,1931-08-08
Giorgio Parisi,2021,A5052777339,1948,1948-08-04
Klaus Hasselmann,2021,A5112219120,1931,1931-10-25
Syukuro Manabe,2021,A5045338372,1931,1931-09-21
Alain Aspect,2022,A5046427077,1947,1947-06-15
Anton Zeilinger,2022,A5001105113,1945,1945-05-20
John F. Clauser,2022,A5084511570,1942,1942-12-01
Ferenc Krausz,2023,A5049801219,1962,1962-05-17
Pierre Agostini,2023,A5054821424,1941,1941-07-23
Geoffrey Hinton,2024,A5108093963,1947,1947-12-06
John J. Hopfield,2024,A5001584643,1933,1933-07-15
John Clarke,2025,A5010797318,1942,1942
Michel H. Devoret,2025,A5089631322,1953,1953
