person,birth_year,birth_date,source,source_detail,confidence
Alan H. Guth,1947,1947-02-27,wikidata,Q323316,high
Albrecht Karle,1961,,estimated,"no published DOB (own CV omits it, no Wikidata item); baccalaureate Munich 1983, Diplom LMU 1990, PhD LMU/MPI 1994 -> university entry 1981 at ~20 => ~1961 (range 1960-1963)",low
Alexei Y. Kitaev,1963,1963-08-26,wikidata,Q2643958,high
Alfred Y. Cho,1937,1937-07-10,wikidata,Q462900,high
Allan H. MacDonald,1951,1951-12-01,wikidata,Q4730656,high
Andrei Linde,1948,1948-03-02,wikidata,Q368087,high
Carlos Frenk,1951,1951-10-27,wikidata,Q1042912,high
Charles H. Bennett,1943,1943-04-07,wikidata,Q92931,high
Charles L. Kane,1963,1963-01-12,wikidata,Q1065222,high
Chihaya Adachi,1963,1963-10-26,wikidata,Q30647284,high
Christian Pfleiderer,1965,1965-09-23,wikipedia,"de.wikipedia (23 Sep 1965, Stuttgart), Wikidata Q10535582 agrees; TU Munich skyrmion lattices; the 1965-01-01 in living_check was a year-only placeholder",high
Christoph Gerber,1942,1942-05-15,wikipedia,"en.wikipedia (15 May 1942, Basel), Wikidata Q122773 agrees; AFM co-inventor",high
Christopher Jarzynski,1965,1965-11-23,wikidata,Q53470494,high
Daniel Loss,1958,1958-02-25,wikidata-confirmed,"Q121382 (25 Feb 1958, Winterthur), en.wikipedia agrees; Loss-DiVincenzo proposal",high
David Charbonneau,1974,1974-01-01,wikidata,Q5232304,high
David DiVincenzo,1959,1959-00-00,wikidata,Q22004074,high
David R. Smith,1964,,wikidata-confirmed,"Q947925 year-precision 1964, backed by GND 1106839668 (lobid.org: Physicist, Duke University); the 1964-01-01 in living_check is a year-only placeholder",high
Denis J. Evans,1951,1951-04-19,wikidata,Q5257225,high
Eli Yablonovitch,1946,1946-12-15,wikidata,Q347721,high
Eugene J. Mele,1950,1950-10-16,wikidata,Q30321687,high
Federico Capasso,1949,1949-01-01,wikidata,Q764570,high
Francis Halzen,1944,1944-03-23,wikidata,Q20942818,high
Gavin E. Crooks,1970,,estimated,no published DOB (Wikipedia/Wikidata/own 2026 CV omit it); education record (PhD UC Berkeley 1999) => ~1970,low
George Efstathiou,1955,1955-09-02,wikidata,Q1507296,high
Gerd Binnig,1947,1947-07-20,wikidata,Q76766,high
Gilles Brassard,1955,1955-04-20,wikidata,Q92938,high
Heino Falcke,1966,1966-09-26,wikidata,Q2715077,high
Hidetoshi Katori,1964,1964-09-27,wikidata,Q21698500,high
Immanuel Bloch,1972,1972-11-16,wikidata,Q100694,high
Ingrid Daubechies,1954,1954-08-17,wikidata,Q275604,high
J. Ignacio Cirac,1965,1965-10-11,wikidata,Q650171,high
Jainendra K. Jain,1960,1960-01-01,wikidata,Q1411390,high
James P. Eisenstein,1952,1952-05-15,wikidata,Q20028044,high
John B. Pendry,1943,1943-07-04,wikidata,Q1376193,high
John Preskill,1953,1953-01-19,wikidata,Q722128,high
John Richard Bond,1950,1950-01-01,wikidata,Q1676381,high
John Toner,1955,1955-10-12,wikidata,Q90034911,high
Jun Ye,1967,,web,"CAS foreign-member directory (1967-11, Shanghai); en.wikipedia confirms 1967; Wikidata Q22005647 (Q103830411 'electrical engineer' is a namesake)",high
Jérôme Faist,1962,1962-01-23,wikidata,Q1714996,high
Katherine L. Bouman,1989,1989-05-09,wikidata,Q63080922,high
Ken'ichi Nomoto,1946,1946-12-01,wikidata-confirmed,"Q11645513 (1 Dec 1946, Tokyo), en.wikipedia agrees; U Tokyo / Kavli IPMU supernova nucleosynthesis",high
Knut Urban,1941,1941-06-25,wikidata,Q110765,high
Laurens W. Molenkamp,1956,1956-08-04,wikidata,Q1808047,high
Marc Davis,1947,1947-09-08,wikidata,Q348149,high
Mark E. Thompson,1958,,estimated,"no published DOB; BS chemistry UC Berkeley 1980 (-22 => 1958), PhD Caltech 1985 (consistent ~1957-58). LoC 'Thompson, Mark, 1955-' is a radio-host namesake - do not use",low
Martin Rees,1942,1942-06-23,wikidata-confirmed,"Q335213 / en.wikipedia (23 Jun 1942, York); Astronomer Royal",high
Maximilian Haider,1950,1950-01-23,wikidata-confirmed,"Q85322 (23 Jan 1950, Freistadt), en.wikipedia agrees; CEOS, aberration-corrected electron microscopy",high
Michael V. Berry,1941,1941-03-14,wikidata,Q707825,high
Mordehai Heiblum,1947,1947-00-00,wikidata,Q12408922,high
Naoko Kurahashi Neilson,1981,,estimated,"no published DOB (Wikipedia/Wikidata Q131343927/Drexel CV); UC Berkeley BA physics 1999-2002, Stanford PhD 2010 -> college entry 1999 at ~18 => ~1981 (range 1980-1982)",low
Naoto Nagaosa,1958,1958-02-21,wikidata,Q58017718,high
Nicola A. Spaldin,1969,1969-01-03,wikidata,Q20675716,high
Ondrej L. Krivanek,1950,1950-08-01,wikidata,Q7092222,high
Pablo Jarillo-Herrero,1976,1976-06-11,wikidata,Q56928107,high
Patrick A. Lee,1946,1946-09-08,wikidata,Q971324,high
Peter W. Shor,1959,1959-08-14,wikidata,Q370071,high
Peter Zoller,1952,1952-09-16,wikidata,Q78670,high
Qikun Xue,1963,1963-12-19,wikidata,Q9338842,high
Rafi Bistritzer,1974,1974-01-01,wikidata,Q81911850,high
Sara Seager,1971,1971-07-21,wikidata,Q7421764,high
Sheperd S. Doeleman,1967,1967-01-26,wikidata,Q63121753,high
Simon White,1951,1951-09-30,wikidata-confirmed,"Q549293 (30 Sep 1951), en.wikipedia agrees; MPA director, CDM structure formation - verified not a namesake",high
Sriram Ramaswamy,1957,1957-11-10,wikidata,Q24052686,high
Stanford Woosley,1944,1944-12-08,wikipedia,"en.wikipedia Stanford E. Woosley 'born December 8, 1944'; UCSC supernova theory / collapsar model",high
Stephen R. Forrest,1950,,web,SEC director-age disclosures triangulate to Apr-Sep 1950 (Multilink S-1 2000 age 50; DEF 14A 2003 age 52; Applied Materials DEF 14A 2018 age 67); BSc Berkeley 1972 consistent,high
Stéphane Mallat,1962,1962-10-24,wikidata,Q952195,high
Viatcheslav Mukhanov,1956,1956-10-02,wikidata,Q1844592,high
Yakir Aharonov,1932,1932-08-28,wikidata,Q721892,high
Yasunobu Nakamura,1968,1968-00-00,wikidata,Q28823193,high
Yoshinori Tokura,1954,1954-03-01,wikidata,Q2601013,high
Yuhai Tu,1968,,estimated,"no published DOB; official speaker bio timeline (USTC CGMO gold 1986?, UCSD PhD 1991, IBM 1994) => ~1968",medium
Yves Meyer,1939,1939-07-19,wikidata,Q574597,high
