field,person,card,openalex_ids,profile,flags
physics,Eugene J. Mele,physics/eugene-j-mele.md,A5068161598;A5016478835,A5068161598,
physics,Charles L. Kane,physics/charles-l-kane.md,A5003262716,A5003262716,
physics,Laurens W. Molenkamp,physics/laurens-w-molenkamp.md,A5085660056,A5085660056,
physics,Jun Ye,physics/jun-ye.md,A5100382923;A5029823127;A5108688194,A5100382923,
physics,Hidetoshi Katori,physics/hidetoshi-katori.md,A5081417357,A5081417357,
physics,John B. Pendry,physics/john-b-pendry.md,A5011614810,A5011614810,
physics,David R. Smith,physics/david-r-smith.md,A5042580914;A5108116580,A5042580914,
physics,Eli Yablonovitch,physics/eli-yablonovitch.md,A5017829753,A5017829753,
physics,Michael V. Berry,physics/michael-v-berry.md,A5032503181;A5006305535,A5032503181,
physics,Yakir Aharonov,physics/yakir-aharonov.md,A5046674773,A5046674773,
physics,Charles H. Bennett,physics/charles-h-bennett.md,A5053166798,A5053166798,
physics,Gilles Brassard,physics/gilles-brassard.md,A5110284072;A5040617478,A5110284072,
physics,Peter W. Shor,physics/peter-w-shor.md,A5020744800,A5020744800,
physics,Pablo Jarillo-Herrero,physics/pablo-jarillo-herrero.md,A5058224422,A5058224422,
physics,Allan H. MacDonald,physics/allan-h-macdonald.md,A5022064172,A5022064172,
physics,Rafi Bistritzer,physics/rafi-bistritzer.md,A5029465105,A5029465105,
physics,Immanuel Bloch,physics/immanuel-bloch.md,A5032954061,A5032954061,
physics,J. Ignacio Cirac,physics/j-ignacio-cirac.md,A5083228566,A5083228566,
physics,Peter Zoller,physics/peter-zoller.md,A5016282235;A5048153174,A5016282235,
physics,Mordehai Heiblum,physics/mordehai-heiblum.md,A5008483233;A5041471545,A5008483233,
physics,Jainendra K. Jain,physics/jainendra-k-jain.md,A5031600515,A5031600515,
physics,James P. Eisenstein,physics/james-p-eisenstein.md,A5066490139,A5066490139,
physics,Federico Capasso,physics/federico-capasso.md,A5066671589;A5107844071,A5066671589,
physics,Alfred Y. Cho,physics/alfred-y-cho.md,A5069793147,A5069793147,
physics,Jérôme Faist,physics/jerome-faist.md,A5036468741;A5105356310;A5109604475,A5036468741,
physics,Francis Halzen,physics/francis-halzen.md,A5023747159;A5021894060;A5105972743;A5028712646;A5106465906,A5023747159,
physics,Albrecht Karle,physics/albrecht-karle.md,A5064240266;A5107934320,A5064240266,
physics,Naoko Kurahashi Neilson,physics/naoko-kurahashi-neilson.md,A5064710180;A5024594692,A5064710180,
physics,John Preskill,physics/john-preskill.md,A5061874000,A5061874000,
physics,Alexei Y. Kitaev,physics/alexei-y-kitaev.md,A5027759442,A5027759442,
physics,Heino Falcke,physics/heino-falcke.md,A5050345412,A5050345412,
physics,Sheperd S. Doeleman,physics/sheperd-s-doeleman.md,A5023737919,A5023737919,
physics,Katherine L. Bouman,physics/katherine-l-bouman.md,A5061668167,A5061668167,
physics,Alan H. Guth,physics/alan-h-guth.md,A5105707535,A5105707535,
physics,Andrei Linde,physics/andrei-linde.md,A5014587042,A5014587042,
physics,Viatcheslav Mukhanov,physics/viatcheslav-mukhanov.md,A5108489761,A5108489761,
physics,Simon White,physics/simon-white.md,A5079556845;A5105692600,A5079556845,
physics,Carlos Frenk,physics/carlos-frenk.md,A5032994273,A5032994273,
physics,Marc Davis,physics/marc-davis.md,A5108728467;A5108458048,A5108728467,
physics,Maximilian Haider,physics/maximilian-haider.md,A5085200056,A5085200056,
physics,Knut Urban,physics/knut-urban.md,A5102812716,A5102812716,
physics,Ondrej L. Krivanek,physics/ondrej-l-krivanek.md,A5071810663,A5071810663,
physics,Chihaya Adachi,physics/chihaya-adachi.md,A5022077244;A5109455888;A5099445562,A5022077244,
physics,Mark E. Thompson,physics/mark-e-thompson.md,A5035687175,A5035687175,
physics,Stephen R. Forrest,physics/stephen-r-forrest.md,A5057791467,A5057791467,
physics,Christoph Gerber,physics/christoph-gerber.md,A5111547447;A5004070941,A5111547447,
physics,Gerd Binnig,physics/gerd-binnig.md,A5071169826,A5071169826,
physics,Patrick A. Lee,physics/patrick-a-lee.md,A5062543156;A5026817577,A5062543156,
physics,Yves Meyer,physics/yves-meyer.md,A5015773159,A5015773159,
physics,Stéphane Mallat,physics/stephane-mallat.md,A5065086376,A5065086376,
physics,Ingrid Daubechies,physics/ingrid-daubechies.md,A5107519484;A5108565885;A5111950662;A5106760791,A5107519484,
physics,Daniel Loss,physics/daniel-loss.md,A5010879789;A5120875374,A5010879789,
physics,David DiVincenzo,physics/david-divincenzo.md,A5056095913,A5056095913,
physics,Ken'ichi Nomoto,physics/ken-ichi-nomoto.md,A5033009316,A5033009316,
physics,Stanford Woosley,physics/stanford-woosley.md,A5057891002;A5078670975;A5003272288,A5057891002,
physics,George Efstathiou,physics/george-efstathiou.md,A5039911730;A5020427073;A5080251815;A5107932327;A5107904650;A5108099194;A5106460240;A5111899249,A5039911730,
physics,John Richard Bond,physics/john-richard-bond.md,A5032242568;A5107906417;A5108083658;A5052509782,A5032242568,
physics,Martin Rees,physics/martin-rees.md,A5110092412,A5110092412,
physics,Christian Pfleiderer,physics/christian-pfleiderer.md,A5003195825;A5108148698,A5003195825,
physics,Yoshinori Tokura,physics/yoshinori-tokura.md,A5102970927;A5105273651,A5102970927,
physics,Naoto Nagaosa,physics/naoto-nagaosa.md,A5029751621;A5028387115;A5025602509,A5029751621,
physics,David Charbonneau,physics/david-charbonneau.md,A5049263167;A5108107353;A5103548752,A5049263167,
physics,Sara Seager,physics/sara-seager.md,A5041366168,A5041366168,
physics,John Toner,physics/john-toner.md,A5091365982,A5091365982,
physics,Sriram Ramaswamy,physics/sriram-ramaswamy.md,A5006638136,A5006638136,
physics,Yuhai Tu,physics/yuhai-tu.md,A5101587306;A5101587305,A5101587306,
physics,Nicola A. Spaldin,physics/nicola-a-spaldin.md,A5079173175;A5113470953,A5079173175,
physics,Qikun Xue,physics/qikun-xue.md,A5101862667;A5110614605;A5113763430;A5100558022;A5100835365,A5101862667,
physics,Yasunobu Nakamura,physics/yasunobu-nakamura.md,A5021940005,A5021940005,
physics,Christopher Jarzynski,physics/christopher-jarzynski.md,A5021706997;A5097264530,A5021706997,
physics,Denis J. Evans,physics/denis-j-evans.md,A5111702353,A5111702353,
physics,Gavin E. Crooks,physics/gavin-e-crooks.md,A5056143270,A5056143270,
