prize_year,laureate,motivation_short,discovery_year,discovery_work,realization_year,realization_work,note,source
2000,Herbert Kroemer,for developing semiconductor heterostructures used in high-speed- and opto-electronics,1957,"H. Kroemer, 'Quasi-electric and quasi-magnetic fields in nonuniform semiconductors', RCA Review 18, 332 (1957); companion paper H. Kroemer, 'Theory of a wide-gap emitter for transistors', Proc. IRE 45, 1535 (1957) (heterojunction bipolar transistor)",1970,"Zh. I. Alferov et al., 'Investigation of the influence of the AlAs-GaAs heterostructure parameters on the laser threshold current and the realization of continuous emission at room temperature', Fiz. Tekh. Poluprovodn. 4, 1826 (1970) [Sov. Phys. Semicond. 4, 1573 (1971)]","The committee credits 'the main analysis and suggestions' on heterojunction transistors to Kroemer at RCA in 1957 (graded gap, quasi-electric fields), plus his DH-laser proposal, Proc. IEEE 51, 1782 (1963). Kroemer's Nobel lecture calls the 1957 RCA Review paper (1957a, first given at the April 1957 Brooklyn symposium) the first statement of the general heterostructure design principle. A precursor graded-gap-base idea appears in Archiv d. Elekt. Übertragung 8, 499 (1954). Realization is shared with Alferov's half (the first CW room-temperature DH laser, 1970).",https://www.nobelprize.org/uploads/2018/06/advanced-physicsprize2000.pdf; https://www.nobelprize.org/uploads/2018/06/kroemer-lecture.pdf; https://www.nobelprize.org/uploads/2018/06/alferov-lecture.pdf
2000,Jack S. Kilby,for his part in the invention of the integrated circuit,1959,"J. S. Kilby, 'Semiconductor solid circuits', Electronics 32 (7 Aug 1959), pp. 110-111 (first publication); patent US 3,138,743 'Miniaturized electronic circuits', filed 6 Feb 1959, issued 23 Jun 1964",1959,"Same as discovery: Kilby built the first working integrated circuit himself (germanium oscillator, demonstrated 12 Sep 1958), first described publicly in Electronics 32, 110 (1959)","The committee describes the summer/September 1958 demonstration and the 6 Feb 1959 patent application, and cites Kilby's own account, IEEE Trans. Electron Devices 23, 648 (1976). The invention and demonstration were in 1958; the first publication was in 1959. The Electronics 1959 reference comes from the Computer History Museum page.",https://www.nobelprize.org/uploads/2018/06/advanced-physicsprize2000.pdf; https://www.computerhistory.org/siliconengine/all-semiconductor-solid-circuit-is-demonstrated/
2000,Zhores I. Alferov,for developing semiconductor heterostructures used in high-speed- and opto-electronics,1963,"Zh. I. Alferov & R. F. Kazarinov, 'Semiconductor laser with electric pumping', USSR Inventor's Certificate No. 181737 (application No. 950840, priority 30 Mar 1963): the double-heterostructure (DH) laser proposal",1970,"Zh. I. Alferov, V. M. Andreev, D. Z. Garbuzov, Yu. V. Zhilyaev, E. P. Morozov, E. L. Portnoi, V. G. Trofim, 'Investigation of the influence of the AlAs-GaAs heterostructure parameters on the laser threshold current and the realization of continuous emission at room temperature', Fiz. Tekh. Poluprovodn. 4, 1826 (1970) [Sov. Phys. Semicond. 4, 1573 (1971)]","The committee says the DH-laser principle was suggested in 1963 by Kroemer (in a journal) and independently by Alferov & Kazarinov (in a patent application). The discovery anchor is a patent application, not a journal paper; 1963 is its priority year. Alferov's first journal paper on the DH idea is Alferov, Khalfin & Kazarinov, Fiz. Tverd. Tela 8, 3102 (1966) (superinjection). Realization chosen as the first room-temperature continuous-wave (CW) DH laser, which the committee treats as the endpoint 'from the concept in 1963 to the first continuously operating lasers in 1970'. Alferov's group submitted it in May 1970; Bell Labs' Hayashi, Panish, Foy & Sumski, Appl. Phys. Lett. 17, 109 (1970), submitted in June 1970, may have appeared in print first. Earlier lasing: GaAsP DH at 77 K, Sov. Phys. Solid State 9, 208 (1967); pulsed AlGaAs DH, Fiz. Tekh. Poluprovodn. 2, 1545 (1968) (the committee's 'late 1968'). Use 1968 if the earliest DH lasing is wanted instead.",https://www.nobelprize.org/uploads/2018/06/advanced-physicsprize2000.pdf; https://www.nobelprize.org/uploads/2018/06/alferov-lecture.pdf
2001,Carl E. Wieman,"for the achievement of Bose-Einstein condensation in dilute gases of alkali atoms, and for early fundamental studies of the properties of the condensates",1995,"M. H. Anderson, J. R. Ensher, M. R. Matthews, C. E. Wieman, E. A. Cornell, 'Observation of Bose-Einstein condensation in a dilute atomic vapor', Science 269, 198 (1995)",1995,"M. H. Anderson, J. R. Ensher, M. R. Matthews, C. E. Wieman, E. A. Cornell, 'Observation of Bose-Einstein condensation in a dilute atomic vapor', Science 269, 198 (1995)","Shared with Cornell, as co-authors of the same paper. The committee credits Wieman with the strategy (laser-cool in a MOT, magnetic trap, evaporative cooling): Monroe, Swann, Robinson & Wieman, PRL 65, 1571 (1990).",https://www.nobelprize.org/uploads/2018/06/advanced-physicsprize2001.pdf
2001,Eric A. Cornell,"for the achievement of Bose-Einstein condensation in dilute gases of alkali atoms, and for early fundamental studies of the properties of the condensates",1995,"M. H. Anderson, J. R. Ensher, M. R. Matthews, C. E. Wieman, E. A. Cornell, 'Observation of Bose-Einstein condensation in a dilute atomic vapor', Science 269, 198 (1995)",1995,"M. H. Anderson, J. R. Ensher, M. R. Matthews, C. E. Wieman, E. A. Cornell, 'Observation of Bose-Einstein condensation in a dilute atomic vapor', Science 269, 198 (1995)","This is an experimental discovery, so discovery = realization (87Rb BEC, June 1995). Enabling steps cited by the committee: Cornell's TOP trap, Petrich et al., PRL 74, 3352 (1995); Wieman's laser-cooling route, Monroe et al., PRL 65, 1571 (1990).",https://www.nobelprize.org/uploads/2018/06/advanced-physicsprize2001.pdf
2001,Wolfgang Ketterle,"for the achievement of Bose-Einstein condensation in dilute gases of alkali atoms, and for early fundamental studies of the properties of the condensates",1995,"K. B. Davis, M.-O. Mewes, M. R. Andrews, N. J. van Druten, D. S. Durfee, D. M. Kurn, W. Ketterle, 'Bose-Einstein condensation in a gas of sodium atoms', Phys. Rev. Lett. 75, 3969 (1995)",1995,"M. H. Anderson, J. R. Ensher, M. R. Matthews, C. E. Wieman, E. A. Cornell, 'Observation of Bose-Einstein condensation in a dilute atomic vapor', Science 269, 198 (1995)","This is Ketterle's own first BEC paper (23Na, published about 4 months after JILA's, per the committee). The first realization of the shared discovery is the JILA Science paper by his co-laureates. Precursor: optically plugged trap, Ketterle et al., PRL 70, 2253 (1993).",https://www.nobelprize.org/uploads/2018/06/advanced-physicsprize2001.pdf
2002,Masatoshi Koshiba,"for pioneering contributions to astrophysics, in particular for the detection of cosmic neutrinos",1987,"K. Hirata et al. (Kamiokande-II, incl. M. Koshiba), 'Observation of a neutrino burst from the supernova SN1987A', Phys. Rev. Lett. 58, 1490 (1987)",1968,"R. Davis Jr., D. S. Harmer, K. C. Hoffman, 'Search for neutrinos from the Sun', Phys. Rev. Lett. 20, 1205 (1968)","This is Koshiba's own first detection of cosmic neutrinos (SN1987A, also the first detection of supernova neutrinos). His directional real-time confirmation of solar neutrinos is Hirata et al., PRL 63, 16 (1989). The realization is the first detection of cosmic neutrinos in the shared half, by co-laureate Davis. Use 1987 instead if Koshiba's own observation is wanted as the realization.",https://www.nobelprize.org/uploads/2018/06/advanced-physicsprize2002.pdf
2002,Raymond Davis Jr.,"for pioneering contributions to astrophysics, in particular for the detection of cosmic neutrinos",1968,"R. Davis Jr., D. S. Harmer, K. C. Hoffman, 'Search for neutrinos from the Sun', Phys. Rev. Lett. 20, 1205 (1968)",1968,"R. Davis Jr., D. S. Harmer, K. C. Hoffman, 'Search for neutrinos from the Sun', Phys. Rev. Lett. 20, 1205 (1968)","First Homestake chlorine results; the committee says 'Davis discovered solar neutrinos'. Earlier Davis papers: the reactor experiment, Phys. Rev. 97, 766 (1955), and the experiment proposal, PRL 12, 303 (1964), both cited.",https://www.nobelprize.org/uploads/2018/06/advanced-physicsprize2002.pdf
2002,Riccardo Giacconi,"for pioneering contributions to astrophysics, which have led to the discovery of cosmic X-ray sources",1962,"R. Giacconi, H. Gursky, F. R. Paolini, B. B. Rossi, 'Evidence for X rays from sources outside the solar system', Phys. Rev. Lett. 9, 439 (1962)",1962,"R. Giacconi, H. Gursky, F. R. Paolini, B. B. Rossi, 'Evidence for X rays from sources outside the solar system', Phys. Rev. Lett. 9, 439 (1962)","Discovery of Sco X-1 and the X-ray background (rocket flight of 18 Jun 1962). An earlier instrument proposal, also cited, is the focusing X-ray telescope of Giacconi & Rossi, J. Geophys. Res. 65, 773 (1960).",https://www.nobelprize.org/uploads/2018/06/advanced-physicsprize2002.pdf
2003,Alexei A. Abrikosov,for pioneering contributions to the theory of superconductors and superfluids,1957,"A. A. Abrikosov, 'On the magnetic properties of superconductors of the second group', Zh. Eksp. Teor. Fiz. 32, 1442 (1957) [Sov. Phys. JETP 5, 1174 (1957)]",1964,"D. Cribier, B. Jacrot, L. Madhav Rao, B. Farnoux, 'Mise en evidence par diffraction de neutrons d'une structure periodique du champ magnetique dans le niobium supraconducteur', Phys. Lett. 9, 106 (1964)","The vortex-lattice and type-II theory, derived in 1953 and published in 1957 (the committee calls it 'groundbreaking'). Abrikosov's earlier Dokl. Akad. Nauk SSSR 86, 489 (1952) introduced 'superconductors of the second group' from thin-film critical fields. The committee's figure credits the first pictures of the vortex lattice to U. Essmann & H. Träuble, Phys. Lett. A 24, 526 (1967). Abrikosov's Nobel lecture says the lattice was observed first by neutron diffraction (Cribier et al. 1964), then by decoration (1967). Use 1967 if only the committee-cited observation is wanted.",https://www.nobelprize.org/uploads/2018/06/advanced-physicsprize2003.pdf; https://www.nobelprize.org/uploads/2018/06/abrikosov-lecture.pdf
2003,Anthony J. Leggett,for pioneering contributions to the theory of superconductors and superfluids,1972,"A. J. Leggett, 'Interpretation of recent results on He3 below 3 mK: a new liquid phase?', Phys. Rev. Lett. 29, 1227 (1972)",1974,"D. D. Osheroff & W. F. Brinkman, 'Longitudinal resonance and domain effects in the A and B phases of liquid He3', Phys. Rev. Lett. 32, 584 (1974)","The committee dates the 'theoretical discovery' of simultaneously broken symmetries (spontaneously broken spin-orbit symmetry) to 1972. It says Leggett's spin-dynamics predictions were confirmed, including the longitudinal NMR resonance, but gives no reference; Osheroff & Brinkman 1974 is the first observation. The experiments Leggett interpreted predate his theory: Osheroff, Richardson & Lee, PRL 28, 885 (1972) and Osheroff, Gully, Richardson & Lee, PRL 29, 920 (1972). Use 1972 if the observation of superfluid 3He itself is wanted. Earlier theory: Leggett, Phys. Rev. 140, A1869 (1965).",https://www.nobelprize.org/uploads/2018/06/advanced-physicsprize2003.pdf
2003,Vitaly L. Ginzburg,for pioneering contributions to the theory of superconductors and superfluids,1950,"V. L. Ginzburg & L. D. Landau, 'On the theory of superconductivity', Zh. Eksp. Teor. Fiz. 20, 1064 (1950)",1951,"N. V. Zavaritskii, 'Critical magnetic fields of superconducting tin films', Dokl. Akad. Nauk SSSR 78, 665 (1951)","Pure theory. The committee says the GL predictions on thin-film critical fields 'could soon be tested experimentally with positive results' and names Zavaritskii as verifying the dependence on film thickness and temperature, without giving a reference. The citation comes from the OSTI/ETDE record, and Abrikosov's lecture confirms the agreement. Microscopic derivation: Gor'kov 1959 (theory, not an experiment).",https://www.nobelprize.org/uploads/2018/06/advanced-physicsprize2003.pdf; https://www.osti.gov/etdeweb/biblio/7259844; https://www.nobelprize.org/uploads/2018/06/abrikosov-lecture.pdf
2004,David J. Gross,for the discovery of asymptotic freedom in the theory of the strong interaction,1973,"D. J. Gross & F. Wilczek, 'Ultraviolet behavior of non-abelian gauge theories', Phys. Rev. Lett. 30, 1343 (1973)",1979,"TASSO Collaboration (R. Brandelik et al.), 'Evidence for planar events in e+e- annihilation at high energies', Phys. Lett. B 86, 243 (1979) [PETRA three-jet/gluon events; also MARK-J, D. P. Barber et al., PRL 43, 830 (1979)]","Pure theory. Experimental support listed by the committee: SLAC scaling, which predates the theory (Bloom et al. and Breidenbach et al., PRL 23, 930 and 935 (1969)) and which Gross, Wilczek and Politzer 'very quickly checked'; the ADONE colour factor (early 1970s); PETRA three-jet events 'observed for the first time' in the late 1970s; and the running of alpha_s (LEP compilations). Chosen: the first post-1973 confirmation the committee explicitly describes. Use 1969 if the scaling observation the theory explained is wanted.",https://www.nobelprize.org/uploads/2018/06/advanced-physicsprize2004.pdf; https://inspirehep.net/literature/142123
2004,Frank Wilczek,for the discovery of asymptotic freedom in the theory of the strong interaction,1973,"D. J. Gross & F. Wilczek, 'Ultraviolet behavior of non-abelian gauge theories', Phys. Rev. Lett. 30, 1343 (1973)",1979,"TASSO Collaboration (R. Brandelik et al.), 'Evidence for planar events in e+e- annihilation at high energies', Phys. Lett. B 86, 243 (1979) [also MARK-J, PRL 43, 830 (1979)]","Shared with Gross, as co-authors of the same paper. Follow-up QCD proposal: Gross & Wilczek, Phys. Rev. D 8, 3633 (1973).",https://www.nobelprize.org/uploads/2018/06/advanced-physicsprize2004.pdf; https://inspirehep.net/literature/142123
2004,H. David Politzer,for the discovery of asymptotic freedom in the theory of the strong interaction,1973,"H. D. Politzer, 'Reliable perturbative results for strong interactions?', Phys. Rev. Lett. 30, 1346 (1973)",1979,"TASSO Collaboration (R. Brandelik et al.), 'Evidence for planar events in e+e- annihilation at high energies', Phys. Lett. B 86, 243 (1979) [also MARK-J, PRL 43, 830 (1979)]","Published back-to-back with Gross & Wilczek (PRL 30, issue of 25 Jun 1973). The realization anchor is shared; see Gross's row for alternatives.",https://www.nobelprize.org/uploads/2018/06/advanced-physicsprize2004.pdf; https://inspirehep.net/literature/142123
2005,John L. Hall,"for their contributions to the development of laser-based precision spectroscopy, including the optical frequency comb technique",2000,"S. A. Diddams, D. J. Jones, L.-S. Ma, S. T. Cundiff, J. L. Hall, 'Optical frequency measurement across a 104-THz gap with a femtosecond laser frequency comb', Opt. Lett. 25, 186 (2000)",1999,"Th. Udem, J. Reichert, R. Holzwarth, T. W. Hänsch, 'Absolute optical frequency measurement of the cesium D1 line with a mode-locked laser', Phys. Rev. Lett. 82, 3568 (1999)","Anchored on the frequency comb named in the motivation. This is Hall's group's first comb paper (Feb 2000, committee ref [36]). His key contribution, which the committee says he was 'first to demonstrate', is the self-referenced comb: D. J. Jones et al., Science 288, 635 (2000). Hall's earlier laser-spectroscopy work cited by the committee includes Evenson et al., PRL 29, 1346 (1972) and the joint Hall & Hänsch paper, Opt. Lett. 9, 502 (1984), called a 'crucial step'; his stabilized-laser saturated absorption goes back to Barger & Hall, PRL 22, 4 (1969). A broad 'precision spectroscopy' reading would put Hall's anchor around 1969-72. The realization is shared with Hänsch (the first comb-based absolute optical frequency measurement).",https://www.nobelprize.org/uploads/2018/06/advanced-physicsprize2005.pdf
2005,Roy J. Glauber,for his contribution to the quantum theory of optical coherence,1963,"R. J. Glauber, 'Photon correlations', Phys. Rev. Lett. 10, 84 (1963)",1977,"H. J. Kimble, M. Dagenais, L. Mandel, 'Photon antibunching in resonance fluorescence', Phys. Rev. Lett. 39, 691 (1977)","The committee says 'the correct theory was published by Roy Glauber in 1963 [PRL 10, 84]'; the full papers are Phys. Rev. 130, 2529 and 131, 2766 (1963). Pure theory. The committee names antibunching as an observable, purely quantum effect but cites no experiment; Kimble, Dagenais & Mandel 1977 is the first observation. An earlier check of coherent versus thermal photon statistics, also semiclassically explainable, is F. T. Arecchi, PRL 15, 912 (1965). Hanbury Brown-Twiss (1956) predates the theory. Use 0 for strict committee-citation-only coding.",https://www.nobelprize.org/uploads/2018/06/advanced-physicsprize2005.pdf
2005,Theodor W. Hänsch,"for their contributions to the development of laser-based precision spectroscopy, including the optical frequency comb technique",1978,"J. N. Eckstein, A. I. Ferguson, T. W. Hänsch, 'High-resolution two-photon spectroscopy with picosecond light pulses', Phys. Rev. Lett. 40, 847 (1978)",1999,"Th. Udem, J. Reichert, R. Holzwarth, T. W. Hänsch, 'Absolute optical frequency measurement of the cesium D1 line with a mode-locked laser', Phys. Rev. Lett. 82, 3568 (1999)","The committee says the 1978 paper 'was thus the starting point in the development of frequency comb techniques'. Precursor (multiple-pulse excitation): Teets, Eckstein & Hänsch, PRL 38, 760 (1977). Earlier Hänsch laser spectroscopy: resolving the hydrogen Lamb shift with Schawlow (1972). The committee's realization reference [33] is the 1999 Cs D1 measurement; follow-ups are Opt. Lett. 24, 881 (1999) and, for self-referencing, PRL 85, 2264 (2000).",https://www.nobelprize.org/uploads/2018/06/advanced-physicsprize2005.pdf
2006,George F. Smoot,for their discovery of the blackbody form and anisotropy of the cosmic microwave background radiation,1992,"G. F. Smoot et al., 'Structure in the COBE differential microwave radiometer first-year maps', Astrophys. J. 396, L1 (1992)",1992,"G. F. Smoot et al., 'Structure in the COBE differential microwave radiometer first-year maps', Astrophys. J. 396, L1 (1992)","The anisotropy part (Smoot was the DMR PI; Mather is a co-author). This is an experimental discovery, so discovery = realization. Smoot's earlier dipole anisotropy, which is not the primordial anisotropy awarded, is Smoot, Gorenstein & Muller, PRL 39, 898 (1977). Use Mather et al. 1990 if one shared COBE anchor is required for the joint prize.",https://www.nobelprize.org/uploads/2018/06/advanced-physicsprize2006.pdf
2006,John C. Mather,for their discovery of the blackbody form and anisotropy of the cosmic microwave background radiation,1990,"J. C. Mather et al., 'A preliminary measurement of the cosmic microwave background spectrum by the Cosmic Background Explorer (COBE) satellite', Astrophys. J. 354, L37 (1990)",1990,"J. C. Mather et al., 'A preliminary measurement of the cosmic microwave background spectrum by the Cosmic Background Explorer (COBE) satellite', Astrophys. J. 354, L37 (1990)","The blackbody-form part (Mather was COBE PI and FIRAS PI). This is an experimental discovery, so discovery = realization. Smoot is a co-author (COBE science team). Final FIRAS temperature: Mather et al., ApJ 512, 511 (1999).",https://www.nobelprize.org/uploads/2018/06/advanced-physicsprize2006.pdf
2007,Albert Fert,for the discovery of Giant Magnetoresistance,1988,"M. N. Baibich, J. M. Broto, A. Fert, F. Nguyen Van Dau, F. Petroff, P. Etienne, G. Creuzet, A. Friederich, J. Chazelas, 'Giant magnetoresistance of (001)Fe/(001)Cr magnetic superlattices', Phys. Rev. Lett. 61, 2472 (1988)",1988,"M. N. Baibich et al., 'Giant magnetoresistance of (001)Fe/(001)Cr magnetic superlattices', Phys. Rev. Lett. 61, 2472 (1988)","The committee says 'in 1988 two research groups independently discovered' GMR. This is an experimental discovery, so discovery = realization; it is the first GMR paper in print (21 Nov 1988).",https://www.nobelprize.org/uploads/2018/06/advanced-physicsprize2007.pdf
2007,Peter Grünberg,for the discovery of Giant Magnetoresistance,1989,"G. Binasch, P. Grünberg, F. Saurenbach, W. Zinn, 'Enhanced magnetoresistance in layered magnetic structures with antiferromagnetic interlayer exchange', Phys. Rev. B 39, 4828 (1989)",1988,"M. N. Baibich et al. (Fert group), 'Giant magnetoresistance of (001)Fe/(001)Cr magnetic superlattices', Phys. Rev. Lett. 61, 2472 (1988)","Grünberg's paper was received on 31 May 1988, before Fert's submission, but published on 1 Mar 1989. He also patented GMR in 1988, as the committee notes. Precursor: antiferromagnetic Fe/Cr/Fe interlayer coupling, Grünberg et al., PRL 57, 2442 (1986). The realization is the first published GMR observation in the shared prize, by co-laureate Fert.",https://www.nobelprize.org/uploads/2018/06/advanced-physicsprize2007.pdf
2008,Makoto Kobayashi,for the discovery of the origin of the broken symmetry which predicts the existence of at least three families of quarks in nature,1973,"M. Kobayashi & T. Maskawa, 'CP-violation in the renormalizable theory of weak interaction', Prog. Theor. Phys. 49, 652 (1973)",1977,"S. W. Herb et al., 'Observation of a dimuon resonance at 9.5 GeV in 400-GeV proton-nucleus collisions', Phys. Rev. Lett. 39, 252 (1977)","Submitted 1 Sep 1972, published Feb 1973. The realization is the first experimental evidence for a third quark family (the b quark/Upsilon), cited by the committee as ref [79]. The top quark followed in 1995. The KM CP-violation pattern was confirmed in B mesons by BaBar (PRL 87, 091801) and Belle (PRL 87, 091802) in 2001; the committee cites their 2002 sin2beta papers. Use 2001 if confirmation of the CP-violation mechanism itself is wanted. CP violation was already observed in 1964 (Christenson et al.), before the theory.",https://www.nobelprize.org/uploads/2018/06/advanced-physicsprize2008.pdf
2008,Toshihide Maskawa,for the discovery of the origin of the broken symmetry which predicts the existence of at least three families of quarks in nature,1973,"M. Kobayashi & T. Maskawa, 'CP-violation in the renormalizable theory of weak interaction', Prog. Theor. Phys. 49, 652 (1973)",1977,"S. W. Herb et al., 'Observation of a dimuon resonance at 9.5 GeV in 400-GeV proton-nucleus collisions', Phys. Rev. Lett. 39, 252 (1977)","Shared with Kobayashi, as co-authors of the same paper; see Kobayashi's row for the 2001 B-factory alternative.",https://www.nobelprize.org/uploads/2018/06/advanced-physicsprize2008.pdf
2008,Yoichiro Nambu,for the discovery of the mechanism of spontaneous broken symmetry in subatomic physics,1960,"Y. Nambu, 'Axial vector current conservation in weak interactions', Phys. Rev. Lett. 4, 380 (1960)",0,,"This is the first published application of spontaneous symmetry breaking to particle physics (committee ref [38]; also the 1960 Purdue talk, ref [44]). Spontaneous symmetry breaking in field-theoretic BCS: Nambu, Phys. Rev. 117, 648 (1960). Canonical model: Nambu & Jona-Lasinio, Phys. Rev. 122, 345 (1961). Pure theory: the committee cites no specific experimental confirmation, only that soft-pion results 'agreed with the experimental data' and that LEP data support a spontaneously broken gauge theory, so the realization is left empty. The pion predates the theory, and the 2012 Higgs observation came after this prize.",https://www.nobelprize.org/uploads/2018/06/advanced-physicsprize2008.pdf
2009,Charles K. Kao,groundbreaking achievements concerning the transmission of light in fibers for optical communication,1966,"K. C. Kao & G. A. Hockham, 'Dielectric-fibre surface waveguides for optical frequencies', Proc. IEE 113(7), 1151-1158 (1966), doi:10.1049/piee.1966.0189",1970,"F. P. Kapron, D. B. Keck & R. D. Maurer (Corning), 'Radiation losses in glass optical waveguides', Appl. Phys. Lett. 17(10), 423-425 (1970), doi:10.1063/1.1653255","Prize split 2009: 1/2 Kao (fibre), 1/4 + 1/4 Boyle & Smith (CCD). The realization was by people who are not laureates (Corning). The committee cites it as the first fused-silica fibre with the low loss Kao had predicted (about 20 dB/km). Kao's own loss measurements on fused silica: Kao & Davies, J. Sci. Instrum. 1, 1063 (1968).",https://www.nobelprize.org/uploads/2018/06/advanced-physicsprize2009.pdf ; metadata via api.crossref.org
2009,George E. Smith,invention of an imaging semiconductor circuit - the CCD sensor,1970,"W. S. Boyle & G. E. Smith, 'Charge Coupled Semiconductor Devices', Bell Syst. Tech. J. 49(4), 587-593 (1970), doi:10.1002/j.1538-7305.1970.tb01790.x",1970,"G. F. Amelio, M. F. Tompsett & G. E. Smith, 'Experimental Verification of the Charge Coupled Device Concept', Bell Syst. Tech. J. 49(4), 593-600 (1970), doi:10.1002/j.1538-7305.1970.tb01791.x",Shared with Boyle. Smith is a co-author of both papers in the same April 1970 issue.,https://www.nobelprize.org/uploads/2018/06/advanced-physicsprize2009.pdf
2009,Willard S. Boyle,invention of an imaging semiconductor circuit - the CCD sensor,1970,"W. S. Boyle & G. E. Smith, 'Charge Coupled Semiconductor Devices', Bell Syst. Tech. J. 49(4), 587-593 (1970), doi:10.1002/j.1538-7305.1970.tb01790.x",1970,"G. F. Amelio, M. F. Tompsett & G. E. Smith, 'Experimental Verification of the Charge Coupled Device Concept', Bell Syst. Tech. J. 49(4), 593-600 (1970), doi:10.1002/j.1538-7305.1970.tb01791.x","Shared with Smith (1/4 each). The CCD was conceived on 17 Oct 1969. The committee calls these 'the first two papers, one theoretical and one experimental', in the same April 1970 BSTJ issue.",https://www.nobelprize.org/uploads/2018/06/advanced-physicsprize2009.pdf
2010,Andre Geim,groundbreaking experiments regarding the two-dimensional material graphene,2004,"K. S. Novoselov, A. K. Geim, S. V. Morozov, D. Jiang, Y. Zhang, S. V. Dubonos, I. V. Grigorieva & A. A. Firsov, 'Electric Field Effect in Atomically Thin Carbon Films', Science 306(5696), 666-669 (2004), doi:10.1126/science.1102896",2004,"Same paper: Novoselov et al., 'Electric Field Effect in Atomically Thin Carbon Films', Science 306, 666-669 (2004), doi:10.1126/science.1102896","An experimental prize: the 2004 paper (isolation plus field effect) is itself the first realization. Committee follow-ups: single-layer transport, Novoselov et al., PNAS 102, 10451 (2005); anomalous quantum Hall effect, Novoselov et al., Nature 438, 197 (2005) and Zhang et al., Nature 438, 201 (2005). Graphene theory goes back to Wallace (1947).",https://www.nobelprize.org/uploads/2018/06/advanced-physicsprize2010.pdf
2010,Konstantin Novoselov,groundbreaking experiments regarding the two-dimensional material graphene,2004,"K. S. Novoselov, A. K. Geim, S. V. Morozov, D. Jiang, Y. Zhang, S. V. Dubonos, I. V. Grigorieva & A. A. Firsov, 'Electric Field Effect in Atomically Thin Carbon Films', Science 306(5696), 666-669 (2004), doi:10.1126/science.1102896",2004,"Same paper: Novoselov et al., 'Electric Field Effect in Atomically Thin Carbon Films', Science 306, 666-669 (2004), doi:10.1126/science.1102896",Shared with Geim. The discovery paper is itself the first realization.,https://www.nobelprize.org/uploads/2018/06/advanced-physicsprize2010.pdf
2011,Adam G. Riess,discovery of the accelerating expansion of the Universe through observations of distant supernovae,1998,"A. G. Riess et al. (High-z Supernova Search Team), 'Observational Evidence from Supernovae for an Accelerating Universe and a Cosmological Constant', Astron. J. 116(3), 1009-1038 (1998), doi:10.1086/300499",1998,"Same paper: Riess et al., Astron. J. 116, 1009-1038 (1998), doi:10.1086/300499",Prize 1/4. Riess is first author; the committee says the analysis of the 16 SNe Ia was 'mainly analyzed by Adam Riess'.,https://www.nobelprize.org/uploads/2018/06/advanced-physicsprize2011.pdf
2011,Brian P. Schmidt,discovery of the accelerating expansion of the Universe through observations of distant supernovae,1998,"A. G. Riess, ..., B. P. Schmidt et al. (High-z Supernova Search Team), 'Observational Evidence from Supernovae for an Accelerating Universe and a Cosmological Constant', Astron. J. 116(3), 1009-1038 (1998), doi:10.1086/300499",1998,"Same paper: Riess et al., Astron. J. 116, 1009-1038 (1998), doi:10.1086/300499 (first published observation of the acceleration)","Prize 1/4. Schmidt founded and led the High-z team in 1994 and is a co-author. The SCP's matching result: Perlmutter et al., ApJ 517, 565 (1999).",https://www.nobelprize.org/uploads/2018/06/advanced-physicsprize2011.pdf
2011,Saul Perlmutter,discovery of the accelerating expansion of the Universe through observations of distant supernovae,1999,"S. Perlmutter et al. (Supernova Cosmology Project), 'Measurements of Ω and Λ from 42 High-Redshift Supernovae', Astrophys. J. 517(2), 565-586 (1999), doi:10.1086/307221",1998,"A. G. Riess et al. (High-z Supernova Search Team, incl. B. P. Schmidt), 'Observational Evidence from Supernovae for an Accelerating Universe and a Cosmological Constant', Astron. J. 116(3), 1009-1038 (1998), doi:10.1086/300499","Prize 1/2 Perlmutter. The committee names Riess 1998 [27] and Perlmutter 1999 [28] as 'the two breakthrough papers'. Because the discovery is observational, realization is the first published observation (High-z team, Sep 1998), shared by all three laureates. The SCP paper was submitted in Sep 1998 and published in Jun 1999. Perlmutter et al., Nature 391, 51 (1998) is the paper Li et al. 2019 list, but the committee says the early-1998 papers only pointed to low matter density.",https://www.nobelprize.org/uploads/2018/06/advanced-physicsprize2011.pdf ; cross-check Li et al. 2019 prize-winning paper record https://doi.org/10.7910/DVN/6NJ5RN
2012,David J. Wineland,ground-breaking experimental methods that enable measuring and manipulation of individual quantum systems,1978,"D. J. Wineland, R. E. Drullinger & F. L. Walls, 'Radiation-Pressure Cooling of Bound Resonant Absorbers', Phys. Rev. Lett. 40, 1639-1642 (1978), doi:10.1103/PhysRevLett.40.1639",1995,"C. Monroe, D. M. Meekhof, B. E. King, W. M. Itano & D. J. Wineland, 'Demonstration of a Fundamental Quantum Logic Gate', Phys. Rev. Lett. 75, 4714-4717 (1995), doi:10.1103/PhysRevLett.75.4714","A methods prize (trapped ions), so these picks are a judgement. Discovery is the first laser cooling of trapped ions, Wineland's first experiment in the committee's account; the proposal was Wineland & Dehmelt, Bull. Am. Phys. Soc. 20, 637 (1975), an abstract only. Realization is the step the committee calls a 'breakthrough': moving a superposition between the ion's internal and motional states, i.e. the first two-qubit gate (also stressed in the popular information and the ceremony speech). Intermediate steps: single Mg+ ion, Wineland & Itano, Phys. Lett. A 82, 75 (1981); quantum jumps, Bergquist et al., PRL 57, 1699 (1986); cooling to the ground state, Diedrich et al., PRL 62, 403 (1989). Cat state: Monroe et al., Science 272, 1131 (1996). Li et al. 2019 list 1995-96 papers.",https://www.nobelprize.org/uploads/2018/06/advanced-physicsprize2012.pdf ; https://www.nobelprize.org/prizes/physics/2012/popular-information/ ; https://www.nobelprize.org/prizes/physics/2012/ceremony-speech/
2012,Serge Haroche,ground-breaking experimental methods that enable measuring and manipulation of individual quantum systems,1983,"P. Goy, J. M. Raimond, M. Gross & S. Haroche, 'Observation of Cavity-Enhanced Single-Atom Spontaneous Emission', Phys. Rev. Lett. 50, 1903-1906 (1983), doi:10.1103/PhysRevLett.50.1903",1996,"M. Brune, F. Schmidt-Kaler, A. Maali, J. Dreyer, E. Hagley, J. M. Raimond & S. Haroche, 'Quantum Rabi Oscillation: A Direct Test of Field Quantization in a Cavity', Phys. Rev. Lett. 76, 1800-1803 (1996), doi:10.1103/PhysRevLett.76.1800","A methods prize with no single discovery paper, so these picks are a judgement. Haroche's technique (photons in a cavity probed by Rydberg atoms) is separate from Wineland's, so the anchors are not shared. Discovery is the earliest committee-cited paper of Haroche's cavity-QED line. Realization is the first committee-cited demonstration of measuring and manipulating individual atom-photon quantum states. Same year: cat-state decoherence, Brune et al., PRL 77, 4887 (1996). The committee's proposal-then-demonstration pair for non-destructive photon counting: Brune et al., PRL 65, 976 (1990), then Nogues et al., Nature 400, 239 (1999) and Gleyzes et al., Nature 446, 297 (2007). Li et al. 2019 list the two 1996 PRLs as the prize papers.",https://www.nobelprize.org/uploads/2018/06/advanced-physicsprize2012.pdf ; https://www.nobelprize.org/prizes/physics/2012/popular-information/ ; https://doi.org/10.7910/DVN/6NJ5RN
2013,François Englert,"theoretical discovery of a mechanism contributing to our understanding of the origin of mass of subatomic particles, confirmed by ATLAS and CMS",1964,"F. Englert & R. Brout, 'Broken Symmetry and the Mass of Gauge Vector Mesons', Phys. Rev. Lett. 13, 321-323 (1964), doi:10.1103/PhysRevLett.13.321",2012,"ATLAS Collaboration (G. Aad et al.), 'Observation of a new particle in the search for the Standard Model Higgs boson with the ATLAS detector at the LHC', Phys. Lett. B 716, 1-29 (2012), doi:10.1016/j.physletb.2012.08.020 ; CMS Collaboration (S. Chatrchyan et al.), 'Observation of a new boson at a mass of 125 GeV with the CMS experiment at the LHC', Phys. Lett. B 716, 30-61 (2012), doi:10.1016/j.physletb.2012.08.021","Submitted 26 Jun 1964, published 31 Aug 1964: the first of the 1964 papers according to the committee. The realization was by non-laureates and is named in the prize motivation; the discovery was announced on 4 Jul 2012.",https://www.nobelprize.org/uploads/2018/06/advanced-physicsprize2013.pdf
2013,Peter W. Higgs,"theoretical discovery of a mechanism contributing to our understanding of the origin of mass of subatomic particles, confirmed by ATLAS and CMS",1964,"P. W. Higgs, 'Broken symmetries, massless particles and gauge fields', Phys. Lett. 12(2), 132-133 (1964), doi:10.1016/0031-9163(64)91136-9",2012,"ATLAS Collaboration (G. Aad et al.), 'Observation of a new particle in the search for the Standard Model Higgs boson with the ATLAS detector at the LHC', Phys. Lett. B 716, 1-29 (2012), doi:10.1016/j.physletb.2012.08.020 ; CMS Collaboration (S. Chatrchyan et al.), 'Observation of a new boson at a mass of 125 GeV with the CMS experiment at the LHC', Phys. Lett. B 716, 30-61 (2012), doi:10.1016/j.physletb.2012.08.021","Submitted 27 Jul 1964. The second paper, which gives the explicit massive scalar (the 'Higgs particle'): P. W. Higgs, 'Broken Symmetries and the Masses of Gauge Bosons', Phys. Rev. Lett. 13, 508-509 (1964), doi:10.1103/PhysRevLett.13.508. The committee cites both papers.",https://www.nobelprize.org/uploads/2018/06/advanced-physicsprize2013.pdf
2014,Hiroshi Amano,invention of efficient blue light-emitting diodes enabling bright and energy-saving white light sources,1989,"H. Amano, M. Kito, K. Hiramatsu & I. Akasaki, 'P-Type Conduction in Mg-Doped GaN Treated with Low-Energy Electron Beam Irradiation (LEEBI)', Jpn. J. Appl. Phys. 28(12A), L2112 (1989), doi:10.1143/JJAP.28.L2112",1994,"S. Nakamura, T. Mukai & M. Senoh, 'Candela-class high-brightness InGaN/AlGaN double-heterostructure blue-light-emitting diodes', Appl. Phys. Lett. 64(13), 1687-1689 (1994), doi:10.1063/1.111832","Shares anchors with Akasaki; Amano is first author. His earlier first-author paper on high-quality GaN on an AlN buffer: APL 48, 353 (1986).",https://www.nobelprize.org/uploads/2018/06/advanced-physicsprize2014.pdf
2014,Isamu Akasaki,invention of efficient blue light-emitting diodes enabling bright and energy-saving white light sources,1989,"H. Amano, M. Kito, K. Hiramatsu & I. Akasaki, 'P-Type Conduction in Mg-Doped GaN Treated with Low-Energy Electron Beam Irradiation (LEEBI)', Jpn. J. Appl. Phys. 28(12A), L2112 (1989), doi:10.1143/JJAP.28.L2112",1994,"S. Nakamura, T. Mukai & M. Senoh, 'Candela-class high-brightness InGaN/AlGaN double-heterostructure blue-light-emitting diodes', Appl. Phys. Lett. 64(13), 1687-1689 (1994), doi:10.1063/1.111832","The first p-type GaN and the first GaN p-n junction LED; the committee calls it 'an important breakthrough' that 'opened the way to p-n junctions'. The prerequisite high-quality GaN on an AlN buffer: Amano, Sawaki, Akasaki & Toyoda, APL 48, 353 (1986). Realization is the first efficient, bright blue LED (2.7% quantum efficiency), made by co-laureate Nakamura (committee ref [39]).",https://www.nobelprize.org/uploads/2018/06/advanced-physicsprize2014.pdf
2014,Shuji Nakamura,invention of efficient blue light-emitting diodes enabling bright and energy-saving white light sources,1991,"S. Nakamura, T. Mukai & M. Senoh, 'High-Power GaN P-N Junction Blue-Light-Emitting Diodes', Jpn. J. Appl. Phys. 30(12A), L1998 (1991), doi:10.1143/JJAP.30.L1998",1994,"S. Nakamura, T. Mukai & M. Senoh, 'Candela-class high-brightness InGaN/AlGaN double-heterostructure blue-light-emitting diodes', Appl. Phys. Lett. 64(13), 1687-1689 (1994), doi:10.1063/1.111832","Nakamura's first blue-LED paper (committee ref [28]); it was grown on his low-temperature GaN buffer layer, S. Nakamura, JJAP 30, L1705 (1991). His p-type activation by thermal annealing: JJAP 31, L139 (1992). If 'discovery' is taken to mean the efficient LED itself, use the 1994 APL paper (the one Li et al. 2019 list).",https://www.nobelprize.org/uploads/2018/06/advanced-physicsprize2014.pdf ; https://doi.org/10.7910/DVN/6NJ5RN
2015,Arthur B. McDonald,"discovery of neutrino oscillations, which shows that neutrinos have mass",2001,"Q. R. Ahmad et al. (SNO Collaboration, incl. A. B. McDonald), 'Measurement of the Rate of νe + d → p + p + e− Interactions Produced by 8B Solar Neutrinos at the Sudbury Neutrino Observatory', Phys. Rev. Lett. 87(7), 071301 (2001), doi:10.1103/PhysRevLett.87.071301",1998,"Y. Fukuda et al. (Super-Kamiokande Collaboration), 'Evidence for Oscillation of Atmospheric Neutrinos', Phys. Rev. Lett. 81, 1562-1567 (1998), doi:10.1103/PhysRevLett.81.1562","The committee's essential publications no. 2 and 3. The decisive neutral-current result: Q. R. Ahmad et al., 'Direct Evidence for Neutrino Flavor Transformation from Neutral-Current Interactions in the Sudbury Neutrino Observatory', PRL 89, 011301 (2002). Realization is the first observation of the shared discovery (Super-K 1998, co-laureate Kajita), which is why it is earlier than this row's discovery year. McDonald's own observation is 2001 (decisive in 2002).",https://www.nobelprize.org/uploads/2017/09/advanced-physicsprize2015.pdf
2015,Takaaki Kajita,"discovery of neutrino oscillations, which shows that neutrinos have mass",1998,"Y. Fukuda et al. (Super-Kamiokande Collaboration, incl. T. Kajita), 'Evidence for Oscillation of Atmospheric Neutrinos', Phys. Rev. Lett. 81(8), 1562-1567 (1998), doi:10.1103/PhysRevLett.81.1562",1998,"Same paper: Super-Kamiokande (Y. Fukuda et al.), 'Evidence for Oscillation of Atmospheric Neutrinos', Phys. Rev. Lett. 81, 1562-1567 (1998), doi:10.1103/PhysRevLett.81.1562","The committee's 'Essential publication' no. 1; Kajita presented it at Neutrino'98. An experimental discovery, so the discovery paper is also the first observation. The earlier atmospheric-neutrino anomaly: Kamiokande, K. S. Hirata, T. Kajita et al., Phys. Lett. B 205, 416 (1988).",https://www.nobelprize.org/uploads/2017/09/advanced-physicsprize2015.pdf
2016,David J. Thouless,theoretical discoveries of topological phase transitions and topological phases of matter,1972,"J. M. Kosterlitz & D. J. Thouless, 'Long range order and metastability in two dimensional solids and superfluids. (Application of dislocation theory)', J. Phys. C: Solid State Phys. 5(11), L124-L126 (1972), doi:10.1088/0022-3719/5/11/002",1978,"D. J. Bishop & J. D. Reppy, 'Study of the Superfluid Transition in Two-Dimensional 4He Films', Phys. Rev. Lett. 40, 1727-1730 (1978), doi:10.1103/PhysRevLett.40.1727","Prize 1/2. The committee writes 'In 1972 Kosterlitz and Thouless identified a completely new type of phase transition [35, 36]'. The 1972 letter is the first paper. The full paper is J. Phys. C 6, 1181 (1973), doi:10.1088/0022-3719/6/7/010, which the task example and Li et al. 2019 use; use 1973 if the full paper is preferred. Thouless's second awarded work is TKNN, 'Quantized Hall Conductance in a Two-Dimensional Periodic Potential', PRL 49, 405 (1982); it explained the quantum Hall effect already observed in 1980. Realization is the committee-cited first confirmation of the KT universal jump (by non-laureates).",https://www.nobelprize.org/uploads/2018/06/advanced-physicsprize2016.pdf
2016,F. Duncan M. Haldane,theoretical discoveries of topological phase transitions and topological phases of matter,1983,"F. D. M. Haldane, 'Continuum dynamics of the 1-D Heisenberg antiferromagnet: Identification with the O(3) nonlinear sigma model', Phys. Lett. A 93(9), 464-468 (1983), doi:10.1016/0375-9601(83)90631-X",1986,"W. J. L. Buyers, R. M. Morra, R. L. Armstrong, M. J. Hogan, P. Gerlach & K. Hirakawa, 'Experimental evidence for the Haldane gap in a spin-1 nearly isotropic, antiferromagnetic chain', Phys. Rev. Lett. 56, 371-374 (1986), doi:10.1103/PhysRevLett.56.371","Prize 1/4. Companion paper, which the committee calls 'the original work' [23]: Haldane, PRL 50, 1153 (1983), the paper Li et al. 2019 list. The Phys. Lett. A issue appeared in Feb 1983 and the PRL in Apr 1983. The committee cites the first experiment on CsNiCl3 by Buyers et al. Haldane's model of a quantum Hall effect without Landau levels, PRL 61, 2015 (1988), was realized by Chang et al., Science 340, 167 (2013) and by Jotzu et al., Nature 515, 237 (2014).",https://www.nobelprize.org/uploads/2018/06/advanced-physicsprize2016.pdf
2016,J. Michael Kosterlitz,theoretical discoveries of topological phase transitions and topological phases of matter,1972,"J. M. Kosterlitz & D. J. Thouless, 'Long range order and metastability in two dimensional solids and superfluids. (Application of dislocation theory)', J. Phys. C: Solid State Phys. 5(11), L124-L126 (1972), doi:10.1088/0022-3719/5/11/002",1978,"D. J. Bishop & J. D. Reppy, 'Study of the Superfluid Transition in Two-Dimensional 4He Films', Phys. Rev. Lett. 40, 1727-1730 (1978), doi:10.1103/PhysRevLett.40.1727","Prize 1/4; shares the KT anchors with Thouless. The full paper is J. Phys. C 6, 1181 (1973). Kosterlitz's renormalization-group equations: J. Phys. C 7, 1046 (1974). The universal-jump prediction, Nelson & Kosterlitz, PRL 39, 1201 (1977), was what Bishop & Reppy measured.",https://www.nobelprize.org/uploads/2018/06/advanced-physicsprize2016.pdf
2017,Barry C. Barish,decisive contributions to the LIGO detector and the observation of gravitational waves,1995,"B. C. Barish, 'An overview of LIGO', AIP Conf. Proc. 342, 479-486 (1995), doi:10.1063/1.48787",2016,"B. P. Abbott et al. (LIGO Scientific Collaboration & Virgo Collaboration; incl. B. C. Barish), 'Observation of Gravitational Waves from a Binary Black Hole Merger', Phys. Rev. Lett. 116(6), 061102 (2016), doi:10.1103/PhysRevLett.116.061102","Prize 1/4. The committee cites no Barish paper. His contribution was leadership: LIGO director from 1994 (until 2005), creator of the LIGO Scientific Collaboration in 1997, and the plan to build Initial LIGO and then Advanced LIGO. This is his earliest LIGO publication in INSPIRE (CAM-94 conference). Better-known overview: B. C. Barish & R. Weiss, 'LIGO and the Detection of Gravitational Waves', Physics Today 52(10), 44 (1999).",https://www.nobelprize.org/uploads/2018/06/advanced-physicsprize2017.pdf ; https://www.nobelprize.org/prizes/physics/2017/popular-information/ ; https://inspirehep.net (Barish LIGO papers before 2001)
2017,Kip S. Thorne,decisive contributions to the LIGO detector and the observation of gravitational waves,1972,"W. H. Press & K. S. Thorne, 'Gravitational-Wave Astronomy', Annu. Rev. Astron. Astrophys. 10, 335-374 (1972), doi:10.1146/annurev.aa.10.090172.002003",2016,"B. P. Abbott et al. (LIGO Scientific Collaboration & Virgo Collaboration; incl. K. S. Thorne), 'Observation of Gravitational Waves from a Binary Black Hole Merger', Phys. Rev. Lett. 116(6), 061102 (2016), doi:10.1103/PhysRevLett.116.061102","Prize 1/4. The committee cites no Thorne paper. It credits his 1970s theory of gravitational-wave sources and expected signals as 'decisive for the design and funding of LIGO', and his co-founding of LIGO in 1984 with Weiss and Drever. Press & Thorne 1972 is chosen as his first major paper on gravitational-wave sources and detection. Alternatives: Thorne, Rev. Mod. Phys. 52, 285 (1980); Thorne, 'Gravitational radiation' in 300 Years of Gravitation (1987); the founding LIGO paper Abramovici et al., Science 256, 325 (1992), co-authored with Weiss.",https://www.nobelprize.org/uploads/2018/06/advanced-physicsprize2017.pdf ; https://www.nobelprize.org/prizes/physics/2017/popular-information/ ; https://inspirehep.net
2017,Rainer Weiss,decisive contributions to the LIGO detector and the observation of gravitational waves,1972,"R. Weiss, 'Electromagnetically Coupled Broadband Gravitational Antenna', Quarterly Progress Report, Research Laboratory of Electronics, MIT, No. 105, 54-76 (1972) [LIGO-P720002]",2016,"B. P. Abbott et al. (LIGO Scientific Collaboration & Virgo Collaboration; incl. R. Weiss, K. S. Thorne, B. C. Barish), 'Observation of Gravitational Waves from a Binary Black Hole Merger', Phys. Rev. Lett. 116(6), 061102 (2016), doi:10.1103/PhysRevLett.116.061102",Prize 1/2. Committee ref [29]: an early study of an interferometric antenna and its noise sources. GW150914 was detected on 14 Sep 2015 and published on 11 Feb 2016. All three laureates are co-authors.,https://www.nobelprize.org/uploads/2018/06/advanced-physicsprize2017.pdf ; https://dcc-llo.ligo.org/public/0038/P720002/001/P720002-01.pdf
2018,Arthur Ashkin,for the optical tweezers and their application to biological systems,1970,"A. Ashkin, Acceleration and Trapping of Particles by Radiation Pressure, Phys. Rev. Lett. 24, 156 (1970)",1986,"A. Ashkin, J.M. Dziedzic, J.E. Bjorkholm, S. Chu, Observation of a single-beam gradient force optical trap for dielectric particles, Opt. Lett. 11, 288 (1986)","Half prize, own part. The committee calls the 1970 PRL an 'early milestone': radiation-pressure acceleration, the gradient force, and a two-beam 3D trap. The 1986 paper is 'the first to implement an all-optical single-beam trap', i.e. the optical tweezers. First biological applications: Ashkin & Dziedzic, Science 235, 1517 (1987) (viruses/bacteria) and Ashkin, Dziedzic & Yamane, Nature 330, 769 (1987). DOIs: 10.1103/PhysRevLett.24.156; 10.1364/OL.11.000288.","https://www.nobelprize.org/uploads/2018/10/advanced-physicsprize2018.pdf ; dates via Crossref (doi.org/10.1103/PhysRevLett.24.156, doi.org/10.1364/OL.11.000288)"
2018,Donna Strickland,"for their method of generating high-intensity, ultra-short optical pulses",1985,"D. Strickland, G. Mourou, Compression of amplified chirped optical pulses, Opt. Commun. 56, 219 (1985)",1985,"D. Strickland, G. Mourou, Compression of amplified chirped optical pulses, Opt. Commun. 56, 219 (1985)","Quarter prize; anchors shared with Mourou. The same 1985 paper is the invention and the first demonstration of CPA. TW-class follow-up: Maine et al., IEEE JQE 24, 398 (1988). DOI 10.1016/0030-4018(85)90120-8.",https://www.nobelprize.org/uploads/2018/10/advanced-physicsprize2018.pdf ; Crossref doi.org/10.1016/0030-4018(85)90120-8
2018,Gérard Mourou,"for their method of generating high-intensity, ultra-short optical pulses",1985,"D. Strickland, G. Mourou, Compression of amplified chirped optical pulses, Opt. Commun. 56, 219 (1985)",1985,"D. Strickland, G. Mourou, Compression of amplified chirped optical pulses, Opt. Commun. 56, 219 (1985)","Quarter prize; anchors shared with Strickland. The 1985 paper is both the invention of chirped pulse amplification (CPA) and its first experimental demonstration (fibre stretcher, Nd:glass regenerative amplifier, grating compressor; 2 ps, 1 mJ), so discovery = realization. First TW-class CPA: Maine, Strickland, Bado, Pessot & Mourou, IEEE J. Quantum Electron. 24, 398 (1988). DOI 10.1016/0030-4018(85)90120-8 (issue of Dec 1985).",https://www.nobelprize.org/uploads/2018/10/advanced-physicsprize2018.pdf ; Crossref doi.org/10.1016/0030-4018(85)90120-8
2019,Didier Queloz,for the discovery of an exoplanet orbiting a solar-type star,1995,"M. Mayor, D. Queloz, A Jupiter-mass companion to a solar-type star, Nature 378, 355 (1995)",1995,"M. Mayor, D. Queloz, A Jupiter-mass companion to a solar-type star, Nature 378, 355 (1995)","Quarter prize; anchors shared with Mayor. Observational discovery, so discovery = first observation (51 Peg b). Queloz also co-authored the ELODIE instrument paper, A&AS 119, 373 (1996). DOI 10.1038/378355a0.",https://www.nobelprize.org/uploads/2019/10/advanced-physicsprize2019.pdf ; Crossref doi.org/10.1038/378355a0
2019,James Peebles,for theoretical discoveries in physical cosmology,1965,"R.H. Dicke, P.J.E. Peebles, P.G. Roll, D.T. Wilkinson, Cosmic Black-Body Radiation, Astrophys. J. 142, 414 (1965)",1965,"A.A. Penzias, R.W. Wilson, A Measurement of Excess Antenna Temperature at 4080 Mc/s, Astrophys. J. 142, 419 (1965)","Half prize; pure theory, so the realization is the first observation the committee ties to Peebles' prediction of a ~10 K background: the CMB detection in the same ApJ issue (July 1965; Nobel 1978). The committee calls the 1965 Dicke et al. paper the 'landmark 1965 paper'. It calls Peebles' solo paper, The Black-Body Radiation Content of the Universe and the Formation of Galaxies, ApJ 142, 1317 (submitted Mar, published Nov 1965), the starting point of physical cosmology. Later anchors and their confirmations: Peebles & Yu, ApJ 162, 815 (1970), acoustic peaks (confirmed by BOOMERanG/MAXIMA, 2000). Peebles, ApJ 263, L1 (1982), cold dark matter with dT/T ~ 5e-6 (confirmed by COBE, Smoot et al., ApJ 396, L1, 1992). Peebles, ApJ 284, 439 (1984), cosmological constant. DOIs: 10.1086/148306; 10.1086/148307.","https://www.nobelprize.org/uploads/2019/10/advanced-physicsprize2019.pdf ; Crossref doi.org/10.1086/148306, doi.org/10.1086/148307"
2019,Michel Mayor,for the discovery of an exoplanet orbiting a solar-type star,1995,"M. Mayor, D. Queloz, A Jupiter-mass companion to a solar-type star, Nature 378, 355 (1995)",1995,"M. Mayor, D. Queloz, A Jupiter-mass companion to a solar-type star, Nature 378, 355 (1995)","Quarter prize; anchors shared with Queloz. This is an observational discovery, so discovery = first observation (received 29 Aug, published 23 Nov 1995). Enabling spectrograph: Baranne, Queloz, Mayor et al., ELODIE, A&AS 119, 373 (1996). Independent confirmation: Marcy & Butler (IAU Circ. 6251, 1995) and Marcy et al., ApJ 481, 926 (1997). DOI 10.1038/378355a0.",https://www.nobelprize.org/uploads/2019/10/advanced-physicsprize2019.pdf ; Crossref doi.org/10.1038/378355a0
2020,Andrea Ghez,for the discovery of a supermassive compact object at the centre of our galaxy,1998,"A.M. Ghez, B.L. Klein, M. Morris, E.E. Becklin, High Proper-Motion Stars in the Vicinity of Sagittarius A*: Evidence for a Supermassive Black Hole at the Center of Our Galaxy, Astrophys. J. 509, 678 (1998)",1996,"A. Eckart, R. Genzel, Observations of stellar proper motions near the Galactic Centre, Nature 383, 415 (1996)","Quarter prize. The discovery paper is Ghez's own first (Keck speckle proper motions). The realization is the first observation of the shared discovery, by co-laureate Genzel's group, so it predates her own paper. Her orbit paper cited by the committee: Ghez et al., ApJ 586, L127 (2003) (S0-2 = S2, alongside Schödel et al. 2002). DOIs: 10.1086/306528; 10.1038/383415a0.",https://www.nobelprize.org/uploads/2020/10/advanced-physicsprize2020.pdf ; Crossref doi.org/10.1086/306528
2020,Reinhard Genzel,for the discovery of a supermassive compact object at the centre of our galaxy,1996,"A. Eckart, R. Genzel, Observations of stellar proper motions near the Galactic Centre, Nature 383, 415 (1996)",1996,"A. Eckart, R. Genzel, Observations of stellar proper motions near the Galactic Centre, Nature 383, 415 (1996)","Quarter prize. Observational discovery, so discovery = first observation. These are the first NTT/SHARP stellar proper motions giving the v ~ r^-1/2 signature of a ~2.5e6 Msun point mass; extended in Eckart & Genzel, MNRAS 284, 576 (1997). The committee's section 'The discovery of a compact object' headlines the S2 orbit: Schödel et al., Nature 419, 694 (2002), with Ghez et al., ApJ 586, L127 (2003). Use 2002 if the decisive orbit paper is wanted. DOI 10.1038/383415a0.","https://www.nobelprize.org/uploads/2020/10/advanced-physicsprize2020.pdf ; Crossref doi.org/10.1038/383415a0, doi.org/10.1038/nature01121"
2020,Roger Penrose,for the discovery that black hole formation is a robust prediction of the general theory of relativity,1965,"R. Penrose, Gravitational Collapse and Space-Time Singularities, Phys. Rev. Lett. 14, 57 (1965)",1995,"M. Miyoshi, J. Moran, J. Herrnstein, L. Greenhill, N. Nakai, P. Diamond, M. Inoue, Evidence for a black hole from high rotation velocities in a sub-parsec region of NGC4258, Nature 373, 127 (1995)","Half prize, own part; pure theory (singularity theorem, trapped surfaces). Realization = the first observational confirmation the committee cites. It calls Miyoshi et al. 1995 'the first empirical claim that a dense stellar population could not account for the kinematic motion around a galactic centre'; it judged the earlier HST M87 disk (Ford et al., ApJ 435, L27, 1994) only 'very suggestive'. Alternatives: the co-laureates' Galactic-centre evidence starts with Eckart & Genzel 1996, and the committee's summary also names LIGO (2016) and the EHT image of M87* (2019). DOIs: 10.1103/PhysRevLett.14.57; 10.1038/373127a0.","https://www.nobelprize.org/uploads/2020/10/advanced-physicsprize2020.pdf ; Crossref doi.org/10.1103/PhysRevLett.14.57, doi.org/10.1038/373127a0"
2021,Giorgio Parisi,for the discovery of the interplay of disorder and fluctuations in physical systems from atomic to planetary scales,1979,"G. Parisi, Toward a mean field theory for spin glasses, Phys. Lett. A 73, 203 (1979)",2015,"N. Ghofraniha, I. Viola, F. Di Maria, G. Barbarella, G. Gigli, L. Leuzzi, C. Conti, Experimental evidence of replica symmetry breaking in random lasers, Nat. Commun. 6, 6058 (2015)","Half prize, own part; pure theory. The committee cites the two 1979 replica-symmetry-breaking papers: this one (issue of Sep 1979) and the canonical Infinite Number of Order Parameters for Spin-Glasses, PRL 43, 1754 (received Jun, published Dec 1979). Realization = the earliest experimental RSB evidence the committee cites (random lasers, 2015). Later cited evidence: Gomes et al. 2016, Tommasi et al. 2016, Pierangeli et al. 2017, and the colloidal marginal glass of Hammond & Corwin 2020. The rigorous proofs (Guerra 2003, Talagrand 2006) are not cited. DOIs: 10.1016/0375-9601(79)90708-4; 10.1038/ncomms7058.","https://www.nobelprize.org/uploads/2021/10/sciback_fy_en_21.pdf ; Crossref doi.org/10.1016/0375-9601(79)90708-4, doi.org/10.1038/ncomms7058; APS page for PRL 43, 1754"
2021,Klaus Hasselmann,"for the physical modelling of Earth's climate, quantifying variability and reliably predicting global warming",1976,"K. Hasselmann, Stochastic climate models Part I. Theory, Tellus 28, 473 (1976)",1996,"G.C. Hegerl, H. von Storch, K. Hasselmann, B.D. Santer, U. Cubasch, P.D. Jones, Detecting Greenhouse-Gas-Induced Climate Change with an Optimal Fingerprint Method, J. Climate 9, 2281 (1996)","Quarter prize. Fingerprint line cited by the committee: Hasselmann 1979, On the Signal-to-Noise Problem in Atmospheric Response Studies (Meteorology of Tropical Oceans, Roy. Meteorol. Soc., pp. 251-259); J. Climate 6, 1957 (1993); Clim. Dyn. 13, 601 (1997). Realization (shared with Manabe) = the first detection with his optimal fingerprint, 1996; the committee cites Hegerl et al., Clim. Dyn. 13, 613 (1997). The committee names Frankignoul & Hasselmann, Tellus 29, 289 (1977) as the first application of the stochastic model to climate data. Use 1977 if the realization of the stochastic model itself is wanted. DOIs: 10.1111/j.2153-3490.1976.tb00696.x; 10.1175/1520-0442(1996)009<2281:DGGICC>2.0.CO;2.",https://www.nobelprize.org/uploads/2021/10/sciback_fy_en_21.pdf ; Crossref doi.org/10.1111/j.2153-3490.1976.tb00696.x and the Hegerl 1996 DOI
2021,Syukuro Manabe,"for the physical modelling of Earth's climate, quantifying variability and reliably predicting global warming",1967,"S. Manabe, R.T. Wetherald, Thermal Equilibrium of the Atmosphere with a Given Distribution of Relative Humidity, J. Atmos. Sci. 24, 241 (1967)",1996,"G.C. Hegerl, H. von Storch, K. Hasselmann, B.D. Santer, U. Cubasch, P.D. Jones, Detecting Greenhouse-Gas-Induced Climate Change with an Optimal Fingerprint Method, J. Climate 9, 2281 (1996)","Quarter prize; Manabe shares the climate half with Hasselmann. The 1967 paper is the first to make the awarded prediction: the committee's 'key result', 2.3 C warming per CO2 doubling, also featured in the popular information. The committee's recognised models begin earlier with Manabe & Strickler, J. Atmos. Sci. 21, 361 (1964), the radiative-convective model. Use 1964 if the first modelling paper is wanted. They end with Manabe & Wetherald, J. Atmos. Sci. 32, 3 (1975), the first GCM CO2-doubling run. Realization (shared with Hasselmann) = the first optimal-fingerprint detection of greenhouse warming in observations; the committee itself cites the follow-up Hegerl et al., Clim. Dyn. 13, 613 (1997). DOIs: 10.1175/1520-0469(1967)024<0241:TEOTAW>2.0.CO;2; 10.1175/1520-0442(1996)009<2281:DGGICC>2.0.CO;2.",https://www.nobelprize.org/uploads/2021/10/sciback_fy_en_21.pdf ; https://www.nobelprize.org/prizes/physics/2021/popular-information/ ; Crossref for both DOIs
2022,Alain Aspect,"for experiments with entangled photons, establishing the violation of Bell inequalities and pioneering quantum information science",1976,"A. Aspect, Proposed experiment to test the nonseparability of quantum mechanics, Phys. Rev. D 14, 1944 (1976)",1972,"S.J. Freedman, J.F. Clauser, Experimental Test of Local Hidden-Variable Theories, Phys. Rev. Lett. 28, 938 (1972)","Joint prize. Aspect's first committee-cited paper is his 1976 proposal of the time-varying-analyser (locality) test. His own experiments: Aspect, Grangier & Roger, PRL 47, 460 (1981) and PRL 49, 91 (1982). The decisive one is Aspect, Dalibard & Roger, PRL 49, 1804 (1982). Use 1981 or 1982 for his own discovery or realization. The realization field holds the shared first experimental Bell violation with entangled photons, by co-laureate Clauser (1972), used for all three 2022 laureates. DOIs: 10.1103/PhysRevD.14.1944; 10.1103/PhysRevLett.28.938; 10.1103/PhysRevLett.49.1804.",https://www.nobelprize.org/prizes/physics/2022/advanced-information/ (PDF https://www.nobelprize.org/uploads/2026/05/advanced-physicsprize-2022-5.pdf) ; Crossref for DOIs
2022,Anton Zeilinger,"for experiments with entangled photons, establishing the violation of Bell inequalities and pioneering quantum information science",1989,"D.M. Greenberger, M.A. Horne, A. Zeilinger, Going beyond Bell's theorem, in Bell's Theorem, Quantum Theory and Conceptions of the Universe (ed. M. Kafatos, Kluwer, Dordrecht), pp. 69-72 (1989)",1972,"S.J. Freedman, J.F. Clauser, Experimental Test of Local Hidden-Variable Theories, Phys. Rev. Lett. 28, 938 (1972)","Joint prize. The GHZ prediction (book chapter, no DOI; arXiv:0712.0921) is Zeilinger's first committee-cited paper. His own experiments: first quantum teleportation, Bouwmeester et al., Nature 390, 575 (1997); entanglement swapping, Pan et al., PRL 80, 3891 (1998); Bell test under strict Einstein locality, Weihs et al., PRL 81, 5039 (1998); GHZ entanglement, Bouwmeester et al., PRL 82, 1345 (1999) and Pan et al., Nature 403, 515 (2000). The realization field holds the shared first Bell violation (1972). Use 1997 (teleportation, DOI 10.1038/37539) for the realization of his 'pioneering quantum information science' part.",https://www.nobelprize.org/prizes/physics/2022/advanced-information/ (PDF https://www.nobelprize.org/uploads/2026/05/advanced-physicsprize-2022-5.pdf) ; Crossref for DOIs
2022,John F. Clauser,"for experiments with entangled photons, establishing the violation of Bell inequalities and pioneering quantum information science",1969,"J.F. Clauser, M.A. Horne, A. Shimony, R.A. Holt, Proposed Experiment to Test Local Hidden-Variable Theories, Phys. Rev. Lett. 23, 880 (1969)",1972,"S.J. Freedman, J.F. Clauser, Experimental Test of Local Hidden-Variable Theories, Phys. Rev. Lett. 28, 938 (1972)","Joint prize. CHSH (1969) made Bell's inequality testable with existing technology. Freedman & Clauser (1972) was the first experimental violation (about 6 sigma, calcium-cascade photon pairs). This is also the earliest discovery paper among the 2022 laureates. DOIs: 10.1103/PhysRevLett.23.880; 10.1103/PhysRevLett.28.938.",https://www.nobelprize.org/prizes/physics/2022/advanced-information/ (PDF https://www.nobelprize.org/uploads/2026/05/advanced-physicsprize-2022-5.pdf) ; Crossref for DOIs
2023,Anne L'Huillier,for experimental methods that generate attosecond pulses of light for the study of electron dynamics in matter,1988,"M. Ferray, A. L'Huillier, X.F. Li, L.A. Lompré, G. Mainfray, C. Manus, Multiple-harmonic conversion of 1064 nm radiation in rare gases, J. Phys. B 21, L31 (1988)",2001,"P.M. Paul, E.S. Toma, P. Breger, G. Mullot, F. Augé, Ph. Balcou, H.G. Muller, P. Agostini, Observation of a Train of Attosecond Pulses from High Harmonic Generation, Science 292, 1689 (2001)","Joint prize. This paper shows the first clear high-harmonic plateau. The committee notes that attosecond pulses came '13 years after the first HHG spectra driven by an IR laser'; an earlier HHG observation without a plateau is McPherson et al. 1987. Follow-up theory: L'Huillier, Schafer & Kulander, J. Phys. B 24, 3315 (1991); Lewenstein et al., PRA 49, 2117 (1994); Antoine, L'Huillier & Lewenstein, PRL 77, 1234 (1996) (attosecond trains from HHG). Realization = the first attosecond pulses, by co-laureate Agostini's group (2001). DOIs: 10.1088/0953-4075/21/3/001; 10.1126/science.1059413.",https://www.nobelprize.org/uploads/2023/10/advanced-physicsprize2023-2.pdf ; Crossref doi.org/10.1088/0953-4075/21/3/001
2023,Ferenc Krausz,for experimental methods that generate attosecond pulses of light for the study of electron dynamics in matter,2001,"M. Hentschel, R. Kienberger, Ch. Spielmann, G.A. Reider, N. Milosevic, T. Brabec, P. Corkum, U. Heinzmann, M. Drescher, F. Krausz, Attosecond metrology, Nature 414, 509 (2001)",2001,"P.M. Paul, E.S. Toma, P. Breger, G. Mullot, F. Augé, Ph. Balcou, H.G. Muller, P. Agostini, Observation of a Train of Attosecond Pulses from High Harmonic Generation, Science 292, 1689 (2001)","Joint prize. Hentschel et al. produced the first isolated attosecond pulse (650 as, streaking; Nov 2001). The shared first realization is Paul et al. (June 2001), so both are 2001. Enabling Krausz-group work cited by the committee: Nisoli et al., Opt. Lett. 22, 522 (1997) (sub-5-fs hollow-fibre compression) and Spielmann et al., Science 278, 661 (1997) (HHG to about 300 eV with 5-fs pulses). DOIs: 10.1038/35107000; 10.1126/science.1059413.",https://www.nobelprize.org/uploads/2023/10/advanced-physicsprize2023-2.pdf ; Crossref doi.org/10.1038/35107000
2023,Pierre Agostini,for experimental methods that generate attosecond pulses of light for the study of electron dynamics in matter,2001,"P.M. Paul, E.S. Toma, P. Breger, G. Mullot, F. Augé, Ph. Balcou, H.G. Muller, P. Agostini, Observation of a Train of Attosecond Pulses from High Harmonic Generation, Science 292, 1689 (2001)",2001,"P.M. Paul, E.S. Toma, P. Breger, G. Mullot, F. Augé, Ph. Balcou, H.G. Muller, P. Agostini, Observation of a Train of Attosecond Pulses from High Harmonic Generation, Science 292, 1689 (2001)","Joint prize. This paper reported the first attosecond pulses (a 250-as train measured with RABBIT, June 2001), the shared first realization for all three 2023 laureates. Earlier Agostini work in the committee text is background or a step, not the awarded method: the discovery of above-threshold ionization, Agostini et al., PRL 42, 1127 (1979), and the two-colour step toward RABBIT, Schins et al., PRL 73, 2180 (1994). DOI 10.1126/science.1059413.",https://www.nobelprize.org/uploads/2023/10/advanced-physicsprize2023-2.pdf ; Crossref doi.org/10.1126/science.1059413
2024,Geoffrey E. Hinton,for foundational discoveries and inventions that enable machine learning with artificial neural networks,1983,"S.E. Fahlman, G.E. Hinton, T.J. Sejnowski, Massively Parallel Architectures for AI: NETL, Thistle, and Boltzmann Machines, Proceedings of AAAI-83 (National Conference on Artificial Intelligence), pp. 109-113 (1983)",1985,"D.H. Ackley, G.E. Hinton, T.J. Sejnowski, A Learning Algorithm for Boltzmann Machines, Cognitive Science 9, 147 (1985)","Half prize, own part (Boltzmann machine). The committee dates it to '1983-1985' (refs 23, 24). The 1983 AAAI paper introduces it; the 1985 paper gives the learning algorithm and its first working demonstrations (encoder problems) and is the canonical paper. Also in the committee text: backpropagation, Rumelhart, Hinton & Williams, Nature 323, 533 (1986); contrastive divergence for RBMs, Neural Comput. 14, 1771 (2002); RBM pre-training of deep belief nets, the 'milestone toward deep learning': Hinton, Osindero & Teh, Neural Comput. 18, 1527 (2006) and Hinton & Salakhutdinov, Science 313, 504 (2006). Use 2006 if the realization of deep learning is wanted. DOI (1985) 10.1207/s15516709cog0901_7.",https://www.nobelprize.org/uploads/2024/10/advanced-physicsprize2024-2.pdf ; https://www.cs.toronto.edu/~fritz/absps/fahlmanBM.pdf ; Crossref doi.org/10.1207/s15516709cog0901_7
2024,John J. Hopfield,for foundational discoveries and inventions that enable machine learning with artificial neural networks,1982,"J.J. Hopfield, Neural networks and physical systems with emergent collective computational abilities, Proc. Natl. Acad. Sci. USA 79, 2554 (1982)",1982,"J.J. Hopfield, Neural networks and physical systems with emergent collective computational abilities, Proc. Natl. Acad. Sci. USA 79, 2554 (1982)","Half prize, own part (Hopfield network). This is an invention demonstrated by simulation in the same paper (content-addressable memory recall), so discovery = realization, as with CPA in 2018. The committee cites no hardware implementation. Committee-cited follow-ups: the analog, electronic-circuit version, Hopfield, PNAS 81, 3088 (1984); the optimisation application, Hopfield & Tank, Biol. Cybern. 52, 141 (1985). Use 1985 if a separate technical application is wanted. DOI 10.1073/pnas.79.8.2554.",https://www.nobelprize.org/uploads/2024/10/advanced-physicsprize2024-2.pdf ; Crossref doi.org/10.1073/pnas.79.8.2554
2025,John Clarke,for the discovery of macroscopic quantum mechanical tunnelling and energy quantisation in an electric circuit,1985,"J.M. Martinis, M.H. Devoret, J. Clarke, Energy-Level Quantization in the Zero-Voltage State of a Current-Biased Josephson Junction, Phys. Rev. Lett. 55, 1543 (1985)",1985,"M.H. Devoret, J.M. Martinis, J. Clarke, Measurements of Macroscopic Quantum Tunneling out of the Zero-Voltage State of a Current-Biased Josephson Junction, Phys. Rev. Lett. 55, 1908 (1985)","Joint prize; anchors shared by all three laureates. This is an experimental discovery, and the two companion 1985 PRLs together are both the discovery and its first observation. The energy-quantisation paper came first (received 14 Jun, published 7 Oct 1985). The MQT paper matched Caldeira-Leggett theory with no fitted parameters (received 26 Jul, published 28 Oct 1985). The series opened with the resonant-activation method paper, Devoret, Martinis, Esteve & Clarke, PRL 53, 1260 (1984). The prediction is not by the laureates: Leggett 1978; Caldeira & Leggett, PRL 46, 211 (1981). Summary: Clarke et al., Science 239, 992 (1988). DOIs: 10.1103/PhysRevLett.55.1543; 10.1103/PhysRevLett.55.1908.",https://www.nobelprize.org/uploads/2025/10/advanced-physicsprize2025.pdf ; https://journals.aps.org/prl/abstract/10.1103/PhysRevLett.55.1543 ; https://journals.aps.org/prl/abstract/10.1103/PhysRevLett.55.1908
2025,John M. Martinis,for the discovery of macroscopic quantum mechanical tunnelling and energy quantisation in an electric circuit,1985,"J.M. Martinis, M.H. Devoret, J. Clarke, Energy-Level Quantization in the Zero-Voltage State of a Current-Biased Josephson Junction, Phys. Rev. Lett. 55, 1543 (1985)",1985,"M.H. Devoret, J.M. Martinis, J. Clarke, Measurements of Macroscopic Quantum Tunneling out of the Zero-Voltage State of a Current-Biased Josephson Junction, Phys. Rev. Lett. 55, 1908 (1985)","Joint prize; anchors shared with Clarke and Devoret. Martinis is first author of the energy-quantisation PRL, which was published first (7 Oct 1985). His later phase qubit (Martinis et al., PRL 89, 117901, 2002) is cited by the committee as a later development. DOIs: 10.1103/PhysRevLett.55.1543; 10.1103/PhysRevLett.55.1908.",https://www.nobelprize.org/uploads/2025/10/advanced-physicsprize2025.pdf ; https://journals.aps.org/prl/abstract/10.1103/PhysRevLett.55.1543 ; https://journals.aps.org/prl/abstract/10.1103/PhysRevLett.55.1908
2025,Michel H. Devoret,for the discovery of macroscopic quantum mechanical tunnelling and energy quantisation in an electric circuit,1985,"J.M. Martinis, M.H. Devoret, J. Clarke, Energy-Level Quantization in the Zero-Voltage State of a Current-Biased Josephson Junction, Phys. Rev. Lett. 55, 1543 (1985)",1985,"M.H. Devoret, J.M. Martinis, J. Clarke, Measurements of Macroscopic Quantum Tunneling out of the Zero-Voltage State of a Current-Biased Josephson Junction, Phys. Rev. Lett. 55, 1908 (1985)","Joint prize; anchors shared with Clarke and Martinis (the companion 1985 PRLs: energy quantisation published 7 Oct, MQT 28 Oct 1985). Devoret was first author of the 1984 resonant-activation paper, PRL 53, 1260, and of the MQT paper. DOIs: 10.1103/PhysRevLett.55.1543; 10.1103/PhysRevLett.55.1908.",https://www.nobelprize.org/uploads/2025/10/advanced-physicsprize2025.pdf ; https://journals.aps.org/prl/abstract/10.1103/PhysRevLett.55.1543 ; https://journals.aps.org/prl/abstract/10.1103/PhysRevLett.55.1908
